puzzle,old_name,old_key,current_name,proposed_name,effect_name,moved_count,orientation_count,move_count,collision_size,moves
rubiks-7,BigQA,BigQA#00,CtrCore4[D>R>U>L]+CtrObl32p[4x8]+CtrPlus32p[4x8]+CtrX32p[4x8]+EAll2s[UL<>UR],CtrCore4[D>R>U>L]+CtrObl32p[4x8]+CtrPlus32p[4x8]+CtrX32p[4x8]+EAll2s[UL<>UR],CtrCore4[D>R>U>L]+CtrObl32p[4x8]+CtrPlus32p[4x8]+CtrX32p[4x8]+EAll2s[UL<>UR],102,0,29,1,z' L2 F B' U' B D B D' F B' L B' L' F' R F R' F2 R2 F B U F' U' B' R2 F U'
rubiks-7,BigQB,BigQB#00,CtrCore4[D>R>U>L]+CtrObl32p[4x8]+CtrPlus32p[4x8]+CtrX32p[4x8]+EAll2[UL>RU],CtrCore4[D>R>U>L]+CtrObl32p[4x8]+CtrPlus32p[4x8]+CtrX32p[4x8]+EAll2[UL>RU],CtrCore4[D>R>U>L]+CtrObl32p[4x8]+CtrPlus32p[4x8]+CtrX32p[4x8]+EAll2[UL>RU],102,2,15,1,R' F' D' B' D B' F L' B L B R B' F z'
rubiks-7,BigQC00,BigQC00#00,CtrCore4[D>R>U>L]+CtrObl32p[4x8]+CtrPlus32p[4x8]+CtrX32p[4x8]+EAll2s[UF<>UR],CtrCore4[D>R>U>L]+CtrObl32p[4x8]+CtrPlus32p[4x8]+CtrX32p[4x8]+EAll2s[UF<>UR],CtrCore4[D>R>U>L]+CtrObl32p[4x8]+CtrPlus32p[4x8]+CtrX32p[4x8]+EAll2s[UF<>UR],102,0,19,1,F' L' R' F' D' B' D B' F L' B L B R B' F z' L F
rubiks-7,BigQC01,BigQC01#00,CtrCore4[D>L>U>R]+CtrObl32p[4x8]+CtrPlus32p[4x8]+CtrX32p[4x8]+EAll2s[UF<>UR],CtrCore4[D>L>U>R]+CtrObl32p[4x8]+CtrPlus32p[4x8]+CtrX32p[4x8]+EAll2s[UF<>UR],CtrCore4[D>L>U>R]+CtrObl32p[4x8]+CtrPlus32p[4x8]+CtrX32p[4x8]+EAll2s[UF<>UR],102,0,19,1,F' L' z F' B R' B' L' B' L F' B D' B D F R L F
rubiks-7,BigQD00,BigQD00#00,CtrCore4[D>R>U>L]+CtrObl32p[4x8]+CtrPlus32p[4x8]+CtrX32p[4x8]+EAll2s[RF<>UR],CtrCore4[D>R>U>L]+CtrObl32p[4x8]+CtrPlus32p[4x8]+CtrX32p[4x8]+EAll2s[RF<>UR],CtrCore4[D>R>U>L]+CtrObl32p[4x8]+CtrPlus32p[4x8]+CtrX32p[4x8]+EAll2s[RF<>UR],102,0,19,1,F2 L' R' F' D' B' D B' F L' B L B R B' F z' L F2
rubiks-7,BigQD01,BigQD01#00,CtrCore4[D>L>U>R]+CtrObl32p[4x8]+CtrPlus32p[4x8]+CtrX32p[4x8]+EAll2s[RF<>UR],CtrCore4[D>L>U>R]+CtrObl32p[4x8]+CtrPlus32p[4x8]+CtrX32p[4x8]+EAll2s[RF<>UR],CtrCore4[D>L>U>R]+CtrObl32p[4x8]+CtrPlus32p[4x8]+CtrX32p[4x8]+EAll2s[RF<>UR],102,0,19,1,F2 L' z F' B R' B' L' B' L F' B D' B D F R L F2
rubiks-7,BigQE00,BigQE00#00,CtrCore4[D>R>U>L]+CtrObl32p[4x8]+CtrPlus32p[4x8]+CtrX32p[4x8]+EAll2s[DF<>UR],CtrCore4[D>R>U>L]+CtrObl32p[4x8]+CtrPlus32p[4x8]+CtrX32p[4x8]+EAll2s[DF<>UR],CtrCore4[D>R>U>L]+CtrObl32p[4x8]+CtrPlus32p[4x8]+CtrX32p[4x8]+EAll2s[DF<>UR],102,0,19,1,F L' R' F' D' B' D B' F L' B L B R B' F z' L F'
rubiks-7,BigQE01,BigQE01#00,CtrCore4[D>L>U>R]+CtrObl32p[4x8]+CtrPlus32p[4x8]+CtrX32p[4x8]+EAll2s[DF<>UR],CtrCore4[D>L>U>R]+CtrObl32p[4x8]+CtrPlus32p[4x8]+CtrX32p[4x8]+EAll2s[DF<>UR],CtrCore4[D>L>U>R]+CtrObl32p[4x8]+CtrPlus32p[4x8]+CtrX32p[4x8]+EAll2s[DF<>UR],102,0,19,1,F L' z F' B R' B' L' B' L F' B D' B D F R L F'
rubiks-7,BigQF00,BigQF00#00,CtrCore4[D>R>U>L]+CtrObl32p[4x8]+CtrPlus32p[4x8]+CtrX32p[4x8]+EAll2[FL>RU],CtrCore4[D>R>U>L]+CtrObl32p[4x8]+CtrPlus32p[4x8]+CtrX32p[4x8]+EAll2[FL>RU],CtrCore4[D>R>U>L]+CtrObl32p[4x8]+CtrPlus32p[4x8]+CtrX32p[4x8]+EAll2[FL>RU],102,2,17,1,L' R' F' D' B' D B' F L' B L B R B' F z' L
rubiks-7,BigQF01,BigQF01#00,CtrCore4[D>L>U>R]+CtrObl32p[4x8]+CtrPlus32p[4x8]+CtrX32p[4x8]+EAll2[FL>RU],CtrCore4[D>L>U>R]+CtrObl32p[4x8]+CtrPlus32p[4x8]+CtrX32p[4x8]+EAll2[FL>RU],CtrCore4[D>L>U>R]+CtrObl32p[4x8]+CtrPlus32p[4x8]+CtrX32p[4x8]+EAll2[FL>RU],102,2,17,1,L' z F' B R' B' L' B' L F' B D' B D F R L
rubiks-7,BigQG,BigQG#00,CtrCore4[D>R>U>L]+CtrObl32p[4x8]+CtrPlus32p[4x8]+CtrX32p[4x8]+EAll2s[DL<>UR],CtrCore4[D>R>U>L]+CtrObl32p[4x8]+CtrPlus32p[4x8]+CtrX32p[4x8]+EAll2s[DL<>UR],CtrCore4[D>R>U>L]+CtrObl32p[4x8]+CtrPlus32p[4x8]+CtrX32p[4x8]+EAll2s[DL<>UR],102,0,28,1,F L' U' F U F2 R' F D' B' D B' F L' B L B F2 R F' B' F2 z' L D F' D' F
rubiks-7,BigQH,BigQH#00,CtrCore4[D>R>U>L]+CtrObl32p[4x8]+CtrPlus32p[4x8]+CtrX32p[4x8]+EAll2[DL>RU],CtrCore4[D>R>U>L]+CtrObl32p[4x8]+CtrPlus32p[4x8]+CtrX32p[4x8]+EAll2[DL>RU],CtrCore4[D>R>U>L]+CtrObl32p[4x8]+CtrPlus32p[4x8]+CtrX32p[4x8]+EAll2[DL>RU],102,2,17,1,L2 R' F' D' B' D B' F L' B L B R B' F z' L2
rubiks-7,BigRA,BigRA#00,C2[UBR>RFU]+CtrCore4[D>R>U>L]+CtrObl32p[16x2]+CtrPlus32p[16x2]+CtrX32p[16x2],C2[UBR>RFU]+CtrCore4[D>R>U>L]+CtrObl32p[16x2]+CtrPlus32p[16x2]+CtrX32p[16x2],C2[UBR>RFU]+CtrCore4[D>R>U>L]+CtrObl32p[16x2]+CtrPlus32p[16x2]+CtrX32p[16x2],102,2,33,1,U' F' U' F z' B' U F U R' F B' D B D B' D' B F' R B R' B' U2 L U L' U B2 D' R D B2
rubiks-7,BigRB,BigRB#00,C2s[UBR<>UFL]+CtrCore4[D>R>U>L]+CtrObl32p[16x2]+CtrPlus32p[16x2]+CtrX32p[16x2],C2s[UBR<>UFL]+CtrCore4[D>R>U>L]+CtrObl32p[16x2]+CtrPlus32p[16x2]+CtrX32p[16x2],C2s[UBR<>UFL]+CtrCore4[D>R>U>L]+CtrObl32p[16x2]+CtrPlus32p[16x2]+CtrX32p[16x2],102,0,31,1,U' z' L' F' B' F2 U' F' B L' D2 L2 B' F U' L F' L F2 R' F R F L F' R2 F L' F' R2 F2
rubiks-7,BigRF,BigRF#00,C2[DFR>BRU]+CtrCore4[D>R>U>L]+CtrObl32p[16x2]+CtrPlus32p[16x2]+CtrX32p[16x2],C2[DFR>BRU]+CtrCore4[D>R>U>L]+CtrObl32p[16x2]+CtrPlus32p[16x2]+CtrX32p[16x2],C2[DFR>BRU]+CtrCore4[D>R>U>L]+CtrObl32p[16x2]+CtrPlus32p[16x2]+CtrX32p[16x2],102,2,33,1,U' F' U' z' F B' U F U R' B' F D F' B D B' D' B R B R' B' U2 L U L' U B2 D' R D B2
rubiks-7,BigRJ00,BigRJ00#00,C2[DRB>LUF]+CtrCore4[D>R>U>L]+CtrObl32p[16x2]+CtrPlus32p[16x2]+CtrX32p[16x2],C2[DRB>LUF]+CtrCore4[D>R>U>L]+CtrObl32p[16x2]+CtrPlus32p[16x2]+CtrX32p[16x2],C2[DRB>LUF]+CtrCore4[D>R>U>L]+CtrObl32p[16x2]+CtrPlus32p[16x2]+CtrX32p[16x2],102,2,35,1,L' F' U' B' U F B' R' B R B L B' F z' D L D' L' F' D' F' D2 R' D2 R F2 R2 U L' U' R2 U L U'
rubiks-7,BigRJ01,BigRJ01#00,C2s[DLF<>UBR]+CtrCore4[D>R>U>L]+CtrObl32p[16x2]+CtrPlus32p[16x2]+CtrX32p[16x2],C2s[DLF<>UBR]+CtrCore4[D>R>U>L]+CtrObl32p[16x2]+CtrPlus32p[16x2]+CtrX32p[16x2],C2s[DLF<>UBR]+CtrCore4[D>R>U>L]+CtrObl32p[16x2]+CtrPlus32p[16x2]+CtrX32p[16x2],102,0,43,1,F2 R' F D2 B' L B D2 F L' F R F' L z' L2 F B' U' B D B D' F B' L B' L' F' R F R' F2 R2 F B U F' U' B' R2 F U'
rubiks-7,BigRJ02,BigRJ02#00,C2[DRB>FLU]+CtrCore4[D>R>U>L]+CtrObl32p[16x2]+CtrPlus32p[16x2]+CtrX32p[16x2],C2[DRB>FLU]+CtrCore4[D>R>U>L]+CtrObl32p[16x2]+CtrPlus32p[16x2]+CtrX32p[16x2],C2[DRB>FLU]+CtrCore4[D>R>U>L]+CtrObl32p[16x2]+CtrPlus32p[16x2]+CtrX32p[16x2],102,2,35,1,U B R F R' F B' D F' D' F' U' B' F U' z' U' L U B L' B' U' F U' F' U2 L' U R' U' L U R U'
rubiks-7,BigRK,BigRK#00,C2[UFL>RFU]+CtrCore4[D>R>U>L]+CtrObl32p[16x2]+CtrPlus32p[16x2]+CtrX32p[16x2],C2[UFL>RFU]+CtrCore4[D>R>U>L]+CtrObl32p[16x2]+CtrPlus32p[16x2]+CtrX32p[16x2],C2[UFL>RFU]+CtrCore4[D>R>U>L]+CtrObl32p[16x2]+CtrPlus32p[16x2]+CtrX32p[16x2],102,2,36,1,U B R F R' B' F D F' D' F' U' F B' z' L U L' U' F' L F U B' U B U2 R2 B2 R F2 R' B2 R F2 R
rubiks-7,C2[DFR>BRU]+CtrCore4[D>L>U>R]~v01,C2[DFR>BRU]+CtrCore4[D>L>U>R]~v01#00,C2[DFR>BRU]+CtrCore4[D>L>U>R]~v01,C2[DFR>BRU]+CtrCore4[D>L>U>R]~v01,C2[DFR>BRU]+CtrCore4[D>L>U>R],78,2,39,2,2F2 3F2 R2 U2 2F2 3F2 U2 R2 2F2 3F2 R' F D2 B' L B D2 F2 R F S D S D' S D' S D S2 D' S D2 L2 S' D' S' D L2 D'
rubiks-7,C2[DFR>BRU]+CtrCore4[D>L>U>R]~v02,C2[DFR>BRU]+CtrCore4[D>L>U>R]~v02#00,C2[DFR>BRU]+CtrCore4[D>L>U>R]~v02,C2[DFR>BRU]+CtrCore4[D>L>U>R]~v02,C2[DFR>BRU]+CtrCore4[D>L>U>R],78,2,39,2,2F2 3F2 R2 U2 2F2 3F2 U2 R2 2F2 3F2 F' R' F2 D2 B' L' B D2 F' R S D S D' S D' S D S2 D' S D2 L2 S' D' S' D L2 D'
rubiks-7,C2[DFR>FRD;ULB>BUL],C2[DFR>FRD;ULB>BUL]#00,C2[DFR>FRD;ULB>BUL],C2[DFR>FRD;ULB>BUL],C2[DFR>FRD;ULB>BUL],2,2,12,1,R U2 R' B D2 B' R U2 R' B D2 B'
rubiks-7,C2[DRB>FLU]+CtrCore4[D>L>U>R]~v01,C2[DRB>FLU]+CtrCore4[D>L>U>R]~v01#00,C2[DRB>FLU]+CtrCore4[D>L>U>R]~v01,C2[DRB>FLU]+CtrCore4[D>L>U>R]~v01,C2[DRB>FLU]+CtrCore4[D>L>U>R],66,2,45,2,B2 L2 D2 F2 D2 L2 B' U2 L2 D F D' L2 U B' U' 2F2 3F2 R2 U2 2F2 3F2 U2 R2 2F2 3F2 S D S D' S D' S D S2 D' S D2 L2 S' D' S' D L2 D'
rubiks-7,C2[DRB>FLU]+CtrCore4[D>L>U>R]~v02,C2[DRB>FLU]+CtrCore4[D>L>U>R]~v02#00,C2[DRB>FLU]+CtrCore4[D>L>U>R]~v02,C2[DRB>FLU]+CtrCore4[D>L>U>R]~v02,C2[DRB>FLU]+CtrCore4[D>L>U>R],66,2,45,2,U B U' L2 D F' D' L2 U2 B L2 D2 F2 D2 L2 B2 2F2 3F2 R2 U2 2F2 3F2 U2 R2 2F2 3F2 S D S D' S D' S D S2 D' S D2 L2 S' D' S' D L2 D'
rubiks-7,C2[DRB>LUF]+CtrCore4[D>L>U>R]~v01,C2[DRB>LUF]+CtrCore4[D>L>U>R]~v01#00,C2[DRB>LUF]+CtrCore4[D>L>U>R]~v01,C2[DRB>LUF]+CtrCore4[D>L>U>R]~v01,C2[DRB>LUF]+CtrCore4[D>L>U>R],62,2,40,2,B2 L' B2 D2 F' R' F D2 B' L B 2F2 3F2 R2 U2 2F2 3F2 U2 R2 2F2 3F2 S D S D' S D' S D S2 D' S D2 L2 S' D' S' D L2 D'
rubiks-7,C2[DRB>LUF]+CtrCore4[D>L>U>R]~v02,C2[DRB>LUF]+CtrCore4[D>L>U>R]~v02#00,C2[DRB>LUF]+CtrCore4[D>L>U>R]~v02,C2[DRB>LUF]+CtrCore4[D>L>U>R]~v02,C2[DRB>LUF]+CtrCore4[D>L>U>R],62,2,40,2,B' L' B D2 F' R F D2 B2 L B2 2F2 3F2 R2 U2 2F2 3F2 U2 R2 2F2 3F2 S D S D' S D' S D S2 D' S D2 L2 S' D' S' D L2 D'
rubiks-7,C2[UBR>BRU;ULB>BUL],C2[UBR>BRU;ULB>BUL]#00,C2[UBR>BRU;ULB>BUL],C2[UBR>BRU;ULB>BUL],C2[UBR>BRU;ULB>BUL],2,2,13,1,R' U2 R' B D2 B' R U2 R' B D2 B' R2
rubiks-7,C2[UBR>FUR]+CtrCore4[D>L>U>R]~v01,C2[UBR>FUR]+CtrCore4[D>L>U>R]~v01#00,C2[UBR>FUR]+CtrCore4[D>L>U>R]~v01,C2[UBR>FUR]+CtrCore4[D>L>U>R]~v01,C2[UBR>FUR]+CtrCore4[D>L>U>R],66,2,44,2,2F2 3F2 R2 U2 2F2 3F2 U2 R2 2F2 3F2 U2 B' U2 B U2 D2 R' B' R D2 L' F L' F' L2 S D S D' S D' S D S2 D' S D2 L2 S' D' S' D L2 D'
rubiks-7,C2[UBR>FUR]+CtrCore4[D>L>U>R]~v02,C2[UBR>FUR]+CtrCore4[D>L>U>R]~v02#00,C2[UBR>FUR]+CtrCore4[D>L>U>R]~v02,C2[UBR>FUR]+CtrCore4[D>L>U>R]~v02,C2[UBR>FUR]+CtrCore4[D>L>U>R],66,2,44,2,2F2 3F2 R2 U2 2F2 3F2 U2 R2 2F2 3F2 U2 B' U2 B U2 D2 R' B' R D2 L' F L' F' L2 S D S D' S D' S D S2 D' S D2 L2 S' D' S' D L2 D'
rubiks-7,C2[UBR>RFU]+CtrCore4[D>L>U>R]~v01,C2[UBR>RFU]+CtrCore4[D>L>U>R]~v01#00,C2[UBR>RFU]+CtrCore4[D>L>U>R]~v01,C2[UBR>RFU]+CtrCore4[D>L>U>R]~v01,C2[UBR>RFU]+CtrCore4[D>L>U>R],78,2,39,2,F R' F D2 B' L B D2 F2 R 2F2 3F2 R2 U2 2F2 3F2 U2 R2 2F2 3F2 S D S D' S D' S D S2 D' S D2 L2 S' D' S' D L2 D'
rubiks-7,C2[UBR>RFU]+CtrCore4[D>L>U>R]~v02,C2[UBR>RFU]+CtrCore4[D>L>U>R]~v02#00,C2[UBR>RFU]+CtrCore4[D>L>U>R]~v02,C2[UBR>RFU]+CtrCore4[D>L>U>R]~v02,C2[UBR>RFU]+CtrCore4[D>L>U>R],78,2,39,2,R' F2 D2 B' L' B D2 F' R F' 2F2 3F2 R2 U2 2F2 3F2 U2 R2 2F2 3F2 S D S D' S D' S D S2 D' S D2 L2 S' D' S' D L2 D'
rubiks-7,C2[ULB>BUL;URF>RFU],C2[ULB>BUL;URF>RFU]#00,C2[ULB>BUL;URF>RFU],C2[ULB>BUL;URF>RFU],C2[ULB>BUL;URF>RFU],2,2,12,1,U2 R' B D2 B' R U2 R' B D2 B' R
rubiks-7,C2s[DLF<>UBR]+CtrCore4[D>L>U>R]~v01,C2s[DLF<>UBR]+CtrCore4[D>L>U>R]~v01#00,C2s[DLF<>UBR]+CtrCore4[D>L>U>R]~v01,C2s[DLF<>UBR]+CtrCore4[D>L>U>R]~v01,C2s[DLF<>UBR]+CtrCore4[D>L>U>R],78,0,43,2,F2 R' F D2 B' L B D2 F L' F R F' L 2F2 3F2 R2 U2 2F2 3F2 U2 R2 2F2 3F2 S D S D' S D' S D S2 D' S D2 L2 S' D' S' D L2 D'
rubiks-7,C2s[DLF<>UBR]+CtrCore4[D>L>U>R]~v02,C2s[DLF<>UBR]+CtrCore4[D>L>U>R]~v02#00,C2s[DLF<>UBR]+CtrCore4[D>L>U>R]~v02,C2s[DLF<>UBR]+CtrCore4[D>L>U>R]~v02,C2s[DLF<>UBR]+CtrCore4[D>L>U>R],78,0,43,2,L' F R' F' L F' D2 B' L' B D2 F' R F2 2F2 3F2 R2 U2 2F2 3F2 U2 R2 2F2 3F2 S D S D' S D' S D S2 D' S D2 L2 S' D' S' D L2 D'
rubiks-7,C2s[UBR<>UFL]+CtrCore4[D>L>U>R]~v01,C2s[UBR<>UFL]+CtrCore4[D>L>U>R]~v01#00,C2s[UBR<>UFL]+CtrCore4[D>L>U>R]~v01,C2s[UBR<>UFL]+CtrCore4[D>L>U>R]~v01,C2s[UBR<>UFL]+CtrCore4[D>L>U>R],78,0,43,2,2F2 3F2 R2 U2 2F2 3F2 U2 R2 2F2 3F2 L2 F2 U2 L' U2 L2 F2 L' U2 L2 U2 F2 L' F2 S D S D' S D' S D S2 D' S D2 L2 S' D' S' D L2 D'
rubiks-7,C2s[UBR<>UFL]+CtrCore4[D>L>U>R]~v02,C2s[UBR<>UFL]+CtrCore4[D>L>U>R]~v02#00,C2s[UBR<>UFL]+CtrCore4[D>L>U>R]~v02,C2s[UBR<>UFL]+CtrCore4[D>L>U>R]~v02,C2s[UBR<>UFL]+CtrCore4[D>L>U>R],78,0,43,2,2F2 3F2 R2 U2 2F2 3F2 U2 R2 2F2 3F2 F2 L F2 U2 L2 U2 L F2 L2 U2 L U2 F2 L2 S D S D' S D' S D S2 D' S D2 L2 S' D' S' D L2 D'
rubiks-7,C3[DFR>BRU>FLU],C3[DFR>BRU>FLU]#00,C3[DFR>BRU>FLU],C3[DFR>BRU>FLU],C3[DFR>BRU>FLU],3,2,8,1,B' D B U2 B' D' B U2
rubiks-7,C3[DFR>BRU>LUF],C3[DFR>BRU>LUF]#00,C3[DFR>BRU>LUF],C3[DFR>BRU>LUF],C3[DFR>BRU>LUF],3,3,11,1,U' F' U B U' F' U B' U' F2 U
rubiks-7,C3[DFR>FLU>BRU],C3[DFR>FLU>BRU]#00,C3[DFR>FLU>BRU],C3[DFR>FLU>BRU],C3[DFR>FLU>BRU],3,2,8,1,U2 B' D B U2 B' D' B
rubiks-7,C3[DFR>FLU>RUB]~v01,C3[DFR>FLU>RUB]~v01#00,C3[DFR>FLU>RUB]~v01,C3[DFR>FLU>RUB]~v01,C3[DFR>FLU>RUB],3,3,11,2,D' F' D B' D' F' D B D' F2 D
rubiks-7,C3[DFR>FLU>RUB]~v02,C3[DFR>FLU>RUB]~v02#00,C3[DFR>FLU>RUB]~v02,C3[DFR>FLU>RUB]~v02,C3[DFR>FLU>RUB],3,3,11,2,U F' U B U' F' U B' U' F2 U'
rubiks-7,C3[DFR>FRD;UBR>BRU;UFL>FLU],C3[DFR>FRD;UBR>BRU;UFL>FLU]#00,C3[DFR>FRD;UBR>BRU;UFL>FLU],C3[DFR>FRD;UBR>BRU;UFL>FLU],C3[DFR>FRD;UBR>BRU;UFL>FLU],3,3,15,1,R2 B L' B2 U F' U' B U F U' R2 B L B'
rubiks-7,C3[DFR>LUF>BRU],C3[DFR>LUF>BRU]#00,C3[DFR>LUF>BRU],C3[DFR>LUF>BRU],C3[DFR>LUF>BRU],3,3,11,1,U' F2 U B U' F U B' U' F U
rubiks-7,C3[DFR>RDF;UBR>RUB;UFL>LUF],C3[DFR>RDF;UBR>RUB;UFL>LUF]#00,C3[DFR>RDF;UBR>RUB;UFL>LUF],C3[DFR>RDF;UBR>RUB;UFL>LUF],C3[DFR>RDF;UBR>RUB;UFL>LUF],3,3,15,1,B L' B' R2 U F' U' B' U F U' B2 L B' R2
rubiks-7,C3[DFR>RUB>FLU]~v01,C3[DFR>RUB>FLU]~v01#00,C3[DFR>RUB>FLU]~v01,C3[DFR>RUB>FLU]~v01,C3[DFR>RUB>FLU],3,3,11,2,D' F2 D B' D' F D B D' F D
rubiks-7,C3[DFR>RUB>FLU]~v02,C3[DFR>RUB>FLU]~v02#00,C3[DFR>RUB>FLU]~v02,C3[DFR>RUB>FLU]~v02,C3[DFR>RUB>FLU],3,3,11,2,U F2 U B U' F U B' U' F U'
rubiks-7,C3[DFR>UBR>UFL]~v01,C3[DFR>UBR>UFL]~v01#00,C3[DFR>UBR>UFL]~v01,C3[DFR>UBR>UFL]~v01,C3[DFR>UBR>UFL],3,0,12,2,R U2 R' U2 R' F2 R U2 R U2 R' F2
rubiks-7,C3[DFR>UBR>UFL]~v02,C3[DFR>UBR>UFL]~v02#00,C3[DFR>UBR>UFL]~v02,C3[DFR>UBR>UFL]~v02,C3[DFR>UBR>UFL],3,0,12,2,F2 U' R2 U R2 D R2 D' R2 D' F2 D
rubiks-7,C3[DFR>UFL>UBR]~v01,C3[DFR>UFL>UBR]~v01#00,C3[DFR>UFL>UBR]~v01,C3[DFR>UFL>UBR]~v01,C3[DFR>UFL>UBR],3,0,12,2,F2 R U2 R' U2 R' F2 R U2 R U2 R'
rubiks-7,C3[DFR>UFL>UBR]~v02,C3[DFR>UFL>UBR]~v02#00,C3[DFR>UFL>UBR]~v02,C3[DFR>UFL>UBR]~v02,C3[DFR>UFL>UBR],3,0,12,2,D' F2 D R2 D R2 D' R2 U' R2 U F2
rubiks-7,C3[DRB>BRU>FLU]~v01,C3[DRB>BRU>FLU]~v01#00,C3[DRB>BRU>FLU]~v01,C3[DRB>BRU>FLU]~v01,C3[DRB>BRU>FLU],3,2,8,2,R D R' U2 R D' R' U2
rubiks-7,C3[DRB>BRU>FLU]~v02,C3[DRB>BRU>FLU]~v02#00,C3[DRB>BRU>FLU]~v02,C3[DRB>BRU>FLU]~v02,C3[DRB>BRU>FLU],3,2,8,2,U2 F' D2 F U2 F' D2 F
rubiks-7,C3[DRB>BRU>LUF],C3[DRB>BRU>LUF]#00,C3[DRB>BRU>LUF],C3[DRB>BRU>LUF],C3[DRB>BRU>LUF],3,3,8,1,R F2 R' B' R F2 R' B
rubiks-7,C3[DRB>BRU>UFL]~v01,C3[DRB>BRU>UFL]~v01#00,C3[DRB>BRU>UFL]~v01,C3[DRB>BRU>UFL]~v01,C3[DRB>BRU>UFL],3,2,8,2,B R' F R B' R' F' R
rubiks-7,C3[DRB>BRU>UFL]~v02,C3[DRB>BRU>UFL]~v02#00,C3[DRB>BRU>UFL]~v02,C3[DRB>BRU>UFL]~v02,C3[DRB>BRU>UFL],3,2,8,2,D' F2 D B' D' F2 D B
rubiks-7,C3[DRB>FLU>BRU]~v01,C3[DRB>FLU>BRU]~v01#00,C3[DRB>FLU>BRU]~v01,C3[DRB>FLU>BRU]~v01,C3[DRB>FLU>BRU],3,2,8,2,U2 R D R' U2 R D' R'
rubiks-7,C3[DRB>FLU>BRU]~v02,C3[DRB>FLU>BRU]~v02#00,C3[DRB>FLU>BRU]~v02,C3[DRB>FLU>BRU]~v02,C3[DRB>FLU>BRU],3,2,8,2,F' D2 F U2 F' D2 F U2
rubiks-7,C3[DRB>LUF>BRU],C3[DRB>LUF>BRU]#00,C3[DRB>LUF>BRU],C3[DRB>LUF>BRU],C3[DRB>LUF>BRU],3,3,8,1,B' R F2 R' B R F2 R'
rubiks-7,C3[DRB>LUF>UBR],C3[DRB>LUF>UBR]#00,C3[DRB>LUF>UBR],C3[DRB>LUF>UBR],C3[DRB>LUF>UBR],3,2,9,1,D' R2 D' L D R2 D' L' D2
rubiks-7,C3[DRB>RBD;UBR>BRU;UFL>FLU],C3[DRB>RBD;UBR>BRU;UFL>FLU]#00,C3[DRB>RBD;UBR>BRU;UFL>FLU],C3[DRB>RBD;UBR>BRU;UFL>FLU],C3[DRB>RBD;UBR>BRU;UFL>FLU],3,3,15,1,R' F R B R' F' R B2 D' B U2 B' D B U2
rubiks-7,C3[DRB>UBR>LUF],C3[DRB>UBR>LUF]#00,C3[DRB>UBR>LUF],C3[DRB>UBR>LUF],C3[DRB>UBR>LUF],3,2,9,1,D2 L D R2 D' L' D R2 D
rubiks-7,C3[DRB>UBR>UFL],C3[DRB>UBR>UFL]#00,C3[DRB>UBR>UFL],C3[DRB>UBR>UFL],C3[DRB>UBR>UFL],3,0,12,1,B2 U B2 U R2 U' B2 U' B2 U R2 U'
rubiks-7,C3[DRB>UFL>BRU]~v01,C3[DRB>UFL>BRU]~v01#00,C3[DRB>UFL>BRU]~v01,C3[DRB>UFL>BRU]~v01,C3[DRB>UFL>BRU],3,2,8,2,R' F R B R' F' R B'
rubiks-7,C3[DRB>UFL>BRU]~v02,C3[DRB>UFL>BRU]~v02#00,C3[DRB>UFL>BRU]~v02,C3[DRB>UFL>BRU]~v02,C3[DRB>UFL>BRU],3,2,8,2,B' D' F2 D B D' F2 D
rubiks-7,C3[DRB>UFL>UBR],C3[DRB>UFL>UBR]#00,C3[DRB>UFL>UBR],C3[DRB>UFL>UBR],C3[DRB>UFL>UBR],3,0,12,1,U R2 U' B2 U B2 U R2 U' B2 U' B2
rubiks-7,C3[UBR>BRU;UFL>FLU;URF>RFU],C3[UBR>BRU;UFL>FLU;URF>RFU]#00,C3[UBR>BRU;UFL>FLU;URF>RFU],C3[UBR>BRU;UFL>FLU;URF>RFU],C3[UBR>BRU;UFL>FLU;URF>RFU],3,3,15,1,B L' B' R B L B' U2 R D R' U2 R D' R2
rubiks-7,C3[UBR>FLU>FUR],C3[UBR>FLU>FUR]#00,C3[UBR>FLU>FUR],C3[UBR>FLU>FUR],C3[UBR>FLU>FUR],3,3,10,1,L' B U2 B' L B L' U2 L B'
rubiks-7,C3[UBR>FLU>RFU]~v01,C3[UBR>FLU>RFU]~v01#00,C3[UBR>FLU>RFU]~v01,C3[UBR>FLU>RFU]~v01,C3[UBR>FLU>RFU],3,2,8,2,R B L' B' R' B L B'
rubiks-7,C3[UBR>FLU>RFU]~v02,C3[UBR>FLU>RFU]~v02#00,C3[UBR>FLU>RFU]~v02,C3[UBR>FLU>RFU]~v02,C3[UBR>FLU>RFU],3,2,8,2,F' L' F R' F' L F R
rubiks-7,C3[UBR>FLU>URF]~v01,C3[UBR>FLU>URF]~v01#00,C3[UBR>FLU>URF]~v01,C3[UBR>FLU>URF]~v01,C3[UBR>FLU>URF],3,2,8,2,F R B R' F' R B' R'
rubiks-7,C3[UBR>FLU>URF]~v02,C3[UBR>FLU>URF]~v02#00,C3[UBR>FLU>URF]~v02,C3[UBR>FLU>URF]~v02,C3[UBR>FLU>URF],3,2,8,2,L' B L F' L' B' L F
rubiks-7,C3[UBR>LUF>FUR],C3[UBR>LUF>FUR]#00,C3[UBR>LUF>FUR],C3[UBR>LUF>FUR],C3[UBR>LUF>FUR],3,2,9,1,F2 D' F U2 F' D F U2 F
rubiks-7,C3[UBR>LUF>RFU]~v01,C3[UBR>LUF>RFU]~v01#00,C3[UBR>LUF>RFU]~v01,C3[UBR>LUF>RFU]~v01,C3[UBR>LUF>RFU],3,3,8,2,F U' B' U F' U' B U
rubiks-7,C3[UBR>LUF>RFU]~v02,C3[UBR>LUF>RFU]~v02#00,C3[UBR>LUF>RFU]~v02,C3[UBR>LUF>RFU]~v02,C3[UBR>LUF>RFU],3,3,8,2,U L U' R' U L' U' R
rubiks-7,C3[UBR>LUF>URF],C3[UBR>LUF>URF]#00,C3[UBR>LUF>URF],C3[UBR>LUF>URF],C3[UBR>LUF>URF],3,2,9,1,R U2 R D R' U2 R D' R2
rubiks-7,C3[UBR>UFL>FUR],C3[UBR>UFL>FUR]#00,C3[UBR>UFL>FUR],C3[UBR>UFL>FUR],C3[UBR>UFL>FUR],3,2,9,1,B' R2 B' L2 B R2 B' L2 B2
rubiks-7,C3[UBR>UFL>RFU],C3[UBR>UFL>RFU]#00,C3[UBR>UFL>RFU],C3[UBR>UFL>RFU],C3[UBR>UFL>RFU],3,2,9,1,L2 B2 L' F2 L B2 L' F2 L'
rubiks-7,C3[UBR>UFL>URF],C3[UBR>UFL>URF]#00,C3[UBR>UFL>URF],C3[UBR>UFL>URF],C3[UBR>UFL>URF],3,0,9,1,R B' R F2 R' B R F2 R2
rubiks-7,C4[DFR>FDL;DLF>DFR;UBR>LUF;UFL>RUB]+EAll3[DF>LF>UR],C4[DFR>FDL;DLF>DFR;UBR>LUF;UFL>RUB]+EAll3[DF>LF>UR]#00,C4[DFR>FDL;DLF>DFR;UBR>LUF;UFL>RUB]+EAll3[DF>LF>UR],C4[DFR>FDL;DLF>DFR;UBR>LUF;UFL>RUB]+EAll3[DF>LF>UR],C4[DFR>FDL;DLF>DFR;UBR>LUF;UFL>RUB]+EAll3[DF>LF>UR],7,5,5,1,F2 U F' U' F'
rubiks-7,C4[DFR>FDL;DLF>DFR;ULB>FUR;URF>BUL]+EAll3[DF>UL>RF],C4[DFR>FDL;DLF>DFR;ULB>FUR;URF>BUL]+EAll3[DF>UL>RF]#00,C4[DFR>FDL;DLF>DFR;ULB>FUR;URF>BUL]+EAll3[DF>UL>RF],C4[DFR>FDL;DLF>DFR;ULB>FUR;URF>BUL]+EAll3[DF>UL>RF],C4[DFR>FDL;DLF>DFR;ULB>FUR;URF>BUL]+EAll3[DF>UL>RF],7,3,5,1,F' U' F' U F2
rubiks-7,C4[DFR>LBU;DLF>FLU;UFL>LFD;ULB>DFR]+EAll3[DF>LF>UL],C4[DFR>LBU;DLF>FLU;UFL>LFD;ULB>DFR]+EAll3[DF>LF>UL]#00,C4[DFR>LBU;DLF>FLU;UFL>LFD;ULB>DFR]+EAll3[DF>LF>UL],C4[DFR>LBU;DLF>FLU;UFL>LFD;ULB>DFR]+EAll3[DF>LF>UL],C4[DFR>LBU;DLF>FLU;UFL>LFD;ULB>DFR]+EAll3[DF>LF>UL],7,5,5,1,F2 U' F' U F'
rubiks-7,C4[DFR>RFU;DLF>UBR;UBR>LFD;URF>FRD]+EAll3[DF>UR>RF],C4[DFR>RFU;DLF>UBR;UBR>LFD;URF>FRD]+EAll3[DF>UR>RF]#00,C4[DFR>RFU;DLF>UBR;UBR>LFD;URF>FRD]+EAll3[DF>UR>RF],C4[DFR>RFU;DLF>UBR;UBR>LFD;URF>FRD]+EAll3[DF>UR>RF],C4[DFR>RFU;DLF>UBR;UBR>LFD;URF>FRD]+EAll3[DF>UR>RF],7,3,5,1,F' U F' U' F2
rubiks-7,C4[DLF>BUL;UFL>FUR;ULB>FDL;URF>UFL]+EAll3[FL>FU>LU],C4[DLF>BUL;UFL>FUR;ULB>FDL;URF>UFL]+EAll3[FL>FU>LU]#00,C4[DLF>BUL;UFL>FUR;ULB>FDL;URF>UFL]+EAll3[FL>FU>LU],C4[DLF>BUL;UFL>FUR;ULB>FDL;URF>UFL]+EAll3[FL>FU>LU],C4[DLF>BUL;UFL>FUR;ULB>FDL;URF>UFL]+EAll3[FL>FU>LU],7,5,4,1,F U' F' U
rubiks-7,C4[DLF>FLU;UBR>RFU;UFL>LFD;URF>UBR]+EAll3[FL>FU>RU],C4[DLF>FLU;UBR>RFU;UFL>LFD;URF>UBR]+EAll3[FL>FU>RU]#00,C4[DLF>FLU;UBR>RFU;UFL>LFD;URF>UBR]+EAll3[FL>FU>RU],C4[DLF>FLU;UBR>RFU;UFL>LFD;URF>UBR]+EAll3[FL>FU>RU],C4[DLF>FLU;UBR>RFU;UFL>LFD;URF>UBR]+EAll3[FL>FU>RU],7,5,4,1,F U F' U'
rubiks-7,C5[DFR>DLF>UBR>URF>UFL]+EAll3[DF>UR>UF],C5[DFR>DLF>UBR>URF>UFL]+EAll3[DF>UR>UF]#00,C5[DFR>DLF>UBR>URF>UFL]+EAll3[DF>UR>UF],C5[DFR>DLF>UBR>URF>UFL]+EAll3[DF>UR>UF],C5[DFR>DLF>UBR>URF>UFL]+EAll3[DF>UR>UF],8,0,4,1,U F2 U' F2
rubiks-7,C5[DFR>RFU>BUL>LFD>UFL]+EAll3[FL>FR>LU],C5[DFR>RFU>BUL>LFD>UFL]+EAll3[FL>FR>LU]#00,C5[DFR>RFU>BUL>LFD>UFL]+EAll3[FL>FR>LU],C5[DFR>RFU>BUL>LFD>UFL]+EAll3[FL>FR>LU],C5[DFR>RFU>BUL>LFD>UFL]+EAll3[FL>FR>LU],8,6,5,1,F U' F2 U F
rubiks-7,C5[DFR>RFU>LFD>UFL>RUB]+EAll3[FL>RU>FR],C5[DFR>RFU>LFD>UFL>RUB]+EAll3[FL>RU>FR]#00,C5[DFR>RFU>LFD>UFL>RUB]+EAll3[FL>RU>FR],C5[DFR>RFU>LFD>UFL>RUB]+EAll3[FL>RU>FR],C5[DFR>RFU>LFD>UFL>RUB]+EAll3[FL>RU>FR],8,6,5,1,F' U F2 U' F'
rubiks-7,C5[DFR>RUB>UFL>LFD>RFU]+EAll3[FL>FR>RU],C5[DFR>RUB>UFL>LFD>RFU]+EAll3[FL>FR>RU]#00,C5[DFR>RUB>UFL>LFD>RFU]+EAll3[FL>FR>RU],C5[DFR>RUB>UFL>LFD>RFU]+EAll3[FL>FR>RU],C5[DFR>RUB>UFL>LFD>RFU]+EAll3[FL>FR>RU],8,6,5,1,F U F2 U' F
rubiks-7,C5[DFR>UFL>LFD>BUL>RFU]+EAll3[FL>LU>FR],C5[DFR>UFL>LFD>BUL>RFU]+EAll3[FL>LU>FR]#00,C5[DFR>UFL>LFD>BUL>RFU]+EAll3[FL>LU>FR],C5[DFR>UFL>LFD>BUL>RFU]+EAll3[FL>LU>FR],C5[DFR>UFL>LFD>BUL>RFU]+EAll3[FL>LU>FR],8,6,5,1,F' U' F2 U F'
rubiks-7,C5[DFR>UFL>URF>UBR>DLF]+EAll3[DF>UF>UR],C5[DFR>UFL>URF>UBR>DLF]+EAll3[DF>UF>UR]#00,C5[DFR>UFL>URF>UBR>DLF]+EAll3[DF>UF>UR],C5[DFR>UFL>URF>UBR>DLF]+EAll3[DF>UF>UR],C5[DFR>UFL>URF>UBR>DLF]+EAll3[DF>UF>UR],8,0,4,1,F2 U F2 U'
rubiks-7,CenterCornerSwap-A00,CenterCornerSwap-A00#00,C2[UBR>RFU]+CtrCore4[D>L>U>R]~v01,C2[UBR>RFU]+CtrCore4[D>L>U>R]~v01,C2[UBR>RFU]+CtrCore4[D>L>U>R],78,2,39,2,F R' F D2 B' L B D2 F2 R 2F2 3F2 R2 U2 2F2 3F2 U2 R2 2F2 3F2 S D S D' S D' S D S2 D' S D2 L2 S' D' S' D L2 D'
rubiks-7,CenterCornerSwap-A01,CenterCornerSwap-A01#00,C2[UBR>RFU]+CtrCore4[D>L>U>R]~v02,C2[UBR>RFU]+CtrCore4[D>L>U>R]~v02,C2[UBR>RFU]+CtrCore4[D>L>U>R],78,2,39,2,R' F2 D2 B' L' B D2 F' R F' 2F2 3F2 R2 U2 2F2 3F2 U2 R2 2F2 3F2 S D S D' S D' S D S2 D' S D2 L2 S' D' S' D L2 D'
rubiks-7,CenterCornerSwap-B00,CenterCornerSwap-B00#00,C2s[UBR<>UFL]+CtrCore4[D>L>U>R]~v01,C2s[UBR<>UFL]+CtrCore4[D>L>U>R]~v01,C2s[UBR<>UFL]+CtrCore4[D>L>U>R],78,0,43,2,2F2 3F2 R2 U2 2F2 3F2 U2 R2 2F2 3F2 L2 F2 U2 L' U2 L2 F2 L' U2 L2 U2 F2 L' F2 S D S D' S D' S D S2 D' S D2 L2 S' D' S' D L2 D'
rubiks-7,CenterCornerSwap-B01,CenterCornerSwap-B01#00,C2s[UBR<>UFL]+CtrCore4[D>L>U>R]~v02,C2s[UBR<>UFL]+CtrCore4[D>L>U>R]~v02,C2s[UBR<>UFL]+CtrCore4[D>L>U>R],78,0,43,2,2F2 3F2 R2 U2 2F2 3F2 U2 R2 2F2 3F2 F2 L F2 U2 L2 U2 L F2 L2 U2 L U2 F2 L2 S D S D' S D' S D S2 D' S D2 L2 S' D' S' D L2 D'
rubiks-7,CenterCornerSwap-F00,CenterCornerSwap-F00#00,C2[DFR>BRU]+CtrCore4[D>L>U>R]~v01,C2[DFR>BRU]+CtrCore4[D>L>U>R]~v01,C2[DFR>BRU]+CtrCore4[D>L>U>R],78,2,39,2,2F2 3F2 R2 U2 2F2 3F2 U2 R2 2F2 3F2 R' F D2 B' L B D2 F2 R F S D S D' S D' S D S2 D' S D2 L2 S' D' S' D L2 D'
rubiks-7,CenterCornerSwap-F01,CenterCornerSwap-F01#00,C2[DFR>BRU]+CtrCore4[D>L>U>R]~v02,C2[DFR>BRU]+CtrCore4[D>L>U>R]~v02,C2[DFR>BRU]+CtrCore4[D>L>U>R],78,2,39,2,2F2 3F2 R2 U2 2F2 3F2 U2 R2 2F2 3F2 F' R' F2 D2 B' L' B D2 F' R S D S D' S D' S D S2 D' S D2 L2 S' D' S' D L2 D'
rubiks-7,CenterCornerSwap-J00,CenterCornerSwap-J00#00,C2[DRB>LUF]+CtrCore4[D>L>U>R]~v01,C2[DRB>LUF]+CtrCore4[D>L>U>R]~v01,C2[DRB>LUF]+CtrCore4[D>L>U>R],62,2,40,2,B2 L' B2 D2 F' R' F D2 B' L B 2F2 3F2 R2 U2 2F2 3F2 U2 R2 2F2 3F2 S D S D' S D' S D S2 D' S D2 L2 S' D' S' D L2 D'
rubiks-7,CenterCornerSwap-J01,CenterCornerSwap-J01#00,C2[DRB>LUF]+CtrCore4[D>L>U>R]~v02,C2[DRB>LUF]+CtrCore4[D>L>U>R]~v02,C2[DRB>LUF]+CtrCore4[D>L>U>R],62,2,40,2,B' L' B D2 F' R F D2 B2 L B2 2F2 3F2 R2 U2 2F2 3F2 U2 R2 2F2 3F2 S D S D' S D' S D S2 D' S D2 L2 S' D' S' D L2 D'
rubiks-7,CenterCornerSwap-J02,CenterCornerSwap-J02#00,C2s[DLF<>UBR]+CtrCore4[D>L>U>R]~v01,C2s[DLF<>UBR]+CtrCore4[D>L>U>R]~v01,C2s[DLF<>UBR]+CtrCore4[D>L>U>R],78,0,43,2,F2 R' F D2 B' L B D2 F L' F R F' L 2F2 3F2 R2 U2 2F2 3F2 U2 R2 2F2 3F2 S D S D' S D' S D S2 D' S D2 L2 S' D' S' D L2 D'
rubiks-7,CenterCornerSwap-J03,CenterCornerSwap-J03#00,C2s[DLF<>UBR]+CtrCore4[D>L>U>R]~v02,C2s[DLF<>UBR]+CtrCore4[D>L>U>R]~v02,C2s[DLF<>UBR]+CtrCore4[D>L>U>R],78,0,43,2,L' F R' F' L F' D2 B' L' B D2 F' R F2 2F2 3F2 R2 U2 2F2 3F2 U2 R2 2F2 3F2 S D S D' S D' S D S2 D' S D2 L2 S' D' S' D L2 D'
rubiks-7,CenterCornerSwap-J04,CenterCornerSwap-J04#00,C2[DRB>FLU]+CtrCore4[D>L>U>R]~v01,C2[DRB>FLU]+CtrCore4[D>L>U>R]~v01,C2[DRB>FLU]+CtrCore4[D>L>U>R],66,2,45,2,B2 L2 D2 F2 D2 L2 B' U2 L2 D F D' L2 U B' U' 2F2 3F2 R2 U2 2F2 3F2 U2 R2 2F2 3F2 S D S D' S D' S D S2 D' S D2 L2 S' D' S' D L2 D'
rubiks-7,CenterCornerSwap-J05,CenterCornerSwap-J05#00,C2[DRB>FLU]+CtrCore4[D>L>U>R]~v02,C2[DRB>FLU]+CtrCore4[D>L>U>R]~v02,C2[DRB>FLU]+CtrCore4[D>L>U>R],66,2,45,2,U B U' L2 D F' D' L2 U2 B L2 D2 F2 D2 L2 B2 2F2 3F2 R2 U2 2F2 3F2 U2 R2 2F2 3F2 S D S D' S D' S D S2 D' S D2 L2 S' D' S' D L2 D'
rubiks-7,CenterCornerSwap-K00,CenterCornerSwap-K00#00,C2[UBR>FUR]+CtrCore4[D>L>U>R]~v01,C2[UBR>FUR]+CtrCore4[D>L>U>R]~v01,C2[UBR>FUR]+CtrCore4[D>L>U>R],66,2,44,2,2F2 3F2 R2 U2 2F2 3F2 U2 R2 2F2 3F2 U2 B' U2 B U2 D2 R' B' R D2 L' F L' F' L2 S D S D' S D' S D S2 D' S D2 L2 S' D' S' D L2 D'
rubiks-7,CenterCornerSwap-K01,CenterCornerSwap-K01#00,C2[UBR>FUR]+CtrCore4[D>L>U>R]~v02,C2[UBR>FUR]+CtrCore4[D>L>U>R]~v02,C2[UBR>FUR]+CtrCore4[D>L>U>R],66,2,44,2,2F2 3F2 R2 U2 2F2 3F2 U2 R2 2F2 3F2 U2 B' U2 B U2 D2 R' B' R D2 L' F L' F' L2 S D S D' S D' S D S2 D' S D2 L2 S' D' S' D L2 D'
rubiks-7,CenterMidEdgeSwap-PA,CenterMidEdgeSwap-PA#00,CtrCore4[D>R>U>L]+ME2s[UB<>UF],CtrCore4[D>R>U>L]+ME2s[UB<>UF],CtrCore4[D>R>U>L]+ME2s[UB<>UF],22,0,19,1,S' U' S' U S' U S' U' S2 U R2 U' S U S' R2 U2 S U
rubiks-7,CenterMidEdgeSwap-PB,CenterMidEdgeSwap-PB#00,CtrCore4[D>R>U>L]+ME2[UB>FU],CtrCore4[D>R>U>L]+ME2[UB>FU],CtrCore4[D>R>U>L]+ME2[UB>FU],18,2,15,1,E' M' E D M' D2 F2 D M' D M' D2 F2 D M'
rubiks-7,CenterMidEdgeSwap-PC,CenterMidEdgeSwap-PC#00,CtrCore4[D>R>U>L]+ME2s[RF<>UF],CtrCore4[D>R>U>L]+ME2s[RF<>UF],CtrCore4[D>R>U>L]+ME2s[RF<>UF],14,0,17,1,R S' U S' U' S U2 S' U2 S' U' S' U S2 R2 S R
rubiks-7,CenterMidEdgeSwap-PD,CenterMidEdgeSwap-PD#00,CtrCore4[D>R>U>L]+ME2[RF>FU],CtrCore4[D>R>U>L]+ME2[RF>FU],CtrCore4[D>R>U>L]+ME2[RF>FU],14,2,19,1,F' U2 F M F M F' M F' M U2 F E M E' M U2 M' U2
rubiks-7,CenterMidEdgeSwap-PE,CenterMidEdgeSwap-PE#00,CtrCore4[D>R>U>L]+ME2[BR>FD],CtrCore4[D>R>U>L]+ME2[BR>FD],CtrCore4[D>R>U>L]+ME2[BR>FD],14,2,18,1,M E' M' F E' F' E' F' E' F E' M' B' M' B2 M B' M
rubiks-7,CenterMidEdgeSwap-PF,CenterMidEdgeSwap-PF#00,CtrCore4[D>R>U>L]+ME2s[BR<>DF],CtrCore4[D>R>U>L]+ME2s[BR<>DF],CtrCore4[D>R>U>L]+ME2s[BR<>DF],18,0,16,1,M E' M' F E' F' E' F' E' F E' B M B2 M' B
rubiks-7,CenterMidEdgeSwap-PG,CenterMidEdgeSwap-PG#00,CtrCore4[D>R>U>L]+ME2s[DB<>UF],CtrCore4[D>R>U>L]+ME2s[DB<>UF],CtrCore4[D>R>U>L]+ME2s[DB<>UF],18,0,18,1,D' S' U S' U' S' U' S' U S' D' B' M B D2 B' M' B
rubiks-7,CenterMidEdgeSwap-PH,CenterMidEdgeSwap-PH#00,CtrCore4[D>R>U>L]+ME2[DB>FU],CtrCore4[D>R>U>L]+ME2[DB>FU],CtrCore4[D>R>U>L]+ME2[DB>FU],18,2,15,1,D' S' U S' U' S' U' S' U S' D M D2 M' D2
rubiks-7,CenterMidEdgeSwap-PX,CenterMidEdgeSwap-PX#00,CtrCore4[D>R>U>L]+ME2[FL>FR],CtrCore4[D>R>U>L]+ME2[FL>FR],CtrCore4[D>R>U>L]+ME2[FL>FR],22,2,20,1,E' B E' B' E' B' E' B M E' F' M F2 D2 M' F' M' F D2 F'
rubiks-7,CenterMidEdgeSwap-PY,CenterMidEdgeSwap-PY#00,CtrCore4[D>R>U>L]+ME2s[FL<>RF],CtrCore4[D>R>U>L]+ME2s[FL<>RF],CtrCore4[D>R>U>L]+ME2s[FL<>RF],18,0,14,1,E R2 E' R S' L S' L' S' L' S' L S' R
rubiks-7,CenterMidEdgeSwap-QA,CenterMidEdgeSwap-QA#00,CtrCore4[D>L>U>R]+ME2s[UL<>UR],CtrCore4[D>L>U>R]+ME2s[UL<>UR],CtrCore4[D>L>U>R]+ME2s[UL<>UR],18,0,19,1,S D S D' S D' S D S2 D' S D2 L2 S' D' S' D L2 D'
rubiks-7,CenterMidEdgeSwap-QB,CenterMidEdgeSwap-QB#00,CtrCore4[D>L>U>R]+ME2[UL>RU],CtrCore4[D>L>U>R]+ME2[UL>RU],CtrCore4[D>L>U>R]+ME2[UL>RU],18,2,13,1,S D' S D2 L2 D' S D' S D2 L2 D' S
rubiks-7,CenterMidEdgeSwap-QC00,CenterMidEdgeSwap-QC00#00,CtrCore4[D>L>U>R]+ME2s[UF<>UR],CtrCore4[D>L>U>R]+ME2s[UF<>UR],CtrCore4[D>L>U>R]+ME2s[UF<>UR],18,0,18,1,R2 S' R2 S2 U' S U S U S U' S2 D M D2 M' D S'
rubiks-7,CenterMidEdgeSwap-QC01,CenterMidEdgeSwap-QC01#00,CtrCore4[D>R>U>L]+ME2s[UF<>UR],CtrCore4[D>R>U>L]+ME2s[UF<>UR],CtrCore4[D>R>U>L]+ME2s[UF<>UR],18,0,18,1,S D' M D2 M' D' S2 U S' U' S' U' S' U S2 R2 S R2
rubiks-7,CenterMidEdgeSwap-QD00,CenterMidEdgeSwap-QD00#00,CtrCore4[D>L>U>R]+ME2[UF>RU],CtrCore4[D>L>U>R]+ME2[UF>RU],CtrCore4[D>L>U>R]+ME2[UF>RU],14,2,16,1,R2 S' R2 S2 U' R2 S U S U S U' S U' R2 U
rubiks-7,CenterMidEdgeSwap-QD01,CenterMidEdgeSwap-QD01#00,CtrCore4[D>R>U>L]+ME2[UF>RU],CtrCore4[D>R>U>L]+ME2[UF>RU],CtrCore4[D>R>U>L]+ME2[UF>RU],14,2,16,1,U' R2 U S' U S' U' S' U' S' R2 U S2 R2 S R2
rubiks-7,CenterMidEdgeSwap-QE00,CenterMidEdgeSwap-QE00#00,CtrCore4[D>L>U>R]+ME2s[DF<>UR],CtrCore4[D>L>U>R]+ME2s[DF<>UR],CtrCore4[D>L>U>R]+ME2s[DF<>UR],14,0,16,1,S D' S D S D S D' S M U M U2 M' U M'
rubiks-7,CenterMidEdgeSwap-QE01,CenterMidEdgeSwap-QE01#00,CtrCore4[D>R>U>L]+ME2s[DF<>UR],CtrCore4[D>R>U>L]+ME2s[DF<>UR],CtrCore4[D>R>U>L]+ME2s[DF<>UR],14,0,16,1,M U' M U2 M' U' M' S' D S' D' S' D' S' D S'
rubiks-7,CenterMidEdgeSwap-QF00,CenterMidEdgeSwap-QF00#00,CtrCore4[D>L>U>R]+ME2[DF>RU],CtrCore4[D>L>U>R]+ME2[DF>RU],CtrCore4[D>L>U>R]+ME2[DF>RU],18,2,14,1,S D S D2 L2 D S D S D' S D' L2 D
rubiks-7,CenterMidEdgeSwap-QF01,CenterMidEdgeSwap-QF01#00,CtrCore4[D>R>U>L]+ME2[DF>RU],CtrCore4[D>R>U>L]+ME2[DF>RU],CtrCore4[D>R>U>L]+ME2[DF>RU],18,2,14,1,D' L2 D S' D S' D' S' D' L2 D2 S' D' S'
rubiks-7,CenterMidEdgeSwap-QG,CenterMidEdgeSwap-QG#00,CtrCore4[D>L>U>R]+ME2s[DL<>UR],CtrCore4[D>L>U>R]+ME2s[DL<>UR],CtrCore4[D>L>U>R]+ME2s[DL<>UR],14,0,18,1,S R S R' S R' L2 S R L2 S2 R' U2 R S' R' U2 R
rubiks-7,CenterMidEdgeSwap-QH,CenterMidEdgeSwap-QH#00,CtrCore4[D>L>U>R]+ME2[DL>RU],CtrCore4[D>L>U>R]+ME2[DL>RU],CtrCore4[D>L>U>R]+ME2[DL>RU],18,2,15,1,D S D' S D S D S D' S D' S U2 S' U2
rubiks-7,CenterMidEdgeSwap-RA,CenterMidEdgeSwap-RA#00,CtrCore6s[B<>F;D<>R;L<>U]+ME2s[UB<>UF],CtrCore6s[B<>F;D<>R;L<>U]+ME2s[UB<>UF],CtrCore6s[B<>F;D<>R;L<>U]+ME2s[UB<>UF],24,0,23,1,S' U' S' U S' U S' U' S2 U R2 U' S U S' R2 U2 S U M' S2 M S2
rubiks-7,CenterMidEdgeSwap-RB,CenterMidEdgeSwap-RB#00,CtrCore6s[B<>F;D<>R;L<>U]+ME2[UB>FU],CtrCore6s[B<>F;D<>R;L<>U]+ME2[UB>FU],CtrCore6s[B<>F;D<>R;L<>U]+ME2[UB>FU],20,2,18,1,E' M' E D M' D2 F2 D M' D M' D2 F2 D M2 S2 M S2
rubiks-7,CenterMidEdgeSwap-RC00,CenterMidEdgeSwap-RC00#00,CtrCore6s[B<>F;D<>R;L<>U]+ME2s[RF<>UF],CtrCore6s[B<>F;D<>R;L<>U]+ME2s[RF<>UF],CtrCore6s[B<>F;D<>R;L<>U]+ME2s[RF<>UF],16,0,21,1,R S' U S' U' S U2 S' U2 S' U' S' U S2 R2 S R M' S2 M S2
rubiks-7,CenterMidEdgeSwap-RC01,CenterMidEdgeSwap-RC01#00,CtrCore6s[B<>F;D<>L;R<>U]+ME2s[RF<>UF],CtrCore6s[B<>F;D<>L;R<>U]+ME2s[RF<>UF],CtrCore6s[B<>F;D<>L;R<>U]+ME2s[RF<>UF],16,0,21,1,R S' U S' U' S U2 S' U2 S' U' S' U S2 R2 S R E S2 E' S2
rubiks-7,CenterMidEdgeSwap-RD00,CenterMidEdgeSwap-RD00#00,CtrCore6s[B<>F;D<>R;L<>U]+ME2[RF>FU],CtrCore6s[B<>F;D<>R;L<>U]+ME2[RF>FU],CtrCore6s[B<>F;D<>R;L<>U]+ME2[RF>FU],16,2,23,1,F' U2 F M F M F' M F' M U2 F E M E' M U2 M' U2 M' S2 M S2
rubiks-7,CenterMidEdgeSwap-RD01,CenterMidEdgeSwap-RD01#00,CtrCore6s[B<>F;D<>L;R<>U]+ME2[RF>FU],CtrCore6s[B<>F;D<>L;R<>U]+ME2[RF>FU],CtrCore6s[B<>F;D<>L;R<>U]+ME2[RF>FU],16,2,23,1,F' U2 F M F M F' M F' M U2 F E M E' M U2 M' U2 E S2 E' S2
rubiks-7,CenterMidEdgeSwap-RE00,CenterMidEdgeSwap-RE00#00,CtrCore6s[B<>F;D<>R;L<>U]+ME2[BR>FD],CtrCore6s[B<>F;D<>R;L<>U]+ME2[BR>FD],CtrCore6s[B<>F;D<>R;L<>U]+ME2[BR>FD],16,2,20,1,M E' M' F E' F' E' F' E' F E' M' B' M' B2 M B' S2 M S2
rubiks-7,CenterMidEdgeSwap-RE01,CenterMidEdgeSwap-RE01#00,CtrCore6s[B<>F;D<>L;R<>U]+ME2[BR>FD],CtrCore6s[B<>F;D<>L;R<>U]+ME2[BR>FD],CtrCore6s[B<>F;D<>L;R<>U]+ME2[BR>FD],16,2,22,1,M E' M' F E' F' E' F' E' F E' M' B' M' B2 M B' M E S2 E' S2
rubiks-7,CenterMidEdgeSwap-RF00,CenterMidEdgeSwap-RF00#00,CtrCore6s[B<>F;D<>R;L<>U]+ME2s[BR<>DF],CtrCore6s[B<>F;D<>R;L<>U]+ME2s[BR<>DF],CtrCore6s[B<>F;D<>R;L<>U]+ME2s[BR<>DF],20,0,20,1,M E' M' F E' F' E' F' E' F E' B M B2 M' B M' S2 M S2
rubiks-7,CenterMidEdgeSwap-RF01,CenterMidEdgeSwap-RF01#00,CtrCore6s[B<>F;D<>L;R<>U]+ME2s[BR<>DF],CtrCore6s[B<>F;D<>L;R<>U]+ME2s[BR<>DF],CtrCore6s[B<>F;D<>L;R<>U]+ME2s[BR<>DF],20,0,20,1,M E' M' F E' F' E' F' E' F E' B M B2 M' B E S2 E' S2
rubiks-7,CenterMidEdgeSwap-RG,CenterMidEdgeSwap-RG#00,CtrCore6s[B<>F;D<>R;L<>U]+ME2s[DB<>UF],CtrCore6s[B<>F;D<>R;L<>U]+ME2s[DB<>UF],CtrCore6s[B<>F;D<>R;L<>U]+ME2s[DB<>UF],16,0,22,1,D' S' U S' U' S' U' S' U S' D' M' F' M' F D2 F' M F S2 M S2
rubiks-7,CenterMidEdgeSwap-RH,CenterMidEdgeSwap-RH#00,CtrCore6s[B<>F;D<>R;L<>U]+ME2[DB>FU],CtrCore6s[B<>F;D<>R;L<>U]+ME2[DB>FU],CtrCore6s[B<>F;D<>R;L<>U]+ME2[DB>FU],20,2,19,1,D' S' U S' U' S' U' S' U S' D M D2 M' D2 M' S2 M S2
rubiks-7,CenterMidEdgeSwap-RX,CenterMidEdgeSwap-RX#00,CtrCore6s[B<>F;D<>R;L<>U]+ME2[FL>FR],CtrCore6s[B<>F;D<>R;L<>U]+ME2[FL>FR],CtrCore6s[B<>F;D<>R;L<>U]+ME2[FL>FR],24,2,24,1,E' B E' B' E' B' E' B M E' F' M F2 D2 M' F' M' F D2 F' M' S2 M S2
rubiks-7,CenterMidEdgeSwap-RY,CenterMidEdgeSwap-RY#00,CtrCore6s[B<>F;D<>R;L<>U]+ME2s[FL<>RF],CtrCore6s[B<>F;D<>R;L<>U]+ME2s[FL<>RF],CtrCore6s[B<>F;D<>R;L<>U]+ME2s[FL<>RF],20,0,18,1,E R2 E' R S' L S' L' S' L' S' L S' R M' S2 M S2
rubiks-7,CenterMidEdgeSwap-SA,CenterMidEdgeSwap-SA#00,CtrCore6s[B<>F;D<>L;R<>U]+ME2s[UL<>UR],CtrCore6s[B<>F;D<>L;R<>U]+ME2s[UL<>UR],CtrCore6s[B<>F;D<>L;R<>U]+ME2s[UL<>UR],20,0,23,1,S D S D' S D' S D S2 D' S D2 L2 S' D' S' D L2 D' M' S2 M S2
rubiks-7,CenterMidEdgeSwap-SB,CenterMidEdgeSwap-SB#00,CtrCore6s[B<>F;D<>L;R<>U]+ME2[UL>RU],CtrCore6s[B<>F;D<>L;R<>U]+ME2[UL>RU],CtrCore6s[B<>F;D<>L;R<>U]+ME2[UL>RU],20,2,16,1,M' S2 M S D S' D2 R2 D S' D S' D2 R2 D S'
rubiks-7,CenterMidEdgeSwap-SC00,CenterMidEdgeSwap-SC00#00,CtrCore6s[B<>F;D<>L;R<>U]+ME2s[UF<>UR],CtrCore6s[B<>F;D<>L;R<>U]+ME2s[UF<>UR],CtrCore6s[B<>F;D<>L;R<>U]+ME2s[UF<>UR],20,0,22,1,R2 S' R2 S2 U' S U S U S U' S2 D M D2 M' D S' M' S2 M S2
rubiks-7,CenterMidEdgeSwap-SC01,CenterMidEdgeSwap-SC01#00,CtrCore6s[B<>F;D<>R;L<>U]+ME2s[UF<>UR],CtrCore6s[B<>F;D<>R;L<>U]+ME2s[UF<>UR],CtrCore6s[B<>F;D<>R;L<>U]+ME2s[UF<>UR],20,0,22,1,R2 S' R2 S2 U' S U S U S U' S2 D M D2 M' D S' E S2 E' S2
rubiks-7,CenterMidEdgeSwap-SD00,CenterMidEdgeSwap-SD00#00,CtrCore6s[B<>F;D<>L;R<>U]+ME2[UF>RU],CtrCore6s[B<>F;D<>L;R<>U]+ME2[UF>RU],CtrCore6s[B<>F;D<>L;R<>U]+ME2[UF>RU],16,2,20,1,R2 S' R2 S2 U' R2 S U S U S U' S U' R2 U M' S2 M S2
rubiks-7,CenterMidEdgeSwap-SD01,CenterMidEdgeSwap-SD01#00,CtrCore6s[B<>F;D<>R;L<>U]+ME2[UF>RU],CtrCore6s[B<>F;D<>R;L<>U]+ME2[UF>RU],CtrCore6s[B<>F;D<>R;L<>U]+ME2[UF>RU],16,2,20,1,R2 S' R2 S2 U' R2 S U S U S U' S U' R2 U E S2 E' S2
rubiks-7,CenterMidEdgeSwap-SE00,CenterMidEdgeSwap-SE00#00,CtrCore6s[B<>F;D<>L;R<>U]+ME2s[DF<>UR],CtrCore6s[B<>F;D<>L;R<>U]+ME2s[DF<>UR],CtrCore6s[B<>F;D<>L;R<>U]+ME2s[DF<>UR],16,0,19,1,S D' S D S D S D' S M U M U2 M' U M2 S2 M S2
rubiks-7,CenterMidEdgeSwap-SE01,CenterMidEdgeSwap-SE01#00,CtrCore6s[B<>F;D<>R;L<>U]+ME2s[DF<>UR],CtrCore6s[B<>F;D<>R;L<>U]+ME2s[DF<>UR],CtrCore6s[B<>F;D<>R;L<>U]+ME2s[DF<>UR],16,0,20,1,S D' S D S D S D' S M U M U2 M' U M' E S2 E' S2
rubiks-7,CenterMidEdgeSwap-SF00,CenterMidEdgeSwap-SF00#00,CtrCore6s[B<>F;D<>L;R<>U]+ME2[DF>RU],CtrCore6s[B<>F;D<>L;R<>U]+ME2[DF>RU],CtrCore6s[B<>F;D<>L;R<>U]+ME2[DF>RU],20,2,18,1,S D S D2 L2 D S D S D' S D' L2 D M' S2 M S2
rubiks-7,CenterMidEdgeSwap-SF01,CenterMidEdgeSwap-SF01#00,CtrCore6s[B<>F;D<>R;L<>U]+ME2[DF>RU],CtrCore6s[B<>F;D<>R;L<>U]+ME2[DF>RU],CtrCore6s[B<>F;D<>R;L<>U]+ME2[DF>RU],20,2,18,1,S D S D2 L2 D S D S D' S D' L2 D E S2 E' S2
rubiks-7,CenterMidEdgeSwap-SG00,CenterMidEdgeSwap-SG00#00,CtrCore6s[B<>F;D<>L;R<>U]+ME2s[DL<>UR],CtrCore6s[B<>F;D<>L;R<>U]+ME2s[DL<>UR],CtrCore6s[B<>F;D<>L;R<>U]+ME2s[DL<>UR],16,0,22,1,S R S R' S R' L2 S R L2 S2 R' U2 R S' R' U2 R M' S2 M S2
rubiks-7,CenterMidEdgeSwap-SG01,CenterMidEdgeSwap-SG01#00,CtrCore6s[B<>F;D<>R;L<>U]+ME2s[DL<>UR],CtrCore6s[B<>F;D<>R;L<>U]+ME2s[DL<>UR],CtrCore6s[B<>F;D<>R;L<>U]+ME2s[DL<>UR],16,0,22,1,S R S R' S R' L2 S R L2 S2 R' U2 R S' R' U2 R E S2 E' S2
rubiks-7,CenterMidEdgeSwap-SH00,CenterMidEdgeSwap-SH00#00,CtrCore6s[B<>F;D<>L;R<>U]+ME2[DL>RU],CtrCore6s[B<>F;D<>L;R<>U]+ME2[DL>RU],CtrCore6s[B<>F;D<>L;R<>U]+ME2[DL>RU],20,2,18,1,L' S' L S' L' S' L' S' L S' L E' S2 E S R2 S R2
rubiks-7,CenterMidEdgeSwap-SH01,CenterMidEdgeSwap-SH01#00,CtrCore6s[B<>F;D<>R;L<>U]+ME2[DL>RU],CtrCore6s[B<>F;D<>R;L<>U]+ME2[DL>RU],CtrCore6s[B<>F;D<>R;L<>U]+ME2[DL>RU],20,2,18,1,L' S' L S' L' S' L' S' L S' L M' S2 M S R2 S R2
rubiks-7,CenterX00,CenterX00#00,CtrCore6p[3x2][B>R>D;F>L>U],CtrCore6p[3x2][B>R>D;F>L>U],CtrCore6p[3x2][B>R>D;F>L>U],6,0,4,1,M E M' E'
rubiks-7,CenterX01,CenterX01#00,CtrCore4s[B<>F;D<>U],CtrCore4s[B<>F;D<>U],CtrCore4s[B<>F;D<>U],4,0,4,1,M E2 M' E2
rubiks-7,CornerEdgeBlockSwap-B00,CornerEdgeBlockSwap-B00#00,C2s[UBR<>UFL]+EAll2s[UL<>UR],C2s[UBR<>UFL]+EAll2s[UL<>UR],C2s[UBR<>UFL]+EAll2s[UL<>UR],28,0,14,1,L2 F2 U2 L' U2 L2 F2 L' U2 L2 U2 F2 L' F2
rubiks-7,CornerEdgeBlockSwap-B01,CornerEdgeBlockSwap-B01#00,C2s[DLF<>URF]+EAll2s[DR<>UL],C2s[DLF<>URF]+EAll2s[DR<>UL],C2s[DLF<>URF]+EAll2s[DR<>UL],100,0,20,1,R2 B2 L2 D2 F2 L2 B2 R2 F2 U F2 U2 R2 U F2 U2 F2 R2 U R2
rubiks-7,CornerEdgeBlockSwap-F00,CornerEdgeBlockSwap-F00#00,C2[DLF>BUL]+EAll2s[UL<>UR],C2[DLF>BUL]+EAll2s[UL<>UR],C2[DLF>BUL]+EAll2s[UL<>UR],28,2,10,1,L F' D2 B R' B' D2 F2 L' F'
rubiks-7,CornerEdgeBlockSwap-F01,CornerEdgeBlockSwap-F01#00,C2[DLF>FUR]+EAll2s[DR<>UL],C2[DLF>FUR]+EAll2s[DR<>UL],C2[DLF>FUR]+EAll2s[DR<>UL],28,2,19,1,F R2 F R U R' U' R' F R2 U' R' U' R U R' F2 R2 F'
rubiks-7,CornerEdgeBlockSwap-J00,CornerEdgeBlockSwap-J00#00,C2[DLF>BRU]+EAll2[BR>BU],C2[DLF>BRU]+EAll2[BR>BU],C2[DLF>BRU]+EAll2[BR>BU],28,4,10,1,L2 U2 F U F' U L2 D' B D
rubiks-7,CornerEdgeBlockSwap-J01,CornerEdgeBlockSwap-J01#00,C2[DLF>BRU]+EAll2s[BR<>UB],C2[DLF>BRU]+EAll2s[BR<>UB],C2[DLF>BRU]+EAll2s[BR<>UB],28,2,17,1,D2 R' U' R D2 R' U F2 L' U' L F2 R' D R' D' R'
rubiks-7,CornerEdgeBlockSwap-J02,CornerEdgeBlockSwap-J02#00,C2[DLF>BRU]+EAll2[FL>BU],C2[DLF>BRU]+EAll2[FL>BU],C2[DLF>BRU]+EAll2[FL>BU],28,4,14,1,U B' U R2 D' F D R2 F U2 B U2 F' U2
rubiks-7,CornerEdgeBlockSwap-J03,CornerEdgeBlockSwap-J03#00,C2[DLF>BRU]+EAll2s[FL<>UB],C2[DLF>BRU]+EAll2s[FL<>UB],C2[DLF>BRU]+EAll2s[FL<>UB],28,2,18,1,U2 L D L' U2 L D' L2 F2 R U R' F2 L D' L D L'
rubiks-7,CornerEdgeBlockSwap-J04,CornerEdgeBlockSwap-J04#00,C2[DLF>BRU]+EAll2s[RF<>UF],C2[DLF>BRU]+EAll2s[RF<>UF],C2[DLF>BRU]+EAll2s[RF<>UF],100,2,16,1,L2 U2 F' L2 D2 R2 B2 D2 L2 U' F' U L2 D' B D
rubiks-7,CornerEdgeBlockSwap-J05,CornerEdgeBlockSwap-J05#00,C2[DLF>BRU]+EAll2[RF>FU],C2[DLF>BRU]+EAll2[RF>FU],C2[DLF>BRU]+EAll2[RF>FU],76,4,22,1,R2 D' F' D F D R' D2 F D F D' F' D B2 L2 U L2 B2 R2 D R
rubiks-7,CornerEdgeBlockSwap-J06,CornerEdgeBlockSwap-J06#00,C2[DLF>BRU]+EAll2s[LB<>UF],C2[DLF>BRU]+EAll2s[LB<>UF],C2[DLF>BRU]+EAll2s[LB<>UF],100,2,19,1,D' B' D L2 U' F U L2 D2 B D2 U2 L2 D2 F R2 D2 L2 B
rubiks-7,CornerEdgeBlockSwap-J07,CornerEdgeBlockSwap-J07#00,C2[DLF>BRU]+EAll2[LB>FU],C2[DLF>BRU]+EAll2[LB>FU],C2[DLF>BRU]+EAll2[LB>FU],28,4,28,1,L' U2 L2 R2 D' L2 D L2 R2 U' L2 U' L R D' F D F' D' F' D2 R D' F' D' F D R2
rubiks-7,CornerEdgeBlockSwap-J08,CornerEdgeBlockSwap-J08#00,C2[DRB>FLU]+EAll2s[DL<>UR],C2[DRB>FLU]+EAll2s[DL<>UR],C2[DRB>FLU]+EAll2s[DL<>UR],52,2,20,1,F B L2 D2 R' B R D2 U2 B' U2 B U2 L2 F L F' L' B' F'
rubiks-7,CornerEdgeBlockSwap-J09,CornerEdgeBlockSwap-J09#00,C2[DBL>RFU]+EAll2[DF>BU],C2[DBL>RFU]+EAll2[DF>BU],C2[DBL>RFU]+EAll2[DF>BU],52,4,24,1,L R F U L' D2 R' B R D2 U2 B' U2 B U2 L2 F L F' L2 U' F' R' L'
rubiks-7,CornerEdgeBlockSwap-J10,CornerEdgeBlockSwap-J10#00,C2[DLF>BRU]+EAll2s[DL<>UR],C2[DLF>BRU]+EAll2s[DL<>UR],C2[DLF>BRU]+EAll2s[DL<>UR],52,2,18,1,F2 L2 D2 R' B R D2 U2 B' U2 B U2 L2 F L F' L' F2
rubiks-7,CornerEdgeBlockSwap-J11,CornerEdgeBlockSwap-J11#00,C2[DLF>RUB]+EAll2[DF>BU],C2[DLF>RUB]+EAll2[DF>BU],C2[DLF>RUB]+EAll2[DF>BU],52,4,22,1,L2 F U L' D2 R' B R D2 U2 B' U2 B U2 L2 F L F' L2 U' F' L2
rubiks-7,CornerEdgeBlockSwap-JX,CornerEdgeBlockSwap-JX#00,C2[DRB>LUF]+EAll2s[UL<>UR],C2[DRB>LUF]+EAll2s[UL<>UR],C2[DRB>LUF]+EAll2s[UL<>UR],28,2,11,1,B2 L' B2 D2 F' R' F D2 B' L B
rubiks-7,CornerEdgeBlockSwap-JY,CornerEdgeBlockSwap-JY#00,C2s[DLF<>UBR]+EAll2s[UL<>UR],C2s[DLF<>UBR]+EAll2s[UL<>UR],C2s[DLF<>UBR]+EAll2s[UL<>UR],28,0,14,1,F2 R' F D2 B' L B D2 F L' F R F' L
rubiks-7,CornerEdgeBlockSwap-JZ,CornerEdgeBlockSwap-JZ#00,C2[DRB>FLU]+EAll2s[UL<>UR],C2[DRB>FLU]+EAll2s[UL<>UR],C2[DRB>FLU]+EAll2s[UL<>UR],52,2,17,1,B2 U2 B U2 B' U2 B2 L2 F' L' F L' U2 R B' R' U2
rubiks-7,CornerEdgeBlockSwap-K00,CornerEdgeBlockSwap-K00#00,C2[UBR>FUR]+EAll2[BR>BU],C2[UBR>FUR]+EAll2[BR>BU],C2[UBR>FUR]+EAll2[BR>BU],28,4,19,1,D2 L B L' D2 R F' R F R2 F2 D2 F U2 F' D2 F U2 F
rubiks-7,CornerEdgeBlockSwap-K01,CornerEdgeBlockSwap-K01#00,C2[UBR>FUR]+EAll2s[BR<>UB],C2[UBR>FUR]+EAll2s[BR<>UB],C2[UBR>FUR]+EAll2s[BR<>UB],28,2,25,1,R2 D' R U2 R' D R U2 R U' L' U R2 U' L U R2 U R U' R U R U' R2
rubiks-7,CornerEdgeBlockSwap-K02,CornerEdgeBlockSwap-K02#00,C2[UBR>FUR]+EAll2s[RF<>UB],C2[UBR>FUR]+EAll2s[RF<>UB],C2[UBR>FUR]+EAll2s[RF<>UB],28,2,18,1,B' R2 B' D2 L2 F2 L2 D2 B R2 D2 L' F' L D2 R' B R
rubiks-7,CornerEdgeBlockSwap-K03,CornerEdgeBlockSwap-K03#00,C2[UBR>FUR]+EAll2[RF>BU],C2[UBR>FUR]+EAll2[RF>BU],C2[UBR>FUR]+EAll2[RF>BU],28,4,22,1,B2 D B' U2 B D' B' U2 L B' U' L F U L2 U' L F L F' L2 U
rubiks-7,CornerEdgeBlockSwap-K04,CornerEdgeBlockSwap-K04#00,C2[UBR>FUR]+EAll2[DF>LF],C2[UBR>FUR]+EAll2[DF>LF],C2[UBR>FUR]+EAll2[DF>LF],100,4,23,1,U2 F L2 B' U2 B U2 F2 L2 F' L2 F L2 U2 F2 U2 B L2 U2 R2 F D2 R2
rubiks-7,CornerEdgeBlockSwap-K05,CornerEdgeBlockSwap-K05#00,C2[UBR>FUR]+EAll2s[DF<>FL],C2[UBR>FUR]+EAll2s[DF<>FL],C2[UBR>FUR]+EAll2s[DF<>FL],52,2,24,1,D R D' U F2 U' D R' D2 B2 D2 B' D2 B D2 B' D2 R2 B' R2 B' D2 B2 D'
rubiks-7,CornerEdgeBlockSwap-K06,CornerEdgeBlockSwap-K06#00,C2[UBR>FUR]+EAll2s[DF<>LB],C2[UBR>FUR]+EAll2s[DF<>LB],C2[UBR>FUR]+EAll2s[DF<>LB],52,2,23,1,U2 B' L2 F U2 F' U2 B2 L2 B L2 B' L2 U2 B2 D2 B' D2 R2 U2 F' U2 R2
rubiks-7,CornerEdgeBlockSwap-K07,CornerEdgeBlockSwap-K07#00,C2[UBR>FUR]+EAll2[DF>BL],C2[UBR>FUR]+EAll2[DF>BL],C2[UBR>FUR]+EAll2[DF>BL],28,4,24,1,D R' D U' B2 D' U R D2 B2 D2 B' D2 B D2 B' D2 R2 B' R2 B' D2 B2 D'
rubiks-7,CornerEdgeBlockSwap-K08,CornerEdgeBlockSwap-K08#00,C2[UFL>BUL]+EAll2s[DL<>UR],C2[UFL>BUL]+EAll2s[DL<>UR],C2[UFL>BUL]+EAll2s[DL<>UR],100,2,20,1,F2 D2 B U2 B' F R2 L2 F L2 D2 F D2 F' D2 F D2 F2 D2 L2
rubiks-7,CornerEdgeBlockSwap-K09,CornerEdgeBlockSwap-K09#00,C2[DBL>RBD]+EAll2[DF>BU],C2[DBL>RBD]+EAll2[DF>BU],C2[DBL>RBD]+EAll2[DF>BU],52,4,24,1,L R' F U L' D2 R' B R D2 U2 B' U2 B U2 L2 F L F' L2 U' F' R L'
rubiks-7,CornerEdgeBlockSwap-Super00,CornerEdgeBlockSwap-Super00#00,C2s[DLF<>UBR]+EAll2[UL>RU],C2s[DLF<>UBR]+EAll2[UL>RU],C2s[DLF<>UBR]+EAll2[UL>RU],28,2,26,1,U' F' U B U' F U B' L D L' U L D' L2 U L U' F R U R' F' L' U' L
rubiks-7,CornerEdgeBlockSwap-Super05,CornerEdgeBlockSwap-Super05#00,C2s[DBL<>DFR]+EAll2s[UL<>UR],C2s[DBL<>DFR]+EAll2s[UL<>UR],C2s[DBL<>DFR]+EAll2s[UL<>UR],76,0,20,1,D2 B2 D2 F2 U2 F2 B2 R' B2 D2 R2 D2 R' B2 R2 D2 R D2 B2 R2
rubiks-7,CornerEdgeBlockSwap-Super06,CornerEdgeBlockSwap-Super06#00,C2[DBL>FRD]+EAll2s[UL<>UR],C2[DBL>FRD]+EAll2s[UL<>UR],C2[DBL>FRD]+EAll2s[UL<>UR],76,2,15,1,D2 F2 B2 U2 F2 R' B U2 F' L F U2 B2 R B'
rubiks-7,CornerPermutation-A00,CornerPermutation-A00#00,C3[UBR>UFL>URF],C3[UBR>UFL>URF],C3[UBR>UFL>URF],3,0,9,1,R B' R F2 R' B R F2 R2
rubiks-7,CornerPermutation-A01,CornerPermutation-A01#00,C3[UBR>LUF>URF],C3[UBR>LUF>URF],C3[UBR>LUF>URF],3,2,9,1,R U2 R D R' U2 R D' R2
rubiks-7,CornerPermutation-A02,CornerPermutation-A02#00,C3[UBR>FLU>URF]~v01,C3[UBR>FLU>URF]~v01,C3[UBR>FLU>URF],3,2,8,2,F R B R' F' R B' R'
rubiks-7,CornerPermutation-A03,CornerPermutation-A03#00,C3[UBR>FLU>FUR],C3[UBR>FLU>FUR],C3[UBR>FLU>FUR],3,3,10,1,L' B U2 B' L B L' U2 L B'
rubiks-7,CornerPermutation-A04,CornerPermutation-A04#00,C3[UBR>UFL>FUR],C3[UBR>UFL>FUR],C3[UBR>UFL>FUR],3,2,9,1,B' R2 B' L2 B R2 B' L2 B2
rubiks-7,CornerPermutation-A05,CornerPermutation-A05#00,C3[UBR>LUF>FUR],C3[UBR>LUF>FUR],C3[UBR>LUF>FUR],3,2,9,1,F2 D' F U2 F' D F U2 F
rubiks-7,CornerPermutation-A06,CornerPermutation-A06#00,C3[UBR>LUF>RFU]~v01,C3[UBR>LUF>RFU]~v01,C3[UBR>LUF>RFU],3,3,8,2,F U' B' U F' U' B U
rubiks-7,CornerPermutation-A07,CornerPermutation-A07#00,C3[UBR>FLU>RFU]~v01,C3[UBR>FLU>RFU]~v01,C3[UBR>FLU>RFU],3,2,8,2,R B L' B' R' B L B'
rubiks-7,CornerPermutation-A08,CornerPermutation-A08#00,C3[UBR>UFL>RFU],C3[UBR>UFL>RFU],C3[UBR>UFL>RFU],3,2,9,1,L2 B2 L' F2 L B2 L' F2 L'
rubiks-7,CornerPermutation-A09,CornerPermutation-A09#00,C3[UBR>FLU>URF]~v02,C3[UBR>FLU>URF]~v02,C3[UBR>FLU>URF],3,2,8,2,L' B L F' L' B' L F
rubiks-7,CornerPermutation-A10,CornerPermutation-A10#00,C3[UBR>LUF>RFU]~v02,C3[UBR>LUF>RFU]~v02,C3[UBR>LUF>RFU],3,3,8,2,U L U' R' U L' U' R
rubiks-7,CornerPermutation-A11,CornerPermutation-A11#00,C3[UBR>FLU>RFU]~v02,C3[UBR>FLU>RFU]~v02,C3[UBR>FLU>RFU],3,2,8,2,F' L' F R' F' L F R
rubiks-7,CornerPermutation-B00,CornerPermutation-B00#00,C3[DRB>LUF>BRU],C3[DRB>LUF>BRU],C3[DRB>LUF>BRU],3,3,8,1,B' R F2 R' B R F2 R'
rubiks-7,CornerPermutation-B01,CornerPermutation-B01#00,C3[DRB>FLU>BRU]~v01,C3[DRB>FLU>BRU]~v01,C3[DRB>FLU>BRU],3,2,8,2,U2 R D R' U2 R D' R'
rubiks-7,CornerPermutation-B02,CornerPermutation-B02#00,C3[DRB>UFL>BRU]~v01,C3[DRB>UFL>BRU]~v01,C3[DRB>UFL>BRU],3,2,8,2,R' F R B R' F' R B'
rubiks-7,CornerPermutation-B03,CornerPermutation-B03#00,C3[DRB>UFL>UBR],C3[DRB>UFL>UBR],C3[DRB>UFL>UBR],3,0,12,1,U R2 U' B2 U B2 U R2 U' B2 U' B2
rubiks-7,CornerPermutation-B04,CornerPermutation-B04#00,C3[DRB>LUF>UBR],C3[DRB>LUF>UBR],C3[DRB>LUF>UBR],3,2,9,1,D' R2 D' L D R2 D' L' D2
rubiks-7,CornerPermutation-B05,CornerPermutation-B05#00,C3[DRB>BRU>LUF],C3[DRB>BRU>LUF],C3[DRB>BRU>LUF],3,3,8,1,R F2 R' B' R F2 R' B
rubiks-7,CornerPermutation-B06,CornerPermutation-B06#00,C3[DRB>BRU>FLU]~v01,C3[DRB>BRU>FLU]~v01,C3[DRB>BRU>FLU],3,2,8,2,R D R' U2 R D' R' U2
rubiks-7,CornerPermutation-B07,CornerPermutation-B07#00,C3[DRB>BRU>UFL]~v01,C3[DRB>BRU>UFL]~v01,C3[DRB>BRU>UFL],3,2,8,2,B R' F R B' R' F' R
rubiks-7,CornerPermutation-B08,CornerPermutation-B08#00,C3[DRB>UBR>UFL],C3[DRB>UBR>UFL],C3[DRB>UBR>UFL],3,0,12,1,B2 U B2 U R2 U' B2 U' B2 U R2 U'
rubiks-7,CornerPermutation-B09,CornerPermutation-B09#00,C3[DRB>UBR>LUF],C3[DRB>UBR>LUF],C3[DRB>UBR>LUF],3,2,9,1,D2 L D R2 D' L' D R2 D
rubiks-7,CornerPermutation-B10,CornerPermutation-B10#00,C3[DRB>FLU>BRU]~v02,C3[DRB>FLU>BRU]~v02,C3[DRB>FLU>BRU],3,2,8,2,F' D2 F U2 F' D2 F U2
rubiks-7,CornerPermutation-B11,CornerPermutation-B11#00,C3[DRB>UFL>BRU]~v02,C3[DRB>UFL>BRU]~v02,C3[DRB>UFL>BRU],3,2,8,2,B' D' F2 D B D' F2 D
rubiks-7,CornerPermutation-B12,CornerPermutation-B12#00,C3[DRB>BRU>FLU]~v02,C3[DRB>BRU>FLU]~v02,C3[DRB>BRU>FLU],3,2,8,2,U2 F' D2 F U2 F' D2 F
rubiks-7,CornerPermutation-B13,CornerPermutation-B13#00,C3[DRB>BRU>UFL]~v02,C3[DRB>BRU>UFL]~v02,C3[DRB>BRU>UFL],3,2,8,2,D' F2 D B' D' F2 D B
rubiks-7,CornerPermutation-C00,CornerPermutation-C00#00,C3[DFR>UBR>UFL]~v01,C3[DFR>UBR>UFL]~v01,C3[DFR>UBR>UFL],3,0,12,2,R U2 R' U2 R' F2 R U2 R U2 R' F2
rubiks-7,CornerPermutation-C01,CornerPermutation-C01#00,C3[DFR>RUB>FLU]~v01,C3[DFR>RUB>FLU]~v01,C3[DFR>RUB>FLU],3,3,11,2,D' F2 D B' D' F D B D' F D
rubiks-7,CornerPermutation-C02,CornerPermutation-C02#00,C3[DFR>BRU>LUF],C3[DFR>BRU>LUF],C3[DFR>BRU>LUF],3,3,11,1,U' F' U B U' F' U B' U' F2 U
rubiks-7,CornerPermutation-C03,CornerPermutation-C03#00,C3[DFR>BRU>FLU],C3[DFR>BRU>FLU],C3[DFR>BRU>FLU],3,2,8,1,B' D B U2 B' D' B U2
rubiks-7,CornerPermutation-C04,CornerPermutation-C04#00,C3[DFR>FLU>BRU],C3[DFR>FLU>BRU],C3[DFR>FLU>BRU],3,2,8,1,U2 B' D B U2 B' D' B
rubiks-7,CornerPermutation-C05,CornerPermutation-C05#00,C3[DFR>UFL>UBR]~v01,C3[DFR>UFL>UBR]~v01,C3[DFR>UFL>UBR],3,0,12,2,F2 R U2 R' U2 R' F2 R U2 R U2 R'
rubiks-7,CornerPermutation-C06,CornerPermutation-C06#00,C3[DFR>FLU>RUB]~v01,C3[DFR>FLU>RUB]~v01,C3[DFR>FLU>RUB],3,3,11,2,D' F' D B' D' F' D B D' F2 D
rubiks-7,CornerPermutation-C07,CornerPermutation-C07#00,C3[DFR>LUF>BRU],C3[DFR>LUF>BRU],C3[DFR>LUF>BRU],3,3,11,1,U' F2 U B U' F U B' U' F U
rubiks-7,CornerPermutation-C08,CornerPermutation-C08#00,C3[DFR>RUB>FLU]~v02,C3[DFR>RUB>FLU]~v02,C3[DFR>RUB>FLU],3,3,11,2,U F2 U B U' F U B' U' F U'
rubiks-7,CornerPermutation-C09,CornerPermutation-C09#00,C3[DFR>FLU>RUB]~v02,C3[DFR>FLU>RUB]~v02,C3[DFR>FLU>RUB],3,3,11,2,U F' U B U' F' U B' U' F2 U'
rubiks-7,CornerPermutation-C10,CornerPermutation-C10#00,C3[DFR>UBR>UFL]~v02,C3[DFR>UBR>UFL]~v02,C3[DFR>UBR>UFL],3,0,12,2,F2 U' R2 U R2 D R2 D' R2 D' F2 D
rubiks-7,CornerPermutation-C11,CornerPermutation-C11#00,C3[DFR>UFL>UBR]~v02,C3[DFR>UFL>UBR]~v02,C3[DFR>UFL>UBR],3,0,12,2,D' F2 D R2 D R2 D' R2 U' R2 U F2
rubiks-7,CornerTwist-A,CornerTwist-A#00,C2[UBR>BRU;ULB>BUL],C2[UBR>BRU;ULB>BUL],C2[UBR>BRU;ULB>BUL],2,2,13,1,R' U2 R' B D2 B' R U2 R' B D2 B' R2
rubiks-7,CornerTwist-B,CornerTwist-B#00,C2[ULB>BUL;URF>RFU],C2[ULB>BUL;URF>RFU],C2[ULB>BUL;URF>RFU],2,2,12,1,U2 R' B D2 B' R U2 R' B D2 B' R
rubiks-7,CornerTwist-C,CornerTwist-C#00,C2[DFR>FRD;ULB>BUL],C2[DFR>FRD;ULB>BUL],C2[DFR>FRD;ULB>BUL],2,2,12,1,R U2 R' B D2 B' R U2 R' B D2 B'
rubiks-7,CornerTwist-D,CornerTwist-D#00,C3[UBR>BRU;UFL>FLU;URF>RFU],C3[UBR>BRU;UFL>FLU;URF>RFU],C3[UBR>BRU;UFL>FLU;URF>RFU],3,3,15,1,B L' B' R B L B' U2 R D R' U2 R D' R2
rubiks-7,CornerTwist-E,CornerTwist-E#00,C3[DRB>RBD;UBR>BRU;UFL>FLU],C3[DRB>RBD;UBR>BRU;UFL>FLU],C3[DRB>RBD;UBR>BRU;UFL>FLU],3,3,15,1,R' F R B R' F' R B2 D' B U2 B' D B U2
rubiks-7,CornerTwist-F,CornerTwist-F#00,C3[DFR>FRD;UBR>BRU;UFL>FLU],C3[DFR>FRD;UBR>BRU;UFL>FLU],C3[DFR>FRD;UBR>BRU;UFL>FLU],3,3,15,1,R2 B L' B2 U F' U' B U F U' R2 B L B'
rubiks-7,CornerTwist-F01,CornerTwist-F01#00,C3[DFR>RDF;UBR>RUB;UFL>LUF],C3[DFR>RDF;UBR>RUB;UFL>LUF],C3[DFR>RDF;UBR>RUB;UFL>LUF],3,3,15,1,B L' B' R2 U F' U' B' U F U' B2 L B' R2
rubiks-7,CtrBar3[B@2L>F@2L>U@2R],CtrBar3[B@2L>F@2L>U@2R]#00,CtrBar3[B@2L>F@2L>U@2R],CtrBar3[B@2L>F@2L>U@2R],CtrBar3[B@2L>F@2L>U@2R],15,0,9,1,2L B2 D2 F2 2R2 F2 D2 B2 2L
rubiks-7,CtrBar3[B@2L>F@2R>U@2R],CtrBar3[B@2L>F@2R>U@2R]#00,CtrBar3[B@2L>F@2R>U@2R],CtrBar3[B@2L>F@2R>U@2R],CtrBar3[B@2L>F@2R>U@2R],15,0,9,1,2R2 U2 F2 D2 2L D2 F2 U2 2R'
rubiks-7,CtrBar3[B@2L>U@2R>F@2L],CtrBar3[B@2L>U@2R>F@2L]#00,CtrBar3[B@2L>U@2R>F@2L],CtrBar3[B@2L>U@2R>F@2L],CtrBar3[B@2L>U@2R>F@2L],15,0,9,1,2L' B2 D2 F2 2R2 F2 D2 B2 2L'
rubiks-7,CtrBar3[B@2L>U@2R>F@2R],CtrBar3[B@2L>U@2R>F@2R]#00,CtrBar3[B@2L>U@2R>F@2R],CtrBar3[B@2L>U@2R>F@2R],CtrBar3[B@2L>U@2R>F@2R],15,0,9,1,2R U2 F2 D2 2L' D2 F2 U2 2R2
rubiks-7,CtrBar3[B@2R>F@2R>U@2R],CtrBar3[B@2R>F@2R>U@2R]#00,CtrBar3[B@2R>F@2R>U@2R],CtrBar3[B@2R>F@2R>U@2R],CtrBar3[B@2R>F@2R>U@2R],15,0,11,1,B2 2R2 U2 F2 D2 2L D2 F2 U2 2R' B2
rubiks-7,CtrBar3[B@2R>U@2R>F@2R],CtrBar3[B@2R>U@2R>F@2R]#00,CtrBar3[B@2R>U@2R>F@2R],CtrBar3[B@2R>U@2R>F@2R],CtrBar3[B@2R>U@2R>F@2R],15,0,11,1,B2 2R U2 F2 D2 2L' D2 F2 U2 2R2 B2
rubiks-7,CtrBar3[D@2L>U@2F>U@2B],CtrBar3[D@2L>U@2F>U@2B]#00,CtrBar3[D@2L>U@2F>U@2B],CtrBar3[D@2L>U@2F>U@2B],CtrBar3[D@2L>U@2F>U@2B],15,0,10,1,U 2L2 F2 U2 F2 2L2 F2 U2 F2 U'
rubiks-7,CtrBar3[D@2L>U@2L>U@2R],CtrBar3[D@2L>U@2L>U@2R]#00,CtrBar3[D@2L>U@2L>U@2R],CtrBar3[D@2L>U@2L>U@2R],CtrBar3[D@2L>U@2L>U@2R],15,0,8,1,2L2 F2 U2 F2 2L2 F2 U2 F2
rubiks-7,CtrBar3[D@2L>U@2R>U@2L],CtrBar3[D@2L>U@2R>U@2L]#00,CtrBar3[D@2L>U@2R>U@2L],CtrBar3[D@2L>U@2R>U@2L],CtrBar3[D@2L>U@2R>U@2L],15,0,8,1,F2 U2 F2 2L2 F2 U2 F2 2L2
rubiks-7,CtrBar3[F@2D>U@2B>U@2F],CtrBar3[F@2D>U@2B>U@2F]#00,CtrBar3[F@2D>U@2B>U@2F],CtrBar3[F@2D>U@2B>U@2F],CtrBar3[F@2D>U@2B>U@2F],15,0,11,1,U F' 2R F2 D2 B2 2L B2 D2 F' U'
rubiks-7,CtrBar3[F@2D>U@2F>U@2B],CtrBar3[F@2D>U@2F>U@2B]#00,CtrBar3[F@2D>U@2F>U@2B],CtrBar3[F@2D>U@2F>U@2B],CtrBar3[F@2D>U@2F>U@2B],15,0,11,1,U' F' 2R F2 D2 B2 2L B2 D2 F' U
rubiks-7,CtrBar3[F@2D>U@2R>U@2L],CtrBar3[F@2D>U@2R>U@2L]#00,CtrBar3[F@2D>U@2R>U@2L],CtrBar3[F@2D>U@2R>U@2L],CtrBar3[F@2D>U@2R>U@2L],15,0,9,1,F' 2R F2 D2 B2 2L B2 D2 F'
rubiks-7,CtrBar3[F@2L>U@2L>U@2R],CtrBar3[F@2L>U@2L>U@2R]#00,CtrBar3[F@2L>U@2L>U@2R],CtrBar3[F@2L>U@2L>U@2R],CtrBar3[F@2L>U@2L>U@2R],15,0,8,1,D2 B2 2L' B2 D2 F2 2R' F2
rubiks-7,CtrBar3[F@2L>U@2R>U@2L],CtrBar3[F@2L>U@2R>U@2L]#00,CtrBar3[F@2L>U@2R>U@2L],CtrBar3[F@2L>U@2R>U@2L],CtrBar3[F@2L>U@2R>U@2L],15,0,8,1,F2 2R F2 D2 B2 2L B2 D2
rubiks-7,CtrBar3[F@2U>U@2B>U@2F],CtrBar3[F@2U>U@2B>U@2F]#00,CtrBar3[F@2U>U@2B>U@2F],CtrBar3[F@2U>U@2B>U@2F],CtrBar3[F@2U>U@2B>U@2F],15,0,11,1,U F 2R F2 D2 B2 2L B2 D2 F U'
rubiks-7,CtrBar3[F@2U>U@2F>U@2B],CtrBar3[F@2U>U@2F>U@2B]#00,CtrBar3[F@2U>U@2F>U@2B],CtrBar3[F@2U>U@2F>U@2B],CtrBar3[F@2U>U@2F>U@2B],15,0,11,1,U' F 2R F2 D2 B2 2L B2 D2 F U
rubiks-7,CtrBar3[F@2U>U@2R>U@2L],CtrBar3[F@2U>U@2R>U@2L]#00,CtrBar3[F@2U>U@2R>U@2L],CtrBar3[F@2U>U@2R>U@2L],CtrBar3[F@2U>U@2R>U@2L],15,0,9,1,F 2R F2 D2 B2 2L B2 D2 F
rubiks-7,CtrBar4s[D@2L<>U@2F;D@2R<>U@2B],CtrBar4s[D@2L<>U@2F;D@2R<>U@2B]#00,CtrBar4s[D@2L<>U@2F;D@2R<>U@2B],CtrBar4s[D@2L<>U@2F;D@2R<>U@2B],CtrBar4s[D@2L<>U@2F;D@2R<>U@2B],20,0,8,1,U 2R2 F2 B2 2L2 F2 B2 U'
rubiks-7,CtrBar4s[D@2L<>U@2L;D@2R<>U@2R],CtrBar4s[D@2L<>U@2L;D@2R<>U@2R]#00,CtrBar4s[D@2L<>U@2L;D@2R<>U@2R],CtrBar4s[D@2L<>U@2L;D@2R<>U@2R],CtrBar4s[D@2L<>U@2L;D@2R<>U@2R],20,0,6,1,2R2 F2 B2 2L2 F2 B2
rubiks-7,CtrBar4s[F@2D<>U@2R;F@2U<>U@2L],CtrBar4s[F@2D<>U@2R;F@2U<>U@2L]#00,CtrBar4s[F@2D<>U@2R;F@2U<>U@2L],CtrBar4s[F@2D<>U@2R;F@2U<>U@2L],CtrBar4s[F@2D<>U@2R;F@2U<>U@2L],20,0,12,1,F 2R F2 D2 B2 2L 2R B2 D2 F2 2L F'
rubiks-7,CtrBar4s[F@2L<>U@2R;F@2R<>U@2L],CtrBar4s[F@2L<>U@2R;F@2R<>U@2L]#00,CtrBar4s[F@2L<>U@2R;F@2R<>U@2L],CtrBar4s[F@2L<>U@2R;F@2R<>U@2L],CtrBar4s[F@2L<>U@2R;F@2R<>U@2L],20,0,10,1,2R F2 D2 B2 2L 2R B2 D2 F2 2L
rubiks-7,CtrCore4[D>L>U>R]+ME2[DF>RU],CtrCore4[D>L>U>R]+ME2[DF>RU]#00,CtrCore4[D>L>U>R]+ME2[DF>RU],CtrCore4[D>L>U>R]+ME2[DF>RU],CtrCore4[D>L>U>R]+ME2[DF>RU],18,2,14,1,S D S D2 L2 D S D S D' S D' L2 D
rubiks-7,CtrCore4[D>L>U>R]+ME2[DL>RU],CtrCore4[D>L>U>R]+ME2[DL>RU]#00,CtrCore4[D>L>U>R]+ME2[DL>RU],CtrCore4[D>L>U>R]+ME2[DL>RU],CtrCore4[D>L>U>R]+ME2[DL>RU],18,2,15,1,D S D' S D S D S D' S D' S U2 S' U2
rubiks-7,CtrCore4[D>L>U>R]+ME2[UF>RU],CtrCore4[D>L>U>R]+ME2[UF>RU]#00,CtrCore4[D>L>U>R]+ME2[UF>RU],CtrCore4[D>L>U>R]+ME2[UF>RU],CtrCore4[D>L>U>R]+ME2[UF>RU],14,2,16,1,R2 S' R2 S2 U' R2 S U S U S U' S U' R2 U
rubiks-7,CtrCore4[D>L>U>R]+ME2[UL>RU],CtrCore4[D>L>U>R]+ME2[UL>RU]#00,CtrCore4[D>L>U>R]+ME2[UL>RU],CtrCore4[D>L>U>R]+ME2[UL>RU],CtrCore4[D>L>U>R]+ME2[UL>RU],18,2,13,1,S D' S D2 L2 D' S D' S D2 L2 D' S
rubiks-7,CtrCore4[D>L>U>R]+ME2s[DF<>UR],CtrCore4[D>L>U>R]+ME2s[DF<>UR]#00,CtrCore4[D>L>U>R]+ME2s[DF<>UR],CtrCore4[D>L>U>R]+ME2s[DF<>UR],CtrCore4[D>L>U>R]+ME2s[DF<>UR],14,0,16,1,S D' S D S D S D' S M U M U2 M' U M'
rubiks-7,CtrCore4[D>L>U>R]+ME2s[DL<>UR],CtrCore4[D>L>U>R]+ME2s[DL<>UR]#00,CtrCore4[D>L>U>R]+ME2s[DL<>UR],CtrCore4[D>L>U>R]+ME2s[DL<>UR],CtrCore4[D>L>U>R]+ME2s[DL<>UR],14,0,18,1,S R S R' S R' L2 S R L2 S2 R' U2 R S' R' U2 R
rubiks-7,CtrCore4[D>L>U>R]+ME2s[UF<>UR],CtrCore4[D>L>U>R]+ME2s[UF<>UR]#00,CtrCore4[D>L>U>R]+ME2s[UF<>UR],CtrCore4[D>L>U>R]+ME2s[UF<>UR],CtrCore4[D>L>U>R]+ME2s[UF<>UR],18,0,18,1,R2 S' R2 S2 U' S U S U S U' S2 D M D2 M' D S'
rubiks-7,CtrCore4[D>L>U>R]+ME2s[UL<>UR],CtrCore4[D>L>U>R]+ME2s[UL<>UR]#00,CtrCore4[D>L>U>R]+ME2s[UL<>UR],CtrCore4[D>L>U>R]+ME2s[UL<>UR],CtrCore4[D>L>U>R]+ME2s[UL<>UR],18,0,19,1,S D S D' S D' S D S2 D' S D2 L2 S' D' S' D L2 D'
rubiks-7,CtrCore4[D>R>U>L]+ME2[BR>FD],CtrCore4[D>R>U>L]+ME2[BR>FD]#00,CtrCore4[D>R>U>L]+ME2[BR>FD],CtrCore4[D>R>U>L]+ME2[BR>FD],CtrCore4[D>R>U>L]+ME2[BR>FD],14,2,18,1,M E' M' F E' F' E' F' E' F E' M' B' M' B2 M B' M
rubiks-7,CtrCore4[D>R>U>L]+ME2[DB>FU],CtrCore4[D>R>U>L]+ME2[DB>FU]#00,CtrCore4[D>R>U>L]+ME2[DB>FU],CtrCore4[D>R>U>L]+ME2[DB>FU],CtrCore4[D>R>U>L]+ME2[DB>FU],18,2,15,1,D' S' U S' U' S' U' S' U S' D M D2 M' D2
rubiks-7,CtrCore4[D>R>U>L]+ME2[DF>RU],CtrCore4[D>R>U>L]+ME2[DF>RU]#00,CtrCore4[D>R>U>L]+ME2[DF>RU],CtrCore4[D>R>U>L]+ME2[DF>RU],CtrCore4[D>R>U>L]+ME2[DF>RU],18,2,14,1,D' L2 D S' D S' D' S' D' L2 D2 S' D' S'
rubiks-7,CtrCore4[D>R>U>L]+ME2[FL>FR],CtrCore4[D>R>U>L]+ME2[FL>FR]#00,CtrCore4[D>R>U>L]+ME2[FL>FR],CtrCore4[D>R>U>L]+ME2[FL>FR],CtrCore4[D>R>U>L]+ME2[FL>FR],22,2,20,1,E' B E' B' E' B' E' B M E' F' M F2 D2 M' F' M' F D2 F'
rubiks-7,CtrCore4[D>R>U>L]+ME2[RF>FU],CtrCore4[D>R>U>L]+ME2[RF>FU]#00,CtrCore4[D>R>U>L]+ME2[RF>FU],CtrCore4[D>R>U>L]+ME2[RF>FU],CtrCore4[D>R>U>L]+ME2[RF>FU],14,2,19,1,F' U2 F M F M F' M F' M U2 F E M E' M U2 M' U2
rubiks-7,CtrCore4[D>R>U>L]+ME2[UB>FU],CtrCore4[D>R>U>L]+ME2[UB>FU]#00,CtrCore4[D>R>U>L]+ME2[UB>FU],CtrCore4[D>R>U>L]+ME2[UB>FU],CtrCore4[D>R>U>L]+ME2[UB>FU],18,2,15,1,E' M' E D M' D2 F2 D M' D M' D2 F2 D M'
rubiks-7,CtrCore4[D>R>U>L]+ME2[UF>RU],CtrCore4[D>R>U>L]+ME2[UF>RU]#00,CtrCore4[D>R>U>L]+ME2[UF>RU],CtrCore4[D>R>U>L]+ME2[UF>RU],CtrCore4[D>R>U>L]+ME2[UF>RU],14,2,16,1,U' R2 U S' U S' U' S' U' S' R2 U S2 R2 S R2
rubiks-7,CtrCore4[D>R>U>L]+ME2s[BR<>DF],CtrCore4[D>R>U>L]+ME2s[BR<>DF]#00,CtrCore4[D>R>U>L]+ME2s[BR<>DF],CtrCore4[D>R>U>L]+ME2s[BR<>DF],CtrCore4[D>R>U>L]+ME2s[BR<>DF],18,0,16,1,M E' M' F E' F' E' F' E' F E' B M B2 M' B
rubiks-7,CtrCore4[D>R>U>L]+ME2s[DB<>UF],CtrCore4[D>R>U>L]+ME2s[DB<>UF]#00,CtrCore4[D>R>U>L]+ME2s[DB<>UF],CtrCore4[D>R>U>L]+ME2s[DB<>UF],CtrCore4[D>R>U>L]+ME2s[DB<>UF],18,0,18,1,D' S' U S' U' S' U' S' U S' D' B' M B D2 B' M' B
rubiks-7,CtrCore4[D>R>U>L]+ME2s[DF<>UR],CtrCore4[D>R>U>L]+ME2s[DF<>UR]#00,CtrCore4[D>R>U>L]+ME2s[DF<>UR],CtrCore4[D>R>U>L]+ME2s[DF<>UR],CtrCore4[D>R>U>L]+ME2s[DF<>UR],14,0,16,1,M U' M U2 M' U' M' S' D S' D' S' D' S' D S'
rubiks-7,CtrCore4[D>R>U>L]+ME2s[FL<>RF],CtrCore4[D>R>U>L]+ME2s[FL<>RF]#00,CtrCore4[D>R>U>L]+ME2s[FL<>RF],CtrCore4[D>R>U>L]+ME2s[FL<>RF],CtrCore4[D>R>U>L]+ME2s[FL<>RF],18,0,14,1,E R2 E' R S' L S' L' S' L' S' L S' R
rubiks-7,CtrCore4[D>R>U>L]+ME2s[RF<>UF],CtrCore4[D>R>U>L]+ME2s[RF<>UF]#00,CtrCore4[D>R>U>L]+ME2s[RF<>UF],CtrCore4[D>R>U>L]+ME2s[RF<>UF],CtrCore4[D>R>U>L]+ME2s[RF<>UF],14,0,17,1,R S' U S' U' S U2 S' U2 S' U' S' U S2 R2 S R
rubiks-7,CtrCore4[D>R>U>L]+ME2s[UB<>UF],CtrCore4[D>R>U>L]+ME2s[UB<>UF]#00,CtrCore4[D>R>U>L]+ME2s[UB<>UF],CtrCore4[D>R>U>L]+ME2s[UB<>UF],CtrCore4[D>R>U>L]+ME2s[UB<>UF],22,0,19,1,S' U' S' U S' U S' U' S2 U R2 U' S U S' R2 U2 S U
rubiks-7,CtrCore4[D>R>U>L]+ME2s[UF<>UR],CtrCore4[D>R>U>L]+ME2s[UF<>UR]#00,CtrCore4[D>R>U>L]+ME2s[UF<>UR],CtrCore4[D>R>U>L]+ME2s[UF<>UR],CtrCore4[D>R>U>L]+ME2s[UF<>UR],18,0,18,1,S D' M D2 M' D' S2 U S' U' S' U' S' U S2 R2 S R2
rubiks-7,CtrCore4s[B<>F;D<>U],CtrCore4s[B<>F;D<>U]#00,CtrCore4s[B<>F;D<>U],CtrCore4s[B<>F;D<>U],CtrCore4s[B<>F;D<>U],4,0,4,1,M E2 M' E2
rubiks-7,CtrCore6p[3x2][B>R>D;F>L>U],CtrCore6p[3x2][B>R>D;F>L>U]#00,CtrCore6p[3x2][B>R>D;F>L>U],CtrCore6p[3x2][B>R>D;F>L>U],CtrCore6p[3x2][B>R>D;F>L>U],6,0,4,1,M E M' E'
rubiks-7,CtrCore6s[B<>F;D<>L;R<>U]+ME2[BR>FD],CtrCore6s[B<>F;D<>L;R<>U]+ME2[BR>FD]#00,CtrCore6s[B<>F;D<>L;R<>U]+ME2[BR>FD],CtrCore6s[B<>F;D<>L;R<>U]+ME2[BR>FD],CtrCore6s[B<>F;D<>L;R<>U]+ME2[BR>FD],16,2,22,1,M E' M' F E' F' E' F' E' F E' M' B' M' B2 M B' M E S2 E' S2
rubiks-7,CtrCore6s[B<>F;D<>L;R<>U]+ME2[DF>RU],CtrCore6s[B<>F;D<>L;R<>U]+ME2[DF>RU]#00,CtrCore6s[B<>F;D<>L;R<>U]+ME2[DF>RU],CtrCore6s[B<>F;D<>L;R<>U]+ME2[DF>RU],CtrCore6s[B<>F;D<>L;R<>U]+ME2[DF>RU],20,2,18,1,S D S D2 L2 D S D S D' S D' L2 D M' S2 M S2
rubiks-7,CtrCore6s[B<>F;D<>L;R<>U]+ME2[DL>RU],CtrCore6s[B<>F;D<>L;R<>U]+ME2[DL>RU]#00,CtrCore6s[B<>F;D<>L;R<>U]+ME2[DL>RU],CtrCore6s[B<>F;D<>L;R<>U]+ME2[DL>RU],CtrCore6s[B<>F;D<>L;R<>U]+ME2[DL>RU],20,2,18,1,L' S' L S' L' S' L' S' L S' L E' S2 E S R2 S R2
rubiks-7,CtrCore6s[B<>F;D<>L;R<>U]+ME2[RF>FU],CtrCore6s[B<>F;D<>L;R<>U]+ME2[RF>FU]#00,CtrCore6s[B<>F;D<>L;R<>U]+ME2[RF>FU],CtrCore6s[B<>F;D<>L;R<>U]+ME2[RF>FU],CtrCore6s[B<>F;D<>L;R<>U]+ME2[RF>FU],16,2,23,1,F' U2 F M F M F' M F' M U2 F E M E' M U2 M' U2 E S2 E' S2
rubiks-7,CtrCore6s[B<>F;D<>L;R<>U]+ME2[UF>RU],CtrCore6s[B<>F;D<>L;R<>U]+ME2[UF>RU]#00,CtrCore6s[B<>F;D<>L;R<>U]+ME2[UF>RU],CtrCore6s[B<>F;D<>L;R<>U]+ME2[UF>RU],CtrCore6s[B<>F;D<>L;R<>U]+ME2[UF>RU],16,2,20,1,R2 S' R2 S2 U' R2 S U S U S U' S U' R2 U M' S2 M S2
rubiks-7,CtrCore6s[B<>F;D<>L;R<>U]+ME2[UL>RU],CtrCore6s[B<>F;D<>L;R<>U]+ME2[UL>RU]#00,CtrCore6s[B<>F;D<>L;R<>U]+ME2[UL>RU],CtrCore6s[B<>F;D<>L;R<>U]+ME2[UL>RU],CtrCore6s[B<>F;D<>L;R<>U]+ME2[UL>RU],20,2,16,1,M' S2 M S D S' D2 R2 D S' D S' D2 R2 D S'
rubiks-7,CtrCore6s[B<>F;D<>L;R<>U]+ME2s[BR<>DF],CtrCore6s[B<>F;D<>L;R<>U]+ME2s[BR<>DF]#00,CtrCore6s[B<>F;D<>L;R<>U]+ME2s[BR<>DF],CtrCore6s[B<>F;D<>L;R<>U]+ME2s[BR<>DF],CtrCore6s[B<>F;D<>L;R<>U]+ME2s[BR<>DF],20,0,20,1,M E' M' F E' F' E' F' E' F E' B M B2 M' B E S2 E' S2
rubiks-7,CtrCore6s[B<>F;D<>L;R<>U]+ME2s[DF<>UR],CtrCore6s[B<>F;D<>L;R<>U]+ME2s[DF<>UR]#00,CtrCore6s[B<>F;D<>L;R<>U]+ME2s[DF<>UR],CtrCore6s[B<>F;D<>L;R<>U]+ME2s[DF<>UR],CtrCore6s[B<>F;D<>L;R<>U]+ME2s[DF<>UR],16,0,19,1,S D' S D S D S D' S M U M U2 M' U M2 S2 M S2
rubiks-7,CtrCore6s[B<>F;D<>L;R<>U]+ME2s[DL<>UR],CtrCore6s[B<>F;D<>L;R<>U]+ME2s[DL<>UR]#00,CtrCore6s[B<>F;D<>L;R<>U]+ME2s[DL<>UR],CtrCore6s[B<>F;D<>L;R<>U]+ME2s[DL<>UR],CtrCore6s[B<>F;D<>L;R<>U]+ME2s[DL<>UR],16,0,22,1,S R S R' S R' L2 S R L2 S2 R' U2 R S' R' U2 R M' S2 M S2
rubiks-7,CtrCore6s[B<>F;D<>L;R<>U]+ME2s[RF<>UF],CtrCore6s[B<>F;D<>L;R<>U]+ME2s[RF<>UF]#00,CtrCore6s[B<>F;D<>L;R<>U]+ME2s[RF<>UF],CtrCore6s[B<>F;D<>L;R<>U]+ME2s[RF<>UF],CtrCore6s[B<>F;D<>L;R<>U]+ME2s[RF<>UF],16,0,21,1,R S' U S' U' S U2 S' U2 S' U' S' U S2 R2 S R E S2 E' S2
rubiks-7,CtrCore6s[B<>F;D<>L;R<>U]+ME2s[UF<>UR],CtrCore6s[B<>F;D<>L;R<>U]+ME2s[UF<>UR]#00,CtrCore6s[B<>F;D<>L;R<>U]+ME2s[UF<>UR],CtrCore6s[B<>F;D<>L;R<>U]+ME2s[UF<>UR],CtrCore6s[B<>F;D<>L;R<>U]+ME2s[UF<>UR],20,0,22,1,R2 S' R2 S2 U' S U S U S U' S2 D M D2 M' D S' M' S2 M S2
rubiks-7,CtrCore6s[B<>F;D<>L;R<>U]+ME2s[UL<>UR],CtrCore6s[B<>F;D<>L;R<>U]+ME2s[UL<>UR]#00,CtrCore6s[B<>F;D<>L;R<>U]+ME2s[UL<>UR],CtrCore6s[B<>F;D<>L;R<>U]+ME2s[UL<>UR],CtrCore6s[B<>F;D<>L;R<>U]+ME2s[UL<>UR],20,0,23,1,S D S D' S D' S D S2 D' S D2 L2 S' D' S' D L2 D' M' S2 M S2
rubiks-7,CtrCore6s[B<>F;D<>R;L<>U]+ME2[BR>FD],CtrCore6s[B<>F;D<>R;L<>U]+ME2[BR>FD]#00,CtrCore6s[B<>F;D<>R;L<>U]+ME2[BR>FD],CtrCore6s[B<>F;D<>R;L<>U]+ME2[BR>FD],CtrCore6s[B<>F;D<>R;L<>U]+ME2[BR>FD],16,2,20,1,M E' M' F E' F' E' F' E' F E' M' B' M' B2 M B' S2 M S2
rubiks-7,CtrCore6s[B<>F;D<>R;L<>U]+ME2[DB>FU],CtrCore6s[B<>F;D<>R;L<>U]+ME2[DB>FU]#00,CtrCore6s[B<>F;D<>R;L<>U]+ME2[DB>FU],CtrCore6s[B<>F;D<>R;L<>U]+ME2[DB>FU],CtrCore6s[B<>F;D<>R;L<>U]+ME2[DB>FU],20,2,19,1,D' S' U S' U' S' U' S' U S' D M D2 M' D2 M' S2 M S2
rubiks-7,CtrCore6s[B<>F;D<>R;L<>U]+ME2[DF>RU],CtrCore6s[B<>F;D<>R;L<>U]+ME2[DF>RU]#00,CtrCore6s[B<>F;D<>R;L<>U]+ME2[DF>RU],CtrCore6s[B<>F;D<>R;L<>U]+ME2[DF>RU],CtrCore6s[B<>F;D<>R;L<>U]+ME2[DF>RU],20,2,18,1,S D S D2 L2 D S D S D' S D' L2 D E S2 E' S2
rubiks-7,CtrCore6s[B<>F;D<>R;L<>U]+ME2[DL>RU],CtrCore6s[B<>F;D<>R;L<>U]+ME2[DL>RU]#00,CtrCore6s[B<>F;D<>R;L<>U]+ME2[DL>RU],CtrCore6s[B<>F;D<>R;L<>U]+ME2[DL>RU],CtrCore6s[B<>F;D<>R;L<>U]+ME2[DL>RU],20,2,18,1,L' S' L S' L' S' L' S' L S' L M' S2 M S R2 S R2
rubiks-7,CtrCore6s[B<>F;D<>R;L<>U]+ME2[FL>FR],CtrCore6s[B<>F;D<>R;L<>U]+ME2[FL>FR]#00,CtrCore6s[B<>F;D<>R;L<>U]+ME2[FL>FR],CtrCore6s[B<>F;D<>R;L<>U]+ME2[FL>FR],CtrCore6s[B<>F;D<>R;L<>U]+ME2[FL>FR],24,2,24,1,E' B E' B' E' B' E' B M E' F' M F2 D2 M' F' M' F D2 F' M' S2 M S2
rubiks-7,CtrCore6s[B<>F;D<>R;L<>U]+ME2[RF>FU],CtrCore6s[B<>F;D<>R;L<>U]+ME2[RF>FU]#00,CtrCore6s[B<>F;D<>R;L<>U]+ME2[RF>FU],CtrCore6s[B<>F;D<>R;L<>U]+ME2[RF>FU],CtrCore6s[B<>F;D<>R;L<>U]+ME2[RF>FU],16,2,23,1,F' U2 F M F M F' M F' M U2 F E M E' M U2 M' U2 M' S2 M S2
rubiks-7,CtrCore6s[B<>F;D<>R;L<>U]+ME2[UB>FU],CtrCore6s[B<>F;D<>R;L<>U]+ME2[UB>FU]#00,CtrCore6s[B<>F;D<>R;L<>U]+ME2[UB>FU],CtrCore6s[B<>F;D<>R;L<>U]+ME2[UB>FU],CtrCore6s[B<>F;D<>R;L<>U]+ME2[UB>FU],20,2,18,1,E' M' E D M' D2 F2 D M' D M' D2 F2 D M2 S2 M S2
rubiks-7,CtrCore6s[B<>F;D<>R;L<>U]+ME2[UF>RU],CtrCore6s[B<>F;D<>R;L<>U]+ME2[UF>RU]#00,CtrCore6s[B<>F;D<>R;L<>U]+ME2[UF>RU],CtrCore6s[B<>F;D<>R;L<>U]+ME2[UF>RU],CtrCore6s[B<>F;D<>R;L<>U]+ME2[UF>RU],16,2,20,1,R2 S' R2 S2 U' R2 S U S U S U' S U' R2 U E S2 E' S2
rubiks-7,CtrCore6s[B<>F;D<>R;L<>U]+ME2s[BR<>DF],CtrCore6s[B<>F;D<>R;L<>U]+ME2s[BR<>DF]#00,CtrCore6s[B<>F;D<>R;L<>U]+ME2s[BR<>DF],CtrCore6s[B<>F;D<>R;L<>U]+ME2s[BR<>DF],CtrCore6s[B<>F;D<>R;L<>U]+ME2s[BR<>DF],20,0,20,1,M E' M' F E' F' E' F' E' F E' B M B2 M' B M' S2 M S2
rubiks-7,CtrCore6s[B<>F;D<>R;L<>U]+ME2s[DB<>UF],CtrCore6s[B<>F;D<>R;L<>U]+ME2s[DB<>UF]#00,CtrCore6s[B<>F;D<>R;L<>U]+ME2s[DB<>UF],CtrCore6s[B<>F;D<>R;L<>U]+ME2s[DB<>UF],CtrCore6s[B<>F;D<>R;L<>U]+ME2s[DB<>UF],16,0,22,1,D' S' U S' U' S' U' S' U S' D' M' F' M' F D2 F' M F S2 M S2
rubiks-7,CtrCore6s[B<>F;D<>R;L<>U]+ME2s[DF<>UR],CtrCore6s[B<>F;D<>R;L<>U]+ME2s[DF<>UR]#00,CtrCore6s[B<>F;D<>R;L<>U]+ME2s[DF<>UR],CtrCore6s[B<>F;D<>R;L<>U]+ME2s[DF<>UR],CtrCore6s[B<>F;D<>R;L<>U]+ME2s[DF<>UR],16,0,20,1,S D' S D S D S D' S M U M U2 M' U M' E S2 E' S2
rubiks-7,CtrCore6s[B<>F;D<>R;L<>U]+ME2s[DL<>UR],CtrCore6s[B<>F;D<>R;L<>U]+ME2s[DL<>UR]#00,CtrCore6s[B<>F;D<>R;L<>U]+ME2s[DL<>UR],CtrCore6s[B<>F;D<>R;L<>U]+ME2s[DL<>UR],CtrCore6s[B<>F;D<>R;L<>U]+ME2s[DL<>UR],16,0,22,1,S R S R' S R' L2 S R L2 S2 R' U2 R S' R' U2 R E S2 E' S2
rubiks-7,CtrCore6s[B<>F;D<>R;L<>U]+ME2s[FL<>RF],CtrCore6s[B<>F;D<>R;L<>U]+ME2s[FL<>RF]#00,CtrCore6s[B<>F;D<>R;L<>U]+ME2s[FL<>RF],CtrCore6s[B<>F;D<>R;L<>U]+ME2s[FL<>RF],CtrCore6s[B<>F;D<>R;L<>U]+ME2s[FL<>RF],20,0,18,1,E R2 E' R S' L S' L' S' L' S' L S' R M' S2 M S2
rubiks-7,CtrCore6s[B<>F;D<>R;L<>U]+ME2s[RF<>UF],CtrCore6s[B<>F;D<>R;L<>U]+ME2s[RF<>UF]#00,CtrCore6s[B<>F;D<>R;L<>U]+ME2s[RF<>UF],CtrCore6s[B<>F;D<>R;L<>U]+ME2s[RF<>UF],CtrCore6s[B<>F;D<>R;L<>U]+ME2s[RF<>UF],16,0,21,1,R S' U S' U' S U2 S' U2 S' U' S' U S2 R2 S R M' S2 M S2
rubiks-7,CtrCore6s[B<>F;D<>R;L<>U]+ME2s[UB<>UF],CtrCore6s[B<>F;D<>R;L<>U]+ME2s[UB<>UF]#00,CtrCore6s[B<>F;D<>R;L<>U]+ME2s[UB<>UF],CtrCore6s[B<>F;D<>R;L<>U]+ME2s[UB<>UF],CtrCore6s[B<>F;D<>R;L<>U]+ME2s[UB<>UF],24,0,23,1,S' U' S' U S' U S' U' S2 U R2 U' S U S' R2 U2 S U M' S2 M S2
rubiks-7,CtrCore6s[B<>F;D<>R;L<>U]+ME2s[UF<>UR],CtrCore6s[B<>F;D<>R;L<>U]+ME2s[UF<>UR]#00,CtrCore6s[B<>F;D<>R;L<>U]+ME2s[UF<>UR],CtrCore6s[B<>F;D<>R;L<>U]+ME2s[UF<>UR],CtrCore6s[B<>F;D<>R;L<>U]+ME2s[UF<>UR],20,0,22,1,R2 S' R2 S2 U' S U S U S U' S2 D M D2 M' D S' E S2 E' S2
rubiks-7,CtrMidBar6p[3x2][B@D>F@R>U@B;B@U>F@L>U@F],CtrMidBar6p[3x2][B@D>F@R>U@B;B@U>F@L>U@F]#00,CtrMidBar6p[3x2][B@D>F@R>U@B;B@U>F@L>U@F],CtrMidBar6p[3x2][B@D>F@R>U@B;B@U>F@L>U@F],CtrMidBar6p[3x2][B@D>F@R>U@B;B@U>F@L>U@F],12,0,12,1,U L R' M F' M F L' R M' U' M'
rubiks-7,CtrMidBar6p[3x2][B@D>F@R>U@R;B@U>F@L>U@L],CtrMidBar6p[3x2][B@D>F@R>U@R;B@U>F@L>U@L]#00,CtrMidBar6p[3x2][B@D>F@R>U@R;B@U>F@L>U@L],CtrMidBar6p[3x2][B@D>F@R>U@R;B@U>F@L>U@L],CtrMidBar6p[3x2][B@D>F@R>U@R;B@U>F@L>U@L],12,0,12,1,L R' M F' M F L' R M' U' M' U
rubiks-7,CtrMidBar6p[3x2][B@D>F@U>U@B;B@U>F@D>U@F],CtrMidBar6p[3x2][B@D>F@U>U@B;B@U>F@D>U@F]#00,CtrMidBar6p[3x2][B@D>F@U>U@B;B@U>F@D>U@F],CtrMidBar6p[3x2][B@D>F@U>U@B;B@U>F@D>U@F],CtrMidBar6p[3x2][B@D>F@U>U@B;B@U>F@D>U@F],12,0,14,1,F U L R' M F' M F L' R M' U' M' F'
rubiks-7,CtrMidBar6p[3x2][B@D>F@U>U@R;B@U>F@D>U@L],CtrMidBar6p[3x2][B@D>F@U>U@R;B@U>F@D>U@L]#00,CtrMidBar6p[3x2][B@D>F@U>U@R;B@U>F@D>U@L],CtrMidBar6p[3x2][B@D>F@U>U@R;B@U>F@D>U@L],CtrMidBar6p[3x2][B@D>F@U>U@R;B@U>F@D>U@L],12,0,14,1,F L R' M F' M F L' R M' U' M' U F'
rubiks-7,CtrMidBar6p[3x2][B@L>F@D>U@F;B@R>F@U>U@B],CtrMidBar6p[3x2][B@L>F@D>U@F;B@R>F@U>U@B]#00,CtrMidBar6p[3x2][B@L>F@D>U@F;B@R>F@U>U@B],CtrMidBar6p[3x2][B@L>F@D>U@F;B@R>F@U>U@B],CtrMidBar6p[3x2][B@L>F@D>U@F;B@R>F@U>U@B],12,0,16,1,B' F U L R' M F' M F L' R M' U' M' F' B
rubiks-7,CtrMidBar6p[3x2][B@L>F@L>U@F;B@R>F@R>U@B],CtrMidBar6p[3x2][B@L>F@L>U@F;B@R>F@R>U@B]#00,CtrMidBar6p[3x2][B@L>F@L>U@F;B@R>F@R>U@B],CtrMidBar6p[3x2][B@L>F@L>U@F;B@R>F@R>U@B],CtrMidBar6p[3x2][B@L>F@L>U@F;B@R>F@R>U@B],12,0,14,1,B' U L R' M F' M F L' R M' U' M' B
rubiks-7,CtrMidBar6p[3x2][B@L>F@L>U@L;B@R>F@R>U@R],CtrMidBar6p[3x2][B@L>F@L>U@L;B@R>F@R>U@R]#00,CtrMidBar6p[3x2][B@L>F@L>U@L;B@R>F@R>U@R],CtrMidBar6p[3x2][B@L>F@L>U@L;B@R>F@R>U@R],CtrMidBar6p[3x2][B@L>F@L>U@L;B@R>F@R>U@R],12,0,14,1,B' L R' M F' M F L' R M' U' M' U B
rubiks-7,CtrMidBar6p[3x2][B@L>F@U>U@L;B@R>F@D>U@R],CtrMidBar6p[3x2][B@L>F@U>U@L;B@R>F@D>U@R]#00,CtrMidBar6p[3x2][B@L>F@U>U@L;B@R>F@D>U@R],CtrMidBar6p[3x2][B@L>F@U>U@L;B@R>F@D>U@R],CtrMidBar6p[3x2][B@L>F@U>U@L;B@R>F@D>U@R],12,0,16,1,B F' R' L M F M F' R L' M' U M' U' F B'
rubiks-7,CtrMidBar6p[3x2][D@B>D@L>U@F;D@F>D@R>U@B],CtrMidBar6p[3x2][D@B>D@L>U@F;D@F>D@R>U@B]#00,CtrMidBar6p[3x2][D@B>D@L>U@F;D@F>D@R>U@B],CtrMidBar6p[3x2][D@B>D@L>U@F;D@F>D@R>U@B],CtrMidBar6p[3x2][D@B>D@L>U@F;D@F>D@R>U@B],12,0,12,1,U M2 R2 L2 D' M2 D M2 R2 L2 U' M2
rubiks-7,CtrMidBar6p[3x2][D@B>U@F>D@L;D@F>U@B>D@R],CtrMidBar6p[3x2][D@B>U@F>D@L;D@F>U@B>D@R]#00,CtrMidBar6p[3x2][D@B>U@F>D@L;D@F>U@B>D@R],CtrMidBar6p[3x2][D@B>U@F>D@L;D@F>U@B>D@R],CtrMidBar6p[3x2][D@B>U@F>D@L;D@F>U@B>D@R],12,0,12,1,M2 U L2 R2 M2 D' M2 D L2 R2 M2 U'
rubiks-7,CtrMidBar6p[3x2][F@D>F@L>U@F;F@R>U@B>F@U],CtrMidBar6p[3x2][F@D>F@L>U@F;F@R>U@B>F@U]#00,CtrMidBar6p[3x2][F@D>F@L>U@F;F@R>U@B>F@U],CtrMidBar6p[3x2][F@D>F@L>U@F;F@R>U@B>F@U],CtrMidBar6p[3x2][F@D>F@L>U@F;F@R>U@B>F@U],12,0,12,1,U M R' L F' M' F M' R L' U' M
rubiks-7,CtrMidBar6p[3x2][F@D>F@L>U@L;F@R>U@R>F@U],CtrMidBar6p[3x2][F@D>F@L>U@L;F@R>U@R>F@U]#00,CtrMidBar6p[3x2][F@D>F@L>U@L;F@R>U@R>F@U],CtrMidBar6p[3x2][F@D>F@L>U@L;F@R>U@R>F@U],CtrMidBar6p[3x2][F@D>F@L>U@L;F@R>U@R>F@U],12,0,12,1,M R' L F' M' F M' R L' U' M U
rubiks-7,CtrMidBar6p[3x2][F@D>R@D>U@F;F@U>R@U>U@B],CtrMidBar6p[3x2][F@D>R@D>U@F;F@U>R@U>U@B]#00,CtrMidBar6p[3x2][F@D>R@D>U@F;F@U>R@U>U@B],CtrMidBar6p[3x2][F@D>R@D>U@F;F@U>R@U>U@B],CtrMidBar6p[3x2][F@D>R@D>U@F;F@U>R@U>U@B],12,0,14,1,E' U M R' L F' M' F M' R L' U' M E
rubiks-7,CtrMidBar6p[3x2][F@D>R@D>U@L;F@U>R@U>U@R],CtrMidBar6p[3x2][F@D>R@D>U@L;F@U>R@U>U@R]#00,CtrMidBar6p[3x2][F@D>R@D>U@L;F@U>R@U>U@R],CtrMidBar6p[3x2][F@D>R@D>U@L;F@U>R@U>U@R],CtrMidBar6p[3x2][F@D>R@D>U@L;F@U>R@U>U@R],12,0,14,1,E' M R' L F' M' F M' R L' U' M U E
rubiks-7,CtrMidBar6p[3x2][F@D>U@F>F@L;F@R>F@U>U@B],CtrMidBar6p[3x2][F@D>U@F>F@L;F@R>F@U>U@B]#00,CtrMidBar6p[3x2][F@D>U@F>F@L;F@R>F@U>U@B],CtrMidBar6p[3x2][F@D>U@F>F@L;F@R>F@U>U@B],CtrMidBar6p[3x2][F@D>U@F>F@L;F@R>F@U>U@B],12,0,12,1,M' U L R' M F' M F L' R M' U'
rubiks-7,CtrMidBar6p[3x2][F@D>U@F>R@D;F@U>U@B>R@U],CtrMidBar6p[3x2][F@D>U@F>R@D;F@U>U@B>R@U]#00,CtrMidBar6p[3x2][F@D>U@F>R@D;F@U>U@B>R@U],CtrMidBar6p[3x2][F@D>U@F>R@D;F@U>U@B>R@U],CtrMidBar6p[3x2][F@D>U@F>R@D;F@U>U@B>R@U],12,0,14,1,E' M' U L R' M F' M F L' R M' U' E
rubiks-7,CtrMidBar6p[3x2][F@D>U@L>R@D;F@U>U@R>R@U],CtrMidBar6p[3x2][F@D>U@L>R@D;F@U>U@R>R@U]#00,CtrMidBar6p[3x2][F@D>U@L>R@D;F@U>U@R>R@U],CtrMidBar6p[3x2][F@D>U@L>R@D;F@U>U@R>R@U],CtrMidBar6p[3x2][F@D>U@L>R@D;F@U>U@R>R@U],12,0,14,1,E' U' M' U L R' M F' M F L' R M' E
rubiks-7,CtrObl10p[5x2]~v01,CtrObl10p[5x2]~v01#00,CtrObl10p[5x2]~v01,CtrObl10p[5x2]~v01,CtrObl10p[5x2],10,0,11,3,2R' 3F' 2U' 3F 2U 2R 3L 2F2 3L 2F2 3L2
rubiks-7,CtrObl10p[5x2]~v02,CtrObl10p[5x2]~v02#00,CtrObl10p[5x2]~v02,CtrObl10p[5x2]~v02,CtrObl10p[5x2],10,0,11,3,3L 2F' 3D 2F 3D' 2L 3L' 3B2 2L 3B2 2L2
rubiks-7,CtrObl10p[5x2]~v03,CtrObl10p[5x2]~v03#00,CtrObl10p[5x2]~v03,CtrObl10p[5x2]~v03,CtrObl10p[5x2],10,0,9,3,3U2 2R2 3U' 2R2 3U' 2R2 3U' 2R2 3U
rubiks-7,CtrObl3[B@2L.3D>F@2L.3U>U@2L.3B],CtrObl3[B@2L.3D>F@2L.3U>U@2L.3B]#00,CtrObl3[B@2L.3D>F@2L.3U>U@2L.3B],CtrObl3[B@2L.3D>F@2L.3U>U@2L.3B],CtrObl3[B@2L.3D>F@2L.3U>U@2L.3B],3,0,10,1,3D2 2R' 3B2 2R F2 2R' 3B2 2R F2 3D2
rubiks-7,CtrObl3[B@2L.3D>F@2L.3U>U@2R.3F],CtrObl3[B@2L.3D>F@2L.3U>U@2R.3F]#00,CtrObl3[B@2L.3D>F@2L.3U>U@2R.3F],CtrObl3[B@2L.3D>F@2L.3U>U@2R.3F],CtrObl3[B@2L.3D>F@2L.3U>U@2R.3F],3,0,10,1,3U2 2L' 3F2 2L B2 2L' 3F2 2L B2 3U2
rubiks-7,CtrObl3[B@2L.3D>F@2R.3D>U@2R.3F],CtrObl3[B@2L.3D>F@2R.3D>U@2R.3F]#00,CtrObl3[B@2L.3D>F@2R.3D>U@2R.3F],CtrObl3[B@2L.3D>F@2R.3D>U@2R.3F],CtrObl3[B@2L.3D>F@2R.3D>U@2R.3F],3,0,8,1,2L U2 2L' 3D2 2L U2 2L' 3D2
rubiks-7,CtrObl3[B@2L.3D>F@3R.2U>U@2L.3B],CtrObl3[B@2L.3D>F@3R.2U>U@2L.3B]#00,CtrObl3[B@2L.3D>F@3R.2U>U@2L.3B],CtrObl3[B@2L.3D>F@3R.2U>U@2L.3B],CtrObl3[B@2L.3D>F@3R.2U>U@2L.3B],3,0,8,1,2L' F 3D2 F' 2L F 3D2 F'
rubiks-7,CtrObl3[B@2L.3D>F@3R.2U>U@2R.3F],CtrObl3[B@2L.3D>F@3R.2U>U@2R.3F]#00,CtrObl3[B@2L.3D>F@3R.2U>U@2R.3F],CtrObl3[B@2L.3D>F@3R.2U>U@2R.3F],CtrObl3[B@2L.3D>F@3R.2U>U@2R.3F],3,0,10,1,3F2 2L F 3D2 F' 2L' F 3D2 3F2 F'
rubiks-7,CtrObl3[B@2L.3U>D@2L.3B>D@2R.3F],CtrObl3[B@2L.3U>D@2L.3B>D@2R.3F]#00,CtrObl3[B@2L.3U>D@2L.3B>D@2R.3F],CtrObl3[B@2L.3U>D@2L.3B>D@2R.3F],CtrObl3[B@2L.3U>D@2L.3B>D@2R.3F],3,0,8,1,D2 2R 3U2 2R' D2 2R 3U2 2R'
rubiks-7,CtrObl3[B@2L.3U>D@2R.3F>D@2L.3B],CtrObl3[B@2L.3U>D@2R.3F>D@2L.3B]#00,CtrObl3[B@2L.3U>D@2R.3F>D@2L.3B],CtrObl3[B@2L.3U>D@2R.3F>D@2L.3B],CtrObl3[B@2L.3U>D@2R.3F>D@2L.3B],3,0,8,1,2R 3U2 2R' D2 2R 3U2 2R' D2
rubiks-7,CtrObl3[B@2L.3U>F@2L.3D>U@3L.2B],CtrObl3[B@2L.3U>F@2L.3D>U@3L.2B]#00,CtrObl3[B@2L.3U>F@2L.3D>U@3L.2B],CtrObl3[B@2L.3U>F@2L.3D>U@3L.2B],CtrObl3[B@2L.3U>F@2L.3D>U@3L.2B],3,0,10,1,2B2 2L2 F' 3R F 2L2 F' 3R' 2B2 F
rubiks-7,CtrObl3[B@2L.3U>F@2L.3D>U@3R.2F],CtrObl3[B@2L.3U>F@2L.3D>U@3R.2F]#00,CtrObl3[B@2L.3U>F@2L.3D>U@3R.2F],CtrObl3[B@2L.3U>F@2L.3D>U@3R.2F],CtrObl3[B@2L.3U>F@2L.3D>U@3R.2F],3,0,8,1,2L2 F' 3R' F 2L2 F' 3R F
rubiks-7,CtrObl3[B@2L.3U>F@2R.3U>U@3L.2B],CtrObl3[B@2L.3U>F@2R.3U>U@3L.2B]#00,CtrObl3[B@2L.3U>F@2R.3U>U@3L.2B],CtrObl3[B@2L.3U>F@2R.3U>U@3L.2B],CtrObl3[B@2L.3U>F@2R.3U>U@3L.2B],3,0,8,1,3U2 2R U 2R' 3U2 2R U' 2R'
rubiks-7,CtrObl3[B@2L.3U>F@2R.3U>U@3R.2F],CtrObl3[B@2L.3U>F@2R.3U>U@3R.2F]#00,CtrObl3[B@2L.3U>F@2R.3U>U@3R.2F],CtrObl3[B@2L.3U>F@2R.3U>U@3R.2F],CtrObl3[B@2L.3U>F@2R.3U>U@3R.2F],3,0,8,1,2L U 2L' 3U2 2L U' 2L' 3U2
rubiks-7,CtrObl3[B@2L.3U>F@3L.2U>U@3L.2B],CtrObl3[B@2L.3U>F@3L.2U>U@3L.2B]#00,CtrObl3[B@2L.3U>F@3L.2U>U@3L.2B],CtrObl3[B@2L.3U>F@3L.2U>U@3L.2B],CtrObl3[B@2L.3U>F@3L.2U>U@3L.2B],3,0,11,1,2B2 F' 2L2 F' 3R F 2L2 F' 3R' 2B2 F2
rubiks-7,CtrObl3[B@2L.3U>U@2R.3B>F@2R.3U],CtrObl3[B@2L.3U>U@2R.3B>F@2R.3U]#00,CtrObl3[B@2L.3U>U@2R.3B>F@2R.3U],CtrObl3[B@2L.3U>U@2R.3B>F@2R.3U],CtrObl3[B@2L.3U>U@2R.3B>F@2R.3U],3,0,8,1,3U2 2L U2 2L' 3U2 2L U2 2L'
rubiks-7,CtrObl3[B@2R.3D>F@2L.3D>U@3L.2B],CtrObl3[B@2R.3D>F@2L.3D>U@3L.2B]#00,CtrObl3[B@2R.3D>F@2L.3D>U@3L.2B],CtrObl3[B@2R.3D>F@2L.3D>U@3L.2B],CtrObl3[B@2R.3D>F@2L.3D>U@3L.2B],3,0,8,1,2R' U 2R 3D2 2R' U' 2R 3D2
rubiks-7,CtrObl3[B@2R.3D>F@2L.3D>U@3R.2F],CtrObl3[B@2R.3D>F@2L.3D>U@3R.2F]#00,CtrObl3[B@2R.3D>F@2L.3D>U@3R.2F],CtrObl3[B@2R.3D>F@2L.3D>U@3R.2F],CtrObl3[B@2R.3D>F@2L.3D>U@3R.2F],3,0,8,1,3D2 2L' U 2L 3D2 2L' U' 2L
rubiks-7,CtrObl3[B@2R.3D>F@2R.3U>U@3L.2B],CtrObl3[B@2R.3D>F@2R.3U>U@3L.2B]#00,CtrObl3[B@2R.3D>F@2R.3U>U@3L.2B],CtrObl3[B@2R.3D>F@2R.3U>U@3L.2B],CtrObl3[B@2R.3D>F@2R.3U>U@3L.2B],3,0,8,1,2R2 F' 3L F 2R2 F' 3L' F
rubiks-7,CtrObl3[B@2R.3D>F@2R.3U>U@3R.2F],CtrObl3[B@2R.3D>F@2R.3U>U@3R.2F]#00,CtrObl3[B@2R.3D>F@2R.3U>U@3R.2F],CtrObl3[B@2R.3D>F@2R.3U>U@3R.2F],CtrObl3[B@2R.3D>F@2R.3U>U@3R.2F],3,0,10,1,2F2 2R2 F' 3L' F 2R2 F' 3L 2F2 F
rubiks-7,CtrObl3[B@2R.3D>F@3R.2D>U@3R.2F],CtrObl3[B@2R.3D>F@3R.2D>U@3R.2F]#00,CtrObl3[B@2R.3D>F@3R.2D>U@3R.2F],CtrObl3[B@2R.3D>F@3R.2D>U@3R.2F],CtrObl3[B@2R.3D>F@3R.2D>U@3R.2F],3,0,11,1,2F2 F' 2R2 F' 3L' F 2R2 F' 3L 2F2 F2
rubiks-7,CtrObl3[B@2R.3D>U@2L.3F>F@2L.3D],CtrObl3[B@2R.3D>U@2L.3F>F@2L.3D]#00,CtrObl3[B@2R.3D>U@2L.3F>F@2L.3D],CtrObl3[B@2R.3D>U@2L.3F>F@2L.3D],CtrObl3[B@2R.3D>U@2L.3F>F@2L.3D],3,0,8,1,3D2 2R' U2 2R 3D2 2R' U2 2R
rubiks-7,CtrObl3[B@2R.3U>F@2L.3U>U@2L.3B],CtrObl3[B@2R.3U>F@2L.3U>U@2L.3B]#00,CtrObl3[B@2R.3U>F@2L.3U>U@2L.3B],CtrObl3[B@2R.3U>F@2L.3U>U@2L.3B],CtrObl3[B@2R.3U>F@2L.3U>U@2L.3B],3,0,8,1,2R' U2 2R 3U2 2R' U2 2R 3U2
rubiks-7,CtrObl3[B@2R.3U>F@2R.3D>U@2L.3B],CtrObl3[B@2R.3U>F@2R.3D>U@2L.3B]#00,CtrObl3[B@2R.3U>F@2R.3D>U@2L.3B],CtrObl3[B@2R.3U>F@2R.3D>U@2L.3B],CtrObl3[B@2R.3U>F@2R.3D>U@2L.3B],3,0,10,1,3D2 2R 3B2 2R' B2 2R 3B2 2R' B2 3D2
rubiks-7,CtrObl3[B@2R.3U>F@2R.3D>U@2R.3F],CtrObl3[B@2R.3U>F@2R.3D>U@2R.3F]#00,CtrObl3[B@2R.3U>F@2R.3D>U@2R.3F],CtrObl3[B@2R.3U>F@2R.3D>U@2R.3F],CtrObl3[B@2R.3U>F@2R.3D>U@2R.3F],3,0,10,1,3U2 2L 3F2 2L' F2 2L 3F2 2L' F2 3U2
rubiks-7,CtrObl3[B@2R.3U>F@3L.2D>U@2L.3B],CtrObl3[B@2R.3U>F@3L.2D>U@2L.3B]#00,CtrObl3[B@2R.3U>F@3L.2D>U@2L.3B],CtrObl3[B@2R.3U>F@3L.2D>U@2L.3B],CtrObl3[B@2R.3U>F@3L.2D>U@2L.3B],3,0,10,1,3B2 2R' F 3U2 F' 2R F 3U2 3B2 F'
rubiks-7,CtrObl3[B@2R.3U>F@3L.2D>U@2R.3F],CtrObl3[B@2R.3U>F@3L.2D>U@2R.3F]#00,CtrObl3[B@2R.3U>F@3L.2D>U@2R.3F],CtrObl3[B@2R.3U>F@3L.2D>U@2R.3F],CtrObl3[B@2R.3U>F@3L.2D>U@2R.3F],3,0,8,1,2R F 3U2 F' 2R' F 3U2 F'
rubiks-7,CtrObl3[B@3L.2D>F@2L.3D>U@3L.2B],CtrObl3[B@3L.2D>F@2L.3D>U@3L.2B]#00,CtrObl3[B@3L.2D>F@2L.3D>U@3L.2B],CtrObl3[B@3L.2D>F@2L.3D>U@3L.2B],CtrObl3[B@3L.2D>F@2L.3D>U@3L.2B],3,0,11,1,B2 2B2 3R' B 2L2 B' 3R B 2L2 B 2B2
rubiks-7,CtrObl3[B@3L.2U>F@2R.3D>U@2L.3B],CtrObl3[B@3L.2U>F@2R.3D>U@2L.3B]#00,CtrObl3[B@3L.2U>F@2R.3D>U@2L.3B],CtrObl3[B@3L.2U>F@2R.3D>U@2L.3B],CtrObl3[B@3L.2U>F@2R.3D>U@2L.3B],3,0,10,1,3B2 2R' D 3L' D' 2R D 3L D' 3B2
rubiks-7,CtrObl3[B@3L.2U>F@2R.3D>U@2R.3F],CtrObl3[B@3L.2U>F@2R.3D>U@2R.3F]#00,CtrObl3[B@3L.2U>F@2R.3D>U@2R.3F],CtrObl3[B@3L.2U>F@2R.3D>U@2R.3F],CtrObl3[B@3L.2U>F@2R.3D>U@2R.3F],3,0,8,1,2R U 3L U' 2R' U 3L' U'
rubiks-7,CtrObl3[B@3R.2D>F@2L.3U>U@2L.3B],CtrObl3[B@3R.2D>F@2L.3U>U@2L.3B]#00,CtrObl3[B@3R.2D>F@2L.3U>U@2L.3B],CtrObl3[B@3R.2D>F@2L.3U>U@2L.3B],CtrObl3[B@3R.2D>F@2L.3U>U@2L.3B],3,0,8,1,2L' U 3R' U' 2L U 3R U'
rubiks-7,CtrObl3[B@3R.2D>F@2L.3U>U@2R.3F],CtrObl3[B@3R.2D>F@2L.3U>U@2R.3F]#00,CtrObl3[B@3R.2D>F@2L.3U>U@2R.3F],CtrObl3[B@3R.2D>F@2L.3U>U@2R.3F],CtrObl3[B@3R.2D>F@2L.3U>U@2R.3F],3,0,10,1,3F2 2L D 3R D' 2L' D 3R' D' 3F2
rubiks-7,CtrObl3[B@3R.2U>D@2L.3B>D@2R.3F],CtrObl3[B@3R.2U>D@2L.3B>D@2R.3F]#00,CtrObl3[B@3R.2U>D@2L.3B>D@2R.3F],CtrObl3[B@3R.2U>D@2L.3B>D@2R.3F],CtrObl3[B@3R.2U>D@2L.3B>D@2R.3F],3,0,8,1,D2 3F' 2U 3F D2 3F' 2U' 3F
rubiks-7,CtrObl3[B@3R.2U>D@2R.3F>D@2L.3B]~v01,CtrObl3[B@3R.2U>D@2R.3F>D@2L.3B]~v01#00,CtrObl3[B@3R.2U>D@2R.3F>D@2L.3B]~v01,CtrObl3[B@3R.2U>D@2R.3F>D@2L.3B]~v01,CtrObl3[B@3R.2U>D@2R.3F>D@2L.3B],3,0,8,2,3F' 2U 3F D2 3F' 2U' 3F D2
rubiks-7,CtrObl3[B@3R.2U>D@2R.3F>D@2L.3B]~v02,CtrObl3[B@3R.2U>D@2R.3F>D@2L.3B]~v02#00,CtrObl3[B@3R.2U>D@2R.3F>D@2L.3B]~v02,CtrObl3[B@3R.2U>D@2R.3F>D@2L.3B]~v02,CtrObl3[B@3R.2U>D@2R.3F>D@2L.3B],3,0,8,2,D2 3B' 2U' 3B D2 3B' 2U 3B
rubiks-7,CtrObl3[B@3R.2U>F@2R.3U>U@3R.2F],CtrObl3[B@3R.2U>F@2R.3U>U@3R.2F]#00,CtrObl3[B@3R.2U>F@2R.3U>U@3R.2F],CtrObl3[B@3R.2U>F@2R.3U>U@3R.2F],CtrObl3[B@3R.2U>F@2R.3U>U@3R.2F],3,0,11,1,B2 2F2 3L B 2R2 B' 3L' B 2R2 B 2F2
rubiks-7,CtrObl3[D@2R.3F>U@2L.3F>U@3L.2B],CtrObl3[D@2R.3F>U@2L.3F>U@3L.2B]#00,CtrObl3[D@2R.3F>U@2L.3F>U@3L.2B],CtrObl3[D@2R.3F>U@2L.3F>U@3L.2B],CtrObl3[D@2R.3F>U@2L.3F>U@3L.2B],3,0,8,1,U 2R2 U' 3F2 U 2R2 U' 3F2
rubiks-7,CtrObl3[D@2R.3F>U@2R.3B>D@3L.2F],CtrObl3[D@2R.3F>U@2R.3B>D@3L.2F]#00,CtrObl3[D@2R.3F>U@2R.3B>D@3L.2F],CtrObl3[D@2R.3F>U@2R.3B>D@3L.2F],CtrObl3[D@2R.3F>U@2R.3B>D@3L.2F],3,0,8,1,2R2 U' 3L2 U 2R2 U' 3L2 U
rubiks-7,CtrObl3[D@2R.3F>U@2R.3B>D@3R.2B],CtrObl3[D@2R.3F>U@2R.3B>D@3R.2B]#00,CtrObl3[D@2R.3F>U@2R.3B>D@3R.2B],CtrObl3[D@2R.3F>U@2R.3B>D@3R.2B],CtrObl3[D@2R.3F>U@2R.3B>D@3R.2B],3,0,8,1,2R2 U 3R2 U' 2R2 U 3R2 U'
rubiks-7,CtrObl3[D@2R.3F>U@2R.3B>U@3L.2B],CtrObl3[D@2R.3F>U@2R.3B>U@3L.2B]#00,CtrObl3[D@2R.3F>U@2R.3B>U@3L.2B],CtrObl3[D@2R.3F>U@2R.3B>U@3L.2B],CtrObl3[D@2R.3F>U@2R.3B>U@3L.2B],3,0,8,1,D' 3L2 D 2R2 D' 3L2 D 2R2
rubiks-7,CtrObl3[D@2R.3F>U@2R.3B>U@3R.2F],CtrObl3[D@2R.3F>U@2R.3B>U@3R.2F]#00,CtrObl3[D@2R.3F>U@2R.3B>U@3R.2F],CtrObl3[D@2R.3F>U@2R.3B>U@3R.2F],CtrObl3[D@2R.3F>U@2R.3B>U@3R.2F],3,0,8,1,U 3F2 U' 2R2 U 3F2 U' 2R2
rubiks-7,CtrObl3[D@2R.3F>U@3L.2B>U@2R.3B],CtrObl3[D@2R.3F>U@3L.2B>U@2R.3B]#00,CtrObl3[D@2R.3F>U@3L.2B>U@2R.3B],CtrObl3[D@2R.3F>U@3L.2B>U@2R.3B],CtrObl3[D@2R.3F>U@3L.2B>U@2R.3B],3,0,8,1,2R2 U' 3F2 U 2R2 U' 3F2 U
rubiks-7,CtrObl3[D@2R.3F>U@3R.2F>D@3L.2F],CtrObl3[D@2R.3F>U@3R.2F>D@3L.2F]#00,CtrObl3[D@2R.3F>U@3R.2F>D@3L.2F],CtrObl3[D@2R.3F>U@3R.2F>D@3L.2F],CtrObl3[D@2R.3F>U@3R.2F>D@3L.2F],3,0,8,1,U 3F2 U' 2F2 U 3F2 U' 2F2
rubiks-7,CtrObl3[D@2R.3F>U@3R.2F>U@2R.3B],CtrObl3[D@2R.3F>U@3R.2F>U@2R.3B]#00,CtrObl3[D@2R.3F>U@3R.2F>U@2R.3B],CtrObl3[D@2R.3F>U@3R.2F>U@2R.3B],CtrObl3[D@2R.3F>U@3R.2F>U@2R.3B],3,0,8,1,2R2 U 3F2 U' 2R2 U 3F2 U'
rubiks-7,CtrObl3[F@2L.3D>U@2L.3F>F@3L.2U],CtrObl3[F@2L.3D>U@2L.3F>F@3L.2U]#00,CtrObl3[F@2L.3D>U@2L.3F>F@3L.2U],CtrObl3[F@2L.3D>U@2L.3F>F@3L.2U],CtrObl3[F@2L.3D>U@2L.3F>F@3L.2U],3,0,8,1,2L' U 3L' U' 2L U 3L U'
rubiks-7,CtrObl3[F@2L.3D>U@2L.3F>R@2F.3D],CtrObl3[F@2L.3D>U@2L.3F>R@2F.3D]#00,CtrObl3[F@2L.3D>U@2L.3F>R@2F.3D],CtrObl3[F@2L.3D>U@2L.3F>R@2F.3D],CtrObl3[F@2L.3D>U@2L.3F>R@2F.3D],3,0,8,1,2L' D' 3F' D 2L D' 3F D
rubiks-7,CtrObl3[F@2L.3D>U@2R.3B>R@2F.3D],CtrObl3[F@2L.3D>U@2R.3B>R@2F.3D]#00,CtrObl3[F@2L.3D>U@2R.3B>R@2F.3D],CtrObl3[F@2L.3D>U@2R.3B>R@2F.3D],CtrObl3[F@2L.3D>U@2R.3B>R@2F.3D],3,0,10,1,U2 2L' D' 3F' D 2L D' 3F D U2
rubiks-7,CtrObl3[F@2L.3D>U@2R.3B>R@3B.2D],CtrObl3[F@2L.3D>U@2R.3B>R@3B.2D]#00,CtrObl3[F@2L.3D>U@2R.3B>R@3B.2D],CtrObl3[F@2L.3D>U@2R.3B>R@3B.2D],CtrObl3[F@2L.3D>U@2R.3B>R@3B.2D],3,0,8,1,3D' 2L' U2 2L 3D 2L' U2 2L
rubiks-7,CtrObl3[F@2L.3D>U@3L.2B>R@2B.3U],CtrObl3[F@2L.3D>U@3L.2B>R@2B.3U]#00,CtrObl3[F@2L.3D>U@3L.2B>R@2B.3U],CtrObl3[F@2L.3D>U@3L.2B>R@2B.3U],CtrObl3[F@2L.3D>U@3L.2B>R@2B.3U],3,0,10,1,F 2U' R2 2U 3L 2U' R2 2U 3L' F'
rubiks-7,CtrObl3[F@2L.3D>U@3R.2F>R@2F.3D],CtrObl3[F@2L.3D>U@3R.2F>R@2F.3D]#00,CtrObl3[F@2L.3D>U@3R.2F>R@2F.3D],CtrObl3[F@2L.3D>U@3R.2F>R@2F.3D],CtrObl3[F@2L.3D>U@3R.2F>R@2F.3D],3,0,10,1,F' 2D R2 2D' 3R' 2D R2 2D' 3R F
rubiks-7,CtrObl3[F@2L.3U>F@3R.2U>U@2L.3B],CtrObl3[F@2L.3U>F@3R.2U>U@2L.3B]#00,CtrObl3[F@2L.3U>F@3R.2U>U@2L.3B],CtrObl3[F@2L.3U>F@3R.2U>U@2L.3B],CtrObl3[F@2L.3U>F@3R.2U>U@2L.3B],3,0,8,1,U 3R U' 2L' U 3R' U' 2L
rubiks-7,CtrObl3[F@2L.3U>U@2L.3B>F@3R.2U],CtrObl3[F@2L.3U>U@2L.3B>F@3R.2U]#00,CtrObl3[F@2L.3U>U@2L.3B>F@3R.2U],CtrObl3[F@2L.3U>U@2L.3B>F@3R.2U],CtrObl3[F@2L.3U>U@2L.3B>F@3R.2U],3,0,8,1,2L' U 3R U' 2L U 3R' U'
rubiks-7,CtrObl3[F@2L.3U>U@2L.3B>R@2F.3U],CtrObl3[F@2L.3U>U@2L.3B>R@2F.3U]#00,CtrObl3[F@2L.3U>U@2L.3B>R@2F.3U],CtrObl3[F@2L.3U>U@2L.3B>R@2F.3U],CtrObl3[F@2L.3U>U@2L.3B>R@2F.3U],3,0,8,1,2L' D 3B D' 2L D 3B' D'
rubiks-7,CtrObl3[F@2L.3U>U@2L.3B>U@2R.3F],CtrObl3[F@2L.3U>U@2L.3B>U@2R.3F]#00,CtrObl3[F@2L.3U>U@2L.3B>U@2R.3F],CtrObl3[F@2L.3U>U@2L.3B>U@2R.3F],CtrObl3[F@2L.3U>U@2L.3B>U@2R.3F],3,0,8,1,U2 2R 3U2 2R' U2 2R 3U2 2R'
rubiks-7,CtrObl3[F@2L.3U>U@2R.3F>R@2F.3U],CtrObl3[F@2L.3U>U@2R.3F>R@2F.3U]#00,CtrObl3[F@2L.3U>U@2R.3F>R@2F.3U],CtrObl3[F@2L.3U>U@2R.3F>R@2F.3U],CtrObl3[F@2L.3U>U@2R.3F>R@2F.3U],3,0,10,1,U2 2L' D 3B D' 2L D 3B' D' U2
rubiks-7,CtrObl3[F@2L.3U>U@2R.3F>R@3F.2D],CtrObl3[F@2L.3U>U@2R.3F>R@3F.2D]#00,CtrObl3[F@2L.3U>U@2R.3F>R@3F.2D],CtrObl3[F@2L.3U>U@2R.3F>R@3F.2D],CtrObl3[F@2L.3U>U@2R.3F>R@3F.2D],3,0,8,1,3U 2L' U2 2L 3U' 2L' U2 2L
rubiks-7,CtrObl3[F@2L.3U>U@2R.3F>U@2L.3B],CtrObl3[F@2L.3U>U@2R.3F>U@2L.3B]#00,CtrObl3[F@2L.3U>U@2R.3F>U@2L.3B],CtrObl3[F@2L.3U>U@2R.3F>U@2L.3B],CtrObl3[F@2L.3U>U@2R.3F>U@2L.3B],3,0,8,1,2R 3U2 2R' U2 2R 3U2 2R' U2
rubiks-7,CtrObl3[F@2R.3D>F@3L.2D>U@2R.3F],CtrObl3[F@2R.3D>F@3L.2D>U@2R.3F]#00,CtrObl3[F@2R.3D>F@3L.2D>U@2R.3F],CtrObl3[F@2R.3D>F@3L.2D>U@2R.3F],CtrObl3[F@2R.3D>F@3L.2D>U@2R.3F],3,0,8,1,U 3L' U' 2R U 3L U' 2R'
rubiks-7,CtrObl3[F@2R.3D>U@2L.3B>R@2B.3D],CtrObl3[F@2R.3D>U@2L.3B>R@2B.3D]#00,CtrObl3[F@2R.3D>U@2L.3B>R@2B.3D],CtrObl3[F@2R.3D>U@2L.3B>R@2B.3D],CtrObl3[F@2R.3D>U@2L.3B>R@2B.3D],3,0,10,1,U2 2R D 3F' D' 2R' D 3F D' U2
rubiks-7,CtrObl3[F@2R.3D>U@2L.3B>R@3B.2U],CtrObl3[F@2R.3D>U@2L.3B>R@3B.2U]#00,CtrObl3[F@2R.3D>U@2L.3B>R@3B.2U],CtrObl3[F@2R.3D>U@2L.3B>R@3B.2U],CtrObl3[F@2R.3D>U@2L.3B>R@3B.2U],3,0,8,1,3D' 2R U2 2R' 3D 2R U2 2R'
rubiks-7,CtrObl3[F@2R.3D>U@2R.3F>F@3L.2D],CtrObl3[F@2R.3D>U@2R.3F>F@3L.2D]#00,CtrObl3[F@2R.3D>U@2R.3F>F@3L.2D],CtrObl3[F@2R.3D>U@2R.3F>F@3L.2D],CtrObl3[F@2R.3D>U@2R.3F>F@3L.2D],3,0,8,1,2R U 3L' U' 2R' U 3L U'
rubiks-7,CtrObl3[F@2R.3D>U@2R.3F>R@2B.3D],CtrObl3[F@2R.3D>U@2R.3F>R@2B.3D]#00,CtrObl3[F@2R.3D>U@2R.3F>R@2B.3D],CtrObl3[F@2R.3D>U@2R.3F>R@2B.3D],CtrObl3[F@2R.3D>U@2R.3F>R@2B.3D],3,0,8,1,2R D 3F' D' 2R' D 3F D'
rubiks-7,CtrObl3[F@2R.3U>U@2L.3F>R@2B.3U],CtrObl3[F@2R.3U>U@2L.3F>R@2B.3U]#00,CtrObl3[F@2R.3U>U@2L.3F>R@2B.3U],CtrObl3[F@2R.3U>U@2L.3F>R@2B.3U],CtrObl3[F@2R.3U>U@2L.3F>R@2B.3U],3,0,10,1,U2 2R D' 3B D 2R' D' 3B' D U2
rubiks-7,CtrObl3[F@2R.3U>U@2L.3F>R@3F.2U],CtrObl3[F@2R.3U>U@2L.3F>R@3F.2U]#00,CtrObl3[F@2R.3U>U@2L.3F>R@3F.2U],CtrObl3[F@2R.3U>U@2L.3F>R@3F.2U],CtrObl3[F@2R.3U>U@2L.3F>R@3F.2U],3,0,8,1,3U 2R U2 2R' 3U' 2R U2 2R'
rubiks-7,CtrObl3[F@2R.3U>U@2R.3B>F@3R.2D],CtrObl3[F@2R.3U>U@2R.3B>F@3R.2D]#00,CtrObl3[F@2R.3U>U@2R.3B>F@3R.2D],CtrObl3[F@2R.3U>U@2R.3B>F@3R.2D],CtrObl3[F@2R.3U>U@2R.3B>F@3R.2D],3,0,8,1,2R U 3R U' 2R' U 3R' U'
rubiks-7,CtrObl3[F@2R.3U>U@2R.3B>R@2B.3U],CtrObl3[F@2R.3U>U@2R.3B>R@2B.3U]#00,CtrObl3[F@2R.3U>U@2R.3B>R@2B.3U],CtrObl3[F@2R.3U>U@2R.3B>R@2B.3U],CtrObl3[F@2R.3U>U@2R.3B>R@2B.3U],3,0,8,1,2R D' 3B D 2R' D' 3B' D
rubiks-7,CtrObl3[F@2R.3U>U@3L.2B>R@2B.3U],CtrObl3[F@2R.3U>U@3L.2B>R@2B.3U]#00,CtrObl3[F@2R.3U>U@3L.2B>R@2B.3U],CtrObl3[F@2R.3U>U@3L.2B>R@2B.3U],CtrObl3[F@2R.3U>U@3L.2B>R@2B.3U],3,0,10,1,F' 2U' R2 2U 3L 2U' R2 2U 3L' F
rubiks-7,CtrObl3[F@2R.3U>U@3R.2F>R@2F.3D],CtrObl3[F@2R.3U>U@3R.2F>R@2F.3D]#00,CtrObl3[F@2R.3U>U@3R.2F>R@2F.3D],CtrObl3[F@2R.3U>U@3R.2F>R@2F.3D],CtrObl3[F@2R.3U>U@3R.2F>R@2F.3D],3,0,10,1,F 2D R2 2D' 3R' 2D R2 2D' 3R F'
rubiks-7,CtrObl3[F@3L.2D>U@3L.2F>R@2F.3U],CtrObl3[F@3L.2D>U@3L.2F>R@2F.3U]#00,CtrObl3[F@3L.2D>U@3L.2F>R@2F.3U],CtrObl3[F@3L.2D>U@3L.2F>R@2F.3U],CtrObl3[F@3L.2D>U@3L.2F>R@2F.3U],3,0,8,1,2D R2 2D' 3L 2D R2 2D' 3L'
rubiks-7,CtrObl3[F@3L.2U>U@2L.3F>R@3F.2U],CtrObl3[F@3L.2U>U@2L.3F>R@3F.2U]#00,CtrObl3[F@3L.2U>U@2L.3F>R@3F.2U],CtrObl3[F@3L.2U>U@2L.3F>R@3F.2U],CtrObl3[F@3L.2U>U@2L.3F>R@3F.2U],3,0,10,1,F 3U 2R U2 2R' 3U' 2R U2 2R' F'
rubiks-7,CtrObl3[F@3L.2U>U@2R.3B>R@3B.2D],CtrObl3[F@3L.2U>U@2R.3B>R@3B.2D]#00,CtrObl3[F@3L.2U>U@2R.3B>R@3B.2D],CtrObl3[F@3L.2U>U@2R.3B>R@3B.2D],CtrObl3[F@3L.2U>U@2R.3B>R@3B.2D],3,0,10,1,F' 3D' 2L' U2 2L 3D 2L' U2 2L F
rubiks-7,CtrObl3[F@3L.2U>U@3L.2B>R@2B.3U],CtrObl3[F@3L.2U>U@3L.2B>R@2B.3U]#00,CtrObl3[F@3L.2U>U@3L.2B>R@2B.3U],CtrObl3[F@3L.2U>U@3L.2B>R@2B.3U],CtrObl3[F@3L.2U>U@3L.2B>R@2B.3U],3,0,8,1,2U' R2 2U 3L 2U' R2 2U 3L'
rubiks-7,CtrObl3[F@3R.2D>U@2L.3F>R@3F.2U],CtrObl3[F@3R.2D>U@2L.3F>R@3F.2U]#00,CtrObl3[F@3R.2D>U@2L.3F>R@3F.2U],CtrObl3[F@3R.2D>U@2L.3F>R@3F.2U],CtrObl3[F@3R.2D>U@2L.3F>R@3F.2U],3,0,10,1,F' 3U 2R U2 2R' 3U' 2R U2 2R' F
rubiks-7,CtrObl3[F@3R.2D>U@2R.3B>R@3B.2D],CtrObl3[F@3R.2D>U@2R.3B>R@3B.2D]#00,CtrObl3[F@3R.2D>U@2R.3B>R@3B.2D],CtrObl3[F@3R.2D>U@2R.3B>R@3B.2D],CtrObl3[F@3R.2D>U@2R.3B>R@3B.2D],3,0,10,1,F 3D' 2L' U2 2L 3D 2L' U2 2L F'
rubiks-7,CtrObl3[F@3R.2D>U@3R.2F>R@2F.3D],CtrObl3[F@3R.2D>U@3R.2F>R@2F.3D]#00,CtrObl3[F@3R.2D>U@3R.2F>R@2F.3D],CtrObl3[F@3R.2D>U@3R.2F>R@2F.3D],CtrObl3[F@3R.2D>U@3R.2F>R@2F.3D],3,0,8,1,2D R2 2D' 3R' 2D R2 2D' 3R
rubiks-7,CtrObl3[F@3R.2U>U@2L.3B>U@2R.3F],CtrObl3[F@3R.2U>U@2L.3B>U@2R.3F]#00,CtrObl3[F@3R.2U>U@2L.3B>U@2R.3F],CtrObl3[F@3R.2U>U@2L.3B>U@2R.3F],CtrObl3[F@3R.2U>U@2L.3B>U@2R.3F],3,0,8,1,U2 3F' 2U 3F U2 3F' 2U' 3F
rubiks-7,CtrObl3[F@3R.2U>U@2R.3F>U@2L.3B]~v01,CtrObl3[F@3R.2U>U@2R.3F>U@2L.3B]~v01#00,CtrObl3[F@3R.2U>U@2R.3F>U@2L.3B]~v01,CtrObl3[F@3R.2U>U@2R.3F>U@2L.3B]~v01,CtrObl3[F@3R.2U>U@2R.3F>U@2L.3B],3,0,8,2,3F' 2U 3F U2 3F' 2U' 3F U2
rubiks-7,CtrObl3[F@3R.2U>U@2R.3F>U@2L.3B]~v02,CtrObl3[F@3R.2U>U@2R.3F>U@2L.3B]~v02#00,CtrObl3[F@3R.2U>U@2R.3F>U@2L.3B]~v02,CtrObl3[F@3R.2U>U@2R.3F>U@2L.3B]~v02,CtrObl3[F@3R.2U>U@2R.3F>U@2L.3B],3,0,8,2,U2 3B' 2U' 3B U2 3B' 2U 3B
rubiks-7,CtrObl3[F@3R.2U>U@3R.2B>R@2B.3D],CtrObl3[F@3R.2U>U@3R.2B>R@2B.3D]#00,CtrObl3[F@3R.2U>U@3R.2B>R@2B.3D],CtrObl3[F@3R.2U>U@3R.2B>R@2B.3D],CtrObl3[F@3R.2U>U@3R.2B>R@2B.3D],3,0,8,1,2U' R2 2U 3R' 2U' R2 2U 3R
rubiks-7,CtrObl4s[D@2L.3F<>U@2L.3B;D@3R.2F<>U@3R.2B],CtrObl4s[D@2L.3F<>U@2L.3B;D@3R.2F<>U@3R.2B]#00,CtrObl4s[D@2L.3F<>U@2L.3B;D@3R.2F<>U@3R.2B],CtrObl4s[D@2L.3F<>U@2L.3B;D@3R.2F<>U@3R.2B],CtrObl4s[D@2L.3F<>U@2L.3B;D@3R.2F<>U@3R.2B],4,0,10,1,U' 2L2 2F2 U 3R2 U' 2F2 2L2 U 3R2
rubiks-7,CtrObl4s[D@2L.3F<>U@2R.3F;D@3R.2F<>U@3L.2F],CtrObl4s[D@2L.3F<>U@2R.3F;D@3R.2F<>U@3L.2F]#00,CtrObl4s[D@2L.3F<>U@2R.3F;D@3R.2F<>U@3L.2F],CtrObl4s[D@2L.3F<>U@2R.3F;D@3R.2F<>U@3L.2F],CtrObl4s[D@2L.3F<>U@2R.3F;D@3R.2F<>U@3L.2F],4,0,11,1,U 2L2 2F2 U 3R2 U' 2F2 2L2 U 3R2 U2
rubiks-7,CtrObl4s[D@2L.3F<>U@3L.2F;D@3R.2F<>U@2L.3B],CtrObl4s[D@2L.3F<>U@3L.2F;D@3R.2F<>U@2L.3B]#00,CtrObl4s[D@2L.3F<>U@3L.2F;D@3R.2F<>U@2L.3B],CtrObl4s[D@2L.3F<>U@3L.2F;D@3R.2F<>U@2L.3B],CtrObl4s[D@2L.3F<>U@3L.2F;D@3R.2F<>U@2L.3B],4,0,10,1,2L2 2F2 U 3R2 U' 2F2 2L2 U 3R2 U'
rubiks-7,CtrObl6p[3x2]+CtrPlus3+CtrX5+W2-5~v01,CtrObl6p[3x2]+CtrPlus3+CtrX5+W2-5~v01#00,CtrObl6p[3x2]+CtrPlus3+CtrX5+W2-5~v01,CtrObl6p[3x2]+CtrPlus3+CtrX5+W2-5~v01,CtrObl6p[3x2]+CtrPlus3+CtrX5+W2-5,19,2,4,8,F 2U F' 2U'
rubiks-7,CtrObl6p[3x2]+CtrPlus3+CtrX5+W2-5~v02,CtrObl6p[3x2]+CtrPlus3+CtrX5+W2-5~v02#00,CtrObl6p[3x2]+CtrPlus3+CtrX5+W2-5~v02,CtrObl6p[3x2]+CtrPlus3+CtrX5+W2-5~v02,CtrObl6p[3x2]+CtrPlus3+CtrX5+W2-5,19,2,4,8,F 2U' F' 2U
rubiks-7,CtrObl6p[3x2]+CtrPlus3+CtrX5+W2-5~v03,CtrObl6p[3x2]+CtrPlus3+CtrX5+W2-5~v03#00,CtrObl6p[3x2]+CtrPlus3+CtrX5+W2-5~v03,CtrObl6p[3x2]+CtrPlus3+CtrX5+W2-5~v03,CtrObl6p[3x2]+CtrPlus3+CtrX5+W2-5,19,2,4,8,2U F' 2U' F
rubiks-7,CtrObl6p[3x2]+CtrPlus3+CtrX5+W2-5~v04,CtrObl6p[3x2]+CtrPlus3+CtrX5+W2-5~v04#00,CtrObl6p[3x2]+CtrPlus3+CtrX5+W2-5~v04,CtrObl6p[3x2]+CtrPlus3+CtrX5+W2-5~v04,CtrObl6p[3x2]+CtrPlus3+CtrX5+W2-5,19,2,4,8,2U' F' 2U F
rubiks-7,CtrObl6p[3x2]+CtrPlus3+CtrX5+W2-5~v05,CtrObl6p[3x2]+CtrPlus3+CtrX5+W2-5~v05#00,CtrObl6p[3x2]+CtrPlus3+CtrX5+W2-5~v05,CtrObl6p[3x2]+CtrPlus3+CtrX5+W2-5~v05,CtrObl6p[3x2]+CtrPlus3+CtrX5+W2-5,19,2,5,8,F2 2U F' 2U' F'
rubiks-7,CtrObl6p[3x2]+CtrPlus3+CtrX5+W2-5~v06,CtrObl6p[3x2]+CtrPlus3+CtrX5+W2-5~v06#00,CtrObl6p[3x2]+CtrPlus3+CtrX5+W2-5~v06,CtrObl6p[3x2]+CtrPlus3+CtrX5+W2-5~v06,CtrObl6p[3x2]+CtrPlus3+CtrX5+W2-5,19,4,5,8,F2 2U' F' 2U F'
rubiks-7,CtrObl6p[3x2]+CtrPlus3+CtrX5+W2-5~v07,CtrObl6p[3x2]+CtrPlus3+CtrX5+W2-5~v07#00,CtrObl6p[3x2]+CtrPlus3+CtrX5+W2-5~v07,CtrObl6p[3x2]+CtrPlus3+CtrX5+W2-5~v07,CtrObl6p[3x2]+CtrPlus3+CtrX5+W2-5,19,2,5,8,F' 2U F' 2U' F2
rubiks-7,CtrObl6p[3x2]+CtrPlus3+CtrX5+W2-5~v08,CtrObl6p[3x2]+CtrPlus3+CtrX5+W2-5~v08#00,CtrObl6p[3x2]+CtrPlus3+CtrX5+W2-5~v08,CtrObl6p[3x2]+CtrPlus3+CtrX5+W2-5~v08,CtrObl6p[3x2]+CtrPlus3+CtrX5+W2-5,19,4,5,8,F' 2U' F' 2U F2
rubiks-7,CtrObl6p[3x2]+CtrPlus3+CtrX5+W2-6p[3x2]~v01,CtrObl6p[3x2]+CtrPlus3+CtrX5+W2-6p[3x2]~v01#00,CtrObl6p[3x2]+CtrPlus3+CtrX5+W2-6p[3x2]~v01,CtrObl6p[3x2]+CtrPlus3+CtrX5+W2-6p[3x2]~v01,CtrObl6p[3x2]+CtrPlus3+CtrX5+W2-6p[3x2],20,2,4,4,F 2U2 F' 2U2
rubiks-7,CtrObl6p[3x2]+CtrPlus3+CtrX5+W2-6p[3x2]~v02,CtrObl6p[3x2]+CtrPlus3+CtrX5+W2-6p[3x2]~v02#00,CtrObl6p[3x2]+CtrPlus3+CtrX5+W2-6p[3x2]~v02,CtrObl6p[3x2]+CtrPlus3+CtrX5+W2-6p[3x2]~v02,CtrObl6p[3x2]+CtrPlus3+CtrX5+W2-6p[3x2],20,2,4,4,2U2 F' 2U2 F
rubiks-7,CtrObl6p[3x2]+CtrPlus3+CtrX5+W2-6p[3x2]~v03,CtrObl6p[3x2]+CtrPlus3+CtrX5+W2-6p[3x2]~v03#00,CtrObl6p[3x2]+CtrPlus3+CtrX5+W2-6p[3x2]~v03,CtrObl6p[3x2]+CtrPlus3+CtrX5+W2-6p[3x2]~v03,CtrObl6p[3x2]+CtrPlus3+CtrX5+W2-6p[3x2],20,4,5,4,F2 2U2 F' 2U2 F'
rubiks-7,CtrObl6p[3x2]+CtrPlus3+CtrX5+W2-6p[3x2]~v04,CtrObl6p[3x2]+CtrPlus3+CtrX5+W2-6p[3x2]~v04#00,CtrObl6p[3x2]+CtrPlus3+CtrX5+W2-6p[3x2]~v04,CtrObl6p[3x2]+CtrPlus3+CtrX5+W2-6p[3x2]~v04,CtrObl6p[3x2]+CtrPlus3+CtrX5+W2-6p[3x2],20,4,5,4,F' 2U2 F' 2U2 F2
rubiks-7,CtrObl6p[3x2]+CtrPlus3+CtrX6p[3x2]+W2-5~v01,CtrObl6p[3x2]+CtrPlus3+CtrX6p[3x2]+W2-5~v01#00,CtrObl6p[3x2]+CtrPlus3+CtrX6p[3x2]+W2-5~v01,CtrObl6p[3x2]+CtrPlus3+CtrX6p[3x2]+W2-5~v01,CtrObl6p[3x2]+CtrPlus3+CtrX6p[3x2]+W2-5,20,2,4,8,F2 2U F2 2U'
rubiks-7,CtrObl6p[3x2]+CtrPlus3+CtrX6p[3x2]+W2-5~v02,CtrObl6p[3x2]+CtrPlus3+CtrX6p[3x2]+W2-5~v02#00,CtrObl6p[3x2]+CtrPlus3+CtrX6p[3x2]+W2-5~v02,CtrObl6p[3x2]+CtrPlus3+CtrX6p[3x2]+W2-5~v02,CtrObl6p[3x2]+CtrPlus3+CtrX6p[3x2]+W2-5,20,2,4,8,F2 2U' F2 2U
rubiks-7,CtrObl6p[3x2]+CtrPlus3+CtrX6p[3x2]+W2-5~v03,CtrObl6p[3x2]+CtrPlus3+CtrX6p[3x2]+W2-5~v03#00,CtrObl6p[3x2]+CtrPlus3+CtrX6p[3x2]+W2-5~v03,CtrObl6p[3x2]+CtrPlus3+CtrX6p[3x2]+W2-5~v03,CtrObl6p[3x2]+CtrPlus3+CtrX6p[3x2]+W2-5,20,2,4,8,2U F2 2U' F2
rubiks-7,CtrObl6p[3x2]+CtrPlus3+CtrX6p[3x2]+W2-5~v04,CtrObl6p[3x2]+CtrPlus3+CtrX6p[3x2]+W2-5~v04#00,CtrObl6p[3x2]+CtrPlus3+CtrX6p[3x2]+W2-5~v04,CtrObl6p[3x2]+CtrPlus3+CtrX6p[3x2]+W2-5~v04,CtrObl6p[3x2]+CtrPlus3+CtrX6p[3x2]+W2-5,20,2,4,8,2U' F2 2U F2
rubiks-7,CtrObl6p[3x2]+CtrPlus3+CtrX6p[3x2]+W2-5~v05,CtrObl6p[3x2]+CtrPlus3+CtrX6p[3x2]+W2-5~v05#00,CtrObl6p[3x2]+CtrPlus3+CtrX6p[3x2]+W2-5~v05,CtrObl6p[3x2]+CtrPlus3+CtrX6p[3x2]+W2-5~v05,CtrObl6p[3x2]+CtrPlus3+CtrX6p[3x2]+W2-5,20,2,5,8,F 2U F2 2U' F
rubiks-7,CtrObl6p[3x2]+CtrPlus3+CtrX6p[3x2]+W2-5~v06,CtrObl6p[3x2]+CtrPlus3+CtrX6p[3x2]+W2-5~v06#00,CtrObl6p[3x2]+CtrPlus3+CtrX6p[3x2]+W2-5~v06,CtrObl6p[3x2]+CtrPlus3+CtrX6p[3x2]+W2-5~v06,CtrObl6p[3x2]+CtrPlus3+CtrX6p[3x2]+W2-5,20,4,5,8,F 2U' F2 2U F
rubiks-7,CtrObl6p[3x2]+CtrPlus3+CtrX6p[3x2]+W2-5~v07,CtrObl6p[3x2]+CtrPlus3+CtrX6p[3x2]+W2-5~v07#00,CtrObl6p[3x2]+CtrPlus3+CtrX6p[3x2]+W2-5~v07,CtrObl6p[3x2]+CtrPlus3+CtrX6p[3x2]+W2-5~v07,CtrObl6p[3x2]+CtrPlus3+CtrX6p[3x2]+W2-5,20,2,5,8,F' 2U F2 2U' F'
rubiks-7,CtrObl6p[3x2]+CtrPlus3+CtrX6p[3x2]+W2-5~v08,CtrObl6p[3x2]+CtrPlus3+CtrX6p[3x2]+W2-5~v08#00,CtrObl6p[3x2]+CtrPlus3+CtrX6p[3x2]+W2-5~v08,CtrObl6p[3x2]+CtrPlus3+CtrX6p[3x2]+W2-5~v08,CtrObl6p[3x2]+CtrPlus3+CtrX6p[3x2]+W2-5,20,4,5,8,F' 2U' F2 2U F'
rubiks-7,CtrObl6p[3x2]+CtrPlus3+CtrX6p[3x2]+W2-6p[3x2]~v01,CtrObl6p[3x2]+CtrPlus3+CtrX6p[3x2]+W2-6p[3x2]~v01#00,CtrObl6p[3x2]+CtrPlus3+CtrX6p[3x2]+W2-6p[3x2]~v01,CtrObl6p[3x2]+CtrPlus3+CtrX6p[3x2]+W2-6p[3x2]~v01,CtrObl6p[3x2]+CtrPlus3+CtrX6p[3x2]+W2-6p[3x2],21,4,4,3,F2 2U2 F2 2U2
rubiks-7,CtrObl6p[3x2]+CtrPlus3+CtrX6p[3x2]+W2-6p[3x2]~v02,CtrObl6p[3x2]+CtrPlus3+CtrX6p[3x2]+W2-6p[3x2]~v02#00,CtrObl6p[3x2]+CtrPlus3+CtrX6p[3x2]+W2-6p[3x2]~v02,CtrObl6p[3x2]+CtrPlus3+CtrX6p[3x2]+W2-6p[3x2]~v02,CtrObl6p[3x2]+CtrPlus3+CtrX6p[3x2]+W2-6p[3x2],21,4,4,3,2U2 F2 2U2 F2
rubiks-7,CtrObl6p[3x2]+CtrPlus3+CtrX6p[3x2]+W2-6p[3x2]~v03,CtrObl6p[3x2]+CtrPlus3+CtrX6p[3x2]+W2-6p[3x2]~v03#00,CtrObl6p[3x2]+CtrPlus3+CtrX6p[3x2]+W2-6p[3x2]~v03,CtrObl6p[3x2]+CtrPlus3+CtrX6p[3x2]+W2-6p[3x2]~v03,CtrObl6p[3x2]+CtrPlus3+CtrX6p[3x2]+W2-6p[3x2],21,2,5,3,F 2U2 F2 2U2 F
rubiks-7,CtrObl6p[3x2][B@2L.3U>B@2R.3D>U@2R.3B;D@2R.3B>F@2L.3U>F@2R.3D],CtrObl6p[3x2][B@2L.3U>B@2R.3D>U@2R.3B;D@2R.3B>F@2L.3U>F@2R.3D]#00,CtrObl6p[3x2][B@2L.3U>B@2R.3D>U@2R.3B;D@2R.3B>F@2L.3U>F@2R.3D],CtrObl6p[3x2][B@2L.3U>B@2R.3D>U@2R.3B;D@2R.3B>F@2L.3U>F@2R.3D],CtrObl6p[3x2][B@2L.3U>B@2R.3D>U@2R.3B;D@2R.3B>F@2L.3U>F@2R.3D],6,0,5,1,2R2 3U2 2R 3U2 2R
rubiks-7,CtrObl6p[3x2][B@2L.3U>D@2L.3B>B@2R.3D;F@2L.3U>U@2R.3F>F@2R.3D],CtrObl6p[3x2][B@2L.3U>D@2L.3B>B@2R.3D;F@2L.3U>U@2R.3F>F@2R.3D]#00,CtrObl6p[3x2][B@2L.3U>D@2L.3B>B@2R.3D;F@2L.3U>U@2R.3F>F@2R.3D],CtrObl6p[3x2][B@2L.3U>D@2L.3B>B@2R.3D;F@2L.3U>U@2R.3F>F@2R.3D],CtrObl6p[3x2][B@2L.3U>D@2L.3B>B@2R.3D;F@2L.3U>U@2R.3F>F@2R.3D],6,0,7,1,D2 2R 3U2 2R 3U2 2R2 D2
rubiks-7,CtrObl6p[3x2][B@2L.3U>D@2R.3F>B@2R.3D;F@2L.3U>U@2L.3B>F@2R.3D],CtrObl6p[3x2][B@2L.3U>D@2R.3F>B@2R.3D;F@2L.3U>U@2L.3B>F@2R.3D]#00,CtrObl6p[3x2][B@2L.3U>D@2R.3F>B@2R.3D;F@2L.3U>U@2L.3B>F@2R.3D],CtrObl6p[3x2][B@2L.3U>D@2R.3F>B@2R.3D;F@2L.3U>U@2L.3B>F@2R.3D],CtrObl6p[3x2][B@2L.3U>D@2R.3F>B@2R.3D;F@2L.3U>U@2L.3B>F@2R.3D],6,0,7,1,U2 2R 3U2 2R 3U2 2R2 U2
rubiks-7,CtrObl6p[3x2][B@2L.3U>D@2R.3F>B@2R.3D;F@2L.3U>U@2R.3F>F@2R.3D],CtrObl6p[3x2][B@2L.3U>D@2R.3F>B@2R.3D;F@2L.3U>U@2R.3F>F@2R.3D]#00,CtrObl6p[3x2][B@2L.3U>D@2R.3F>B@2R.3D;F@2L.3U>U@2R.3F>F@2R.3D],CtrObl6p[3x2][B@2L.3U>D@2R.3F>B@2R.3D;F@2L.3U>U@2R.3F>F@2R.3D],CtrObl6p[3x2][B@2L.3U>D@2R.3F>B@2R.3D;F@2L.3U>U@2R.3F>F@2R.3D],6,0,5,1,2R 3U2 2R 3U2 2R2
rubiks-7,CtrObl6p[3x2][B@2L.3U>D@2R.3F>F@2R.3U;B@2R.3U>F@2L.3U>U@2R.3F],CtrObl6p[3x2][B@2L.3U>D@2R.3F>F@2R.3U;B@2R.3U>F@2L.3U>U@2R.3F]#00,CtrObl6p[3x2][B@2L.3U>D@2R.3F>F@2R.3U;B@2R.3U>F@2L.3U>U@2R.3F],CtrObl6p[3x2][B@2L.3U>D@2R.3F>F@2R.3U;B@2R.3U>F@2L.3U>U@2R.3F],CtrObl6p[3x2][B@2L.3U>D@2R.3F>F@2R.3U;B@2R.3U>F@2L.3U>U@2R.3F],6,0,4,1,2R 3U2 2R' 3U2
rubiks-7,CtrObl6p[3x2][B@2L.3U>F@2R.3U>R@3F.2U;B@2R.3U>L@3F.2U>F@2L.3U],CtrObl6p[3x2][B@2L.3U>F@2R.3U>R@3F.2U;B@2R.3U>L@3F.2U>F@2L.3U]#00,CtrObl6p[3x2][B@2L.3U>F@2R.3U>R@3F.2U;B@2R.3U>L@3F.2U>F@2L.3U],CtrObl6p[3x2][B@2L.3U>F@2R.3U>R@3F.2U;B@2R.3U>L@3F.2U>F@2L.3U],CtrObl6p[3x2][B@2L.3U>F@2R.3U>R@3F.2U;B@2R.3U>L@3F.2U>F@2L.3U],6,0,7,1,2R2 3U 2R2 3U 2R2 3U2 2R2
rubiks-7,CtrObl6p[3x2][B@2L.3U>L@3F.2D>F@2R.3U;B@2R.3U>F@2L.3U>R@3F.2D],CtrObl6p[3x2][B@2L.3U>L@3F.2D>F@2R.3U;B@2R.3U>F@2L.3U>R@3F.2D]#00,CtrObl6p[3x2][B@2L.3U>L@3F.2D>F@2R.3U;B@2R.3U>F@2L.3U>R@3F.2D],CtrObl6p[3x2][B@2L.3U>L@3F.2D>F@2R.3U;B@2R.3U>F@2L.3U>R@3F.2D],CtrObl6p[3x2][B@2L.3U>L@3F.2D>F@2R.3U;B@2R.3U>F@2L.3U>R@3F.2D],6,0,7,1,2R2 3U2 2R2 3U 2R2 3U 2R2
rubiks-7,CtrObl6p[3x2][B@2R.3D>B@3R.2U>D@2R.3F;F@2R.3D>F@3R.2U>U@2R.3F],CtrObl6p[3x2][B@2R.3D>B@3R.2U>D@2R.3F;F@2R.3D>F@3R.2U>U@2R.3F]#00,CtrObl6p[3x2][B@2R.3D>B@3R.2U>D@2R.3F;F@2R.3D>F@3R.2U>U@2R.3F],CtrObl6p[3x2][B@2R.3D>B@3R.2U>D@2R.3F;F@2R.3D>F@3R.2U>U@2R.3F],CtrObl6p[3x2][B@2R.3D>B@3R.2U>D@2R.3F;F@2R.3D>F@3R.2U>U@2R.3F],6,0,6,1,2U 3F 2R 3F' 2R' 2U'
rubiks-7,CtrObl6p[3x2][B@2R.3D>D@2L.3B>D@2R.3F;F@2R.3D>U@2L.3B>U@3R.2B],CtrObl6p[3x2][B@2R.3D>D@2L.3B>D@2R.3F;F@2R.3D>U@2L.3B>U@3R.2B]#00,CtrObl6p[3x2][B@2R.3D>D@2L.3B>D@2R.3F;F@2R.3D>U@2L.3B>U@3R.2B],CtrObl6p[3x2][B@2R.3D>D@2L.3B>D@2R.3F;F@2R.3D>U@2L.3B>U@3R.2B],CtrObl6p[3x2][B@2R.3D>D@2L.3B>D@2R.3F;F@2R.3D>U@2L.3B>U@3R.2B],6,0,8,1,2L' U 2R' 3D2 2R U' 3D2 2L
rubiks-7,CtrObl6p[3x2][B@2R.3D>D@2L.3B>D@3R.2B;F@2R.3D>U@2L.3B>U@2R.3F],CtrObl6p[3x2][B@2R.3D>D@2L.3B>D@3R.2B;F@2R.3D>U@2L.3B>U@2R.3F]#00,CtrObl6p[3x2][B@2R.3D>D@2L.3B>D@3R.2B;F@2R.3D>U@2L.3B>U@2R.3F],CtrObl6p[3x2][B@2R.3D>D@2L.3B>D@3R.2B;F@2R.3D>U@2L.3B>U@2R.3F],CtrObl6p[3x2][B@2R.3D>D@2L.3B>D@3R.2B;F@2R.3D>U@2L.3B>U@2R.3F],6,0,8,1,2L' D' 2R' 3D2 2R D 3D2 2L
rubiks-7,CtrObl6p[3x2][B@2R.3D>D@2R.3F>D@3L.2F;F@2R.3D>U@2R.3F>U@3L.2F],CtrObl6p[3x2][B@2R.3D>D@2R.3F>D@3L.2F;F@2R.3D>U@2R.3F>U@3L.2F]#00,CtrObl6p[3x2][B@2R.3D>D@2R.3F>D@3L.2F;F@2R.3D>U@2R.3F>U@3L.2F],CtrObl6p[3x2][B@2R.3D>D@2R.3F>D@3L.2F;F@2R.3D>U@2R.3F>U@3L.2F],CtrObl6p[3x2][B@2R.3D>D@2R.3F>D@3L.2F;F@2R.3D>U@2R.3F>U@3L.2F],6,0,6,1,2F' 3D 2R' 3D' 2R 2F
rubiks-7,CtrObl6p[3x2][B@2R.3D>D@2R.3F>L@3F.2D;F@2R.3D>U@2R.3F>R@3F.2D],CtrObl6p[3x2][B@2R.3D>D@2R.3F>L@3F.2D;F@2R.3D>U@2R.3F>R@3F.2D]#00,CtrObl6p[3x2][B@2R.3D>D@2R.3F>L@3F.2D;F@2R.3D>U@2R.3F>R@3F.2D],CtrObl6p[3x2][B@2R.3D>D@2R.3F>L@3F.2D;F@2R.3D>U@2R.3F>R@3F.2D],CtrObl6p[3x2][B@2R.3D>D@2R.3F>L@3F.2D;F@2R.3D>U@2R.3F>R@3F.2D],6,0,5,1,2R2 3U' 2R' 3U 2R'
rubiks-7,CtrObl6p[3x2][B@2R.3D>D@2R.3F>R@3F.2U;F@2R.3D>U@2R.3F>L@3F.2U],CtrObl6p[3x2][B@2R.3D>D@2R.3F>R@3F.2U;F@2R.3D>U@2R.3F>L@3F.2U]#00,CtrObl6p[3x2][B@2R.3D>D@2R.3F>R@3F.2U;F@2R.3D>U@2R.3F>L@3F.2U],CtrObl6p[3x2][B@2R.3D>D@2R.3F>R@3F.2U;F@2R.3D>U@2R.3F>L@3F.2U],CtrObl6p[3x2][B@2R.3D>D@2R.3F>R@3F.2U;F@2R.3D>U@2R.3F>L@3F.2U],6,0,5,1,2R2 3U 2R' 3U' 2R'
rubiks-7,CtrObl6p[3x2][B@2R.3D>F@2R.3U>R@3F.2U;B@2R.3U>L@3F.2U>F@2R.3D],CtrObl6p[3x2][B@2R.3D>F@2R.3U>R@3F.2U;B@2R.3U>L@3F.2U>F@2R.3D]#00,CtrObl6p[3x2][B@2R.3D>F@2R.3U>R@3F.2U;B@2R.3U>L@3F.2U>F@2R.3D],CtrObl6p[3x2][B@2R.3D>F@2R.3U>R@3F.2U;B@2R.3U>L@3F.2U>F@2R.3D],CtrObl6p[3x2][B@2R.3D>F@2R.3U>R@3F.2U;B@2R.3U>L@3F.2U>F@2R.3D],6,0,4,1,2R2 3U 2R2 3U'
rubiks-7,CtrObl6p[3x2][B@2R.3D>L@3F.2D>D@2R.3F;F@2R.3D>R@3F.2D>U@2R.3F],CtrObl6p[3x2][B@2R.3D>L@3F.2D>D@2R.3F;F@2R.3D>R@3F.2D>U@2R.3F]#00,CtrObl6p[3x2][B@2R.3D>L@3F.2D>D@2R.3F;F@2R.3D>R@3F.2D>U@2R.3F],CtrObl6p[3x2][B@2R.3D>L@3F.2D>D@2R.3F;F@2R.3D>R@3F.2D>U@2R.3F],CtrObl6p[3x2][B@2R.3D>L@3F.2D>D@2R.3F;F@2R.3D>R@3F.2D>U@2R.3F],6,0,5,1,2R 3U' 2R 3U 2R2
rubiks-7,CtrObl6p[3x2][B@2R.3D>R@3F.2U>D@2R.3F;F@2R.3D>L@3F.2U>U@2R.3F],CtrObl6p[3x2][B@2R.3D>R@3F.2U>D@2R.3F;F@2R.3D>L@3F.2U>U@2R.3F]#00,CtrObl6p[3x2][B@2R.3D>R@3F.2U>D@2R.3F;F@2R.3D>L@3F.2U>U@2R.3F],CtrObl6p[3x2][B@2R.3D>R@3F.2U>D@2R.3F;F@2R.3D>L@3F.2U>U@2R.3F],CtrObl6p[3x2][B@2R.3D>R@3F.2U>D@2R.3F;F@2R.3D>L@3F.2U>U@2R.3F],6,0,5,1,2R 3U 2R 3U' 2R2
rubiks-7,CtrObl6p[3x2][B@2R.3U>L@3F.2U>U@2R.3F;D@2R.3F>F@2R.3U>R@3F.2U],CtrObl6p[3x2][B@2R.3U>L@3F.2U>U@2R.3F;D@2R.3F>F@2R.3U>R@3F.2U]#00,CtrObl6p[3x2][B@2R.3U>L@3F.2U>U@2R.3F;D@2R.3F>F@2R.3U>R@3F.2U],CtrObl6p[3x2][B@2R.3U>L@3F.2U>U@2R.3F;D@2R.3F>F@2R.3U>R@3F.2U],CtrObl6p[3x2][B@2R.3U>L@3F.2U>U@2R.3F;D@2R.3F>F@2R.3U>R@3F.2U],6,0,4,1,2R 3U 2R' 3U'
rubiks-7,CtrObl6p[3x2][B@2R.3U>R@3F.2D>U@2R.3F;D@2R.3F>F@2R.3U>L@3F.2D],CtrObl6p[3x2][B@2R.3U>R@3F.2D>U@2R.3F;D@2R.3F>F@2R.3U>L@3F.2D]#00,CtrObl6p[3x2][B@2R.3U>R@3F.2D>U@2R.3F;D@2R.3F>F@2R.3U>L@3F.2D],CtrObl6p[3x2][B@2R.3U>R@3F.2D>U@2R.3F;D@2R.3F>F@2R.3U>L@3F.2D],CtrObl6p[3x2][B@2R.3U>R@3F.2D>U@2R.3F;D@2R.3F>F@2R.3U>L@3F.2D],6,0,4,1,2R 3U' 2R' 3U
rubiks-7,CtrObl6p[3x2][B@2R.3U>U@2L.3B>U@2R.3F;D@2L.3B>D@3L.2F>F@2R.3U],CtrObl6p[3x2][B@2R.3U>U@2L.3B>U@2R.3F;D@2L.3B>D@3L.2F>F@2R.3U]#00,CtrObl6p[3x2][B@2R.3U>U@2L.3B>U@2R.3F;D@2L.3B>D@3L.2F>F@2R.3U],CtrObl6p[3x2][B@2R.3U>U@2L.3B>U@2R.3F;D@2L.3B>D@3L.2F>F@2R.3U],CtrObl6p[3x2][B@2R.3U>U@2L.3B>U@2R.3F;D@2L.3B>D@3L.2F>F@2R.3U],6,0,8,1,2L D 2R 3U2 2R' D' 3U2 2L'
rubiks-7,CtrObl6p[3x2][B@2R.3U>U@2L.3B>U@3L.2F;D@2L.3B>D@2R.3F>F@2R.3U],CtrObl6p[3x2][B@2R.3U>U@2L.3B>U@3L.2F;D@2L.3B>D@2R.3F>F@2R.3U]#00,CtrObl6p[3x2][B@2R.3U>U@2L.3B>U@3L.2F;D@2L.3B>D@2R.3F>F@2R.3U],CtrObl6p[3x2][B@2R.3U>U@2L.3B>U@3L.2F;D@2L.3B>D@2R.3F>F@2R.3U],CtrObl6p[3x2][B@2R.3U>U@2L.3B>U@3L.2F;D@2L.3B>D@2R.3F>F@2R.3U],6,0,8,1,2L U' 2R 3U2 2R' U 3U2 2L'
rubiks-7,CtrObl6p[3x2][B@2R.3U>U@2R.3F>U@2L.3B;D@2L.3B>F@2R.3U>D@3L.2F],CtrObl6p[3x2][B@2R.3U>U@2R.3F>U@2L.3B;D@2L.3B>F@2R.3U>D@3L.2F]#00,CtrObl6p[3x2][B@2R.3U>U@2R.3F>U@2L.3B;D@2L.3B>F@2R.3U>D@3L.2F],CtrObl6p[3x2][B@2R.3U>U@2R.3F>U@2L.3B;D@2L.3B>F@2R.3U>D@3L.2F],CtrObl6p[3x2][B@2R.3U>U@2R.3F>U@2L.3B;D@2L.3B>F@2R.3U>D@3L.2F],6,0,8,1,2L 3U2 D 2R 3U2 2R' D' 2L'
rubiks-7,CtrObl6p[3x2][B@2R.3U>U@3L.2F>U@2L.3B;D@2L.3B>F@2R.3U>D@2R.3F],CtrObl6p[3x2][B@2R.3U>U@3L.2F>U@2L.3B;D@2L.3B>F@2R.3U>D@2R.3F]#00,CtrObl6p[3x2][B@2R.3U>U@3L.2F>U@2L.3B;D@2L.3B>F@2R.3U>D@2R.3F],CtrObl6p[3x2][B@2R.3U>U@3L.2F>U@2L.3B;D@2L.3B>F@2R.3U>D@2R.3F],CtrObl6p[3x2][B@2R.3U>U@3L.2F>U@2L.3B;D@2L.3B>F@2R.3U>D@2R.3F],6,0,8,1,2L 3U2 U' 2R 3U2 2R' U 2L'
rubiks-7,CtrObl6p[3x2][B@2R.3U>U@3R.2B>U@2R.3F;D@3L.2F>F@2R.3U>D@3R.2B],CtrObl6p[3x2][B@2R.3U>U@3R.2B>U@2R.3F;D@3L.2F>F@2R.3U>D@3R.2B]#00,CtrObl6p[3x2][B@2R.3U>U@3R.2B>U@2R.3F;D@3L.2F>F@2R.3U>D@3R.2B],CtrObl6p[3x2][B@2R.3U>U@3R.2B>U@2R.3F;D@3L.2F>F@2R.3U>D@3R.2B],CtrObl6p[3x2][B@2R.3U>U@3R.2B>U@2R.3F;D@3L.2F>F@2R.3U>D@3R.2B],6,0,8,1,2B D 2R 3U 2R' D' 3U' 2B'
rubiks-7,CtrObl6p[3x2][B@2R.3U>U@3R.2B>U@3L.2F;D@2R.3F>F@2R.3U>D@3R.2B],CtrObl6p[3x2][B@2R.3U>U@3R.2B>U@3L.2F;D@2R.3F>F@2R.3U>D@3R.2B]#00,CtrObl6p[3x2][B@2R.3U>U@3R.2B>U@3L.2F;D@2R.3F>F@2R.3U>D@3R.2B],CtrObl6p[3x2][B@2R.3U>U@3R.2B>U@3L.2F;D@2R.3F>F@2R.3U>D@3R.2B],CtrObl6p[3x2][B@2R.3U>U@3R.2B>U@3L.2F;D@2R.3F>F@2R.3U>D@3R.2B],6,0,8,1,2B U' 2R 3U 2R' U 3U' 2B'
rubiks-7,CtrObl6p[3x2][B@3R.2D>L@3B.2D>R@3F.2D;F@3R.2D>R@3B.2D>L@3F.2D],CtrObl6p[3x2][B@3R.2D>L@3B.2D>R@3F.2D;F@3R.2D>R@3B.2D>L@3F.2D]#00,CtrObl6p[3x2][B@3R.2D>L@3B.2D>R@3F.2D;F@3R.2D>R@3B.2D>L@3F.2D],CtrObl6p[3x2][B@3R.2D>L@3B.2D>R@3F.2D;F@3R.2D>R@3B.2D>L@3F.2D],CtrObl6p[3x2][B@3R.2D>L@3B.2D>R@3F.2D;F@3R.2D>R@3B.2D>L@3F.2D],6,0,5,1,2F' 3R 2F2 3R' 2F'
rubiks-7,CtrObl6p[3x2][B@3R.2D>R@2F.3U>L@2F.3D;F@3R.2D>L@2F.3U>R@2F.3D],CtrObl6p[3x2][B@3R.2D>R@2F.3U>L@2F.3D;F@3R.2D>L@2F.3U>R@2F.3D]#00,CtrObl6p[3x2][B@3R.2D>R@2F.3U>L@2F.3D;F@3R.2D>L@2F.3U>R@2F.3D],CtrObl6p[3x2][B@3R.2D>R@2F.3U>L@2F.3D;F@3R.2D>L@2F.3U>R@2F.3D],CtrObl6p[3x2][B@3R.2D>R@2F.3U>L@2F.3D;F@3R.2D>L@2F.3U>R@2F.3D],6,0,5,1,2U 3R2 2U2 3R2 2U
rubiks-7,CtrObl6p[3x2][B@3R.2D>R@3F.2D>L@3B.2D;F@3R.2D>L@3F.2D>R@3B.2D],CtrObl6p[3x2][B@3R.2D>R@3F.2D>L@3B.2D;F@3R.2D>L@3F.2D>R@3B.2D]#00,CtrObl6p[3x2][B@3R.2D>R@3F.2D>L@3B.2D;F@3R.2D>L@3F.2D>R@3B.2D],CtrObl6p[3x2][B@3R.2D>R@3F.2D>L@3B.2D;F@3R.2D>L@3F.2D>R@3B.2D],CtrObl6p[3x2][B@3R.2D>R@3F.2D>L@3B.2D;F@3R.2D>L@3F.2D>R@3B.2D],6,0,5,1,2F 3R 2F2 3R' 2F
rubiks-7,CtrObl6p[3x2][D@2L.3B>U@2L.3F>D@3R.2B;D@3L.2B>U@2L.3B>U@3L.2F],CtrObl6p[3x2][D@2L.3B>U@2L.3F>D@3R.2B;D@3L.2B>U@2L.3B>U@3L.2F]#00,CtrObl6p[3x2][D@2L.3B>U@2L.3F>D@3R.2B;D@3L.2B>U@2L.3B>U@3L.2F],CtrObl6p[3x2][D@2L.3B>U@2L.3F>D@3R.2B;D@3L.2B>U@2L.3B>U@3L.2F],CtrObl6p[3x2][D@2L.3B>U@2L.3F>D@3R.2B;D@3L.2B>U@2L.3B>U@3L.2F],6,0,9,1,U 2L 2B' 3U 2B2 3U' 2B' 2L' U'
rubiks-7,CtrObl6p[3x2][D@2L.3B>U@2R.3B>U@2L.3F;D@2R.3B>U@3R.2B>U@2L.3B],CtrObl6p[3x2][D@2L.3B>U@2R.3B>U@2L.3F;D@2R.3B>U@3R.2B>U@2L.3B]#00,CtrObl6p[3x2][D@2L.3B>U@2R.3B>U@2L.3F;D@2R.3B>U@3R.2B>U@2L.3B],CtrObl6p[3x2][D@2L.3B>U@2R.3B>U@2L.3F;D@2R.3B>U@3R.2B>U@2L.3B],CtrObl6p[3x2][D@2L.3B>U@2R.3B>U@2L.3F;D@2R.3B>U@3R.2B>U@2L.3B],6,0,10,1,U' 2L2 U 2L2 3B2 2L2 U' 2L2 U 3B2
rubiks-7,CtrObl6p[3x2][D@2L.3B>U@3L.2B>D@3R.2B;D@3L.2B>U@3R.2B>U@2L.3B],CtrObl6p[3x2][D@2L.3B>U@3L.2B>D@3R.2B;D@3L.2B>U@3R.2B>U@2L.3B]#00,CtrObl6p[3x2][D@2L.3B>U@3L.2B>D@3R.2B;D@3L.2B>U@3R.2B>U@2L.3B],CtrObl6p[3x2][D@2L.3B>U@3L.2B>D@3R.2B;D@3L.2B>U@3R.2B>U@2L.3B],CtrObl6p[3x2][D@2L.3B>U@3L.2B>D@3R.2B;D@3L.2B>U@3R.2B>U@2L.3B],6,0,7,1,2L 2B' 3U 2B2 3U' 2B' 2L'
rubiks-7,CtrObl6p[3x2][D@2L.3B>U@3L.2B>U@3R.2F;D@2R.3B>U@2L.3B>U@3L.2F],CtrObl6p[3x2][D@2L.3B>U@3L.2B>U@3R.2F;D@2R.3B>U@2L.3B>U@3L.2F]#00,CtrObl6p[3x2][D@2L.3B>U@3L.2B>U@3R.2F;D@2R.3B>U@2L.3B>U@3L.2F],CtrObl6p[3x2][D@2L.3B>U@3L.2B>U@3R.2F;D@2R.3B>U@2L.3B>U@3L.2F],CtrObl6p[3x2][D@2L.3B>U@3L.2B>U@3R.2F;D@2R.3B>U@2L.3B>U@3L.2F],6,0,10,1,2L2 U 2L2 3B2 2L2 U' 2L2 U 3B2 U'
rubiks-7,CtrObl6p[3x2][D@2L.3B>U@3R.2F>D@3R.2B;D@3L.2B>U@3L.2F>U@2R.3F],CtrObl6p[3x2][D@2L.3B>U@3R.2F>D@3R.2B;D@3L.2B>U@3L.2F>U@2R.3F]#00,CtrObl6p[3x2][D@2L.3B>U@3R.2F>D@3R.2B;D@3L.2B>U@3L.2F>U@2R.3F],CtrObl6p[3x2][D@2L.3B>U@3R.2F>D@3R.2B;D@3L.2B>U@3L.2F>U@2R.3F],CtrObl6p[3x2][D@2L.3B>U@3R.2F>D@3R.2B;D@3L.2B>U@3L.2F>U@2R.3F],6,0,9,1,U2 2L 2B' 3U 2B2 3U' 2B' 2L' U2
rubiks-7,CtrObl6p[3x2][D@2L.3F>D@2R.3B>U@2L.3B;D@2R.3F>U@2R.3B>U@2L.3F],CtrObl6p[3x2][D@2L.3F>D@2R.3B>U@2L.3B;D@2R.3F>U@2R.3B>U@2L.3F]#00,CtrObl6p[3x2][D@2L.3F>D@2R.3B>U@2L.3B;D@2R.3F>U@2R.3B>U@2L.3F],CtrObl6p[3x2][D@2L.3F>D@2R.3B>U@2L.3B;D@2R.3F>U@2R.3B>U@2L.3F],CtrObl6p[3x2][D@2L.3F>D@2R.3B>U@2L.3B;D@2R.3F>U@2R.3B>U@2L.3F],6,0,6,1,U2 2R2 3F2 2R2 3F2 U2
rubiks-7,CtrObl6p[3x2][D@2L.3F>D@2R.3B>U@2R.3F;D@2R.3F>U@2L.3F>U@2R.3B],CtrObl6p[3x2][D@2L.3F>D@2R.3B>U@2R.3F;D@2R.3F>U@2L.3F>U@2R.3B]#00,CtrObl6p[3x2][D@2L.3F>D@2R.3B>U@2R.3F;D@2R.3F>U@2L.3F>U@2R.3B],CtrObl6p[3x2][D@2L.3F>D@2R.3B>U@2R.3F;D@2R.3F>U@2L.3F>U@2R.3B],CtrObl6p[3x2][D@2L.3F>D@2R.3B>U@2R.3F;D@2R.3F>U@2L.3F>U@2R.3B],6,0,4,1,2R2 3F2 2R2 3F2
rubiks-7,CtrObl6p[3x2][D@2L.3F>D@2R.3B>U@3R.2B;D@2R.3F>U@3R.2F>U@3L.2B],CtrObl6p[3x2][D@2L.3F>D@2R.3B>U@3R.2B;D@2R.3F>U@3R.2F>U@3L.2B]#00,CtrObl6p[3x2][D@2L.3F>D@2R.3B>U@3R.2B;D@2R.3F>U@3R.2F>U@3L.2B],CtrObl6p[3x2][D@2L.3F>D@2R.3B>U@3R.2B;D@2R.3F>U@3R.2F>U@3L.2B],CtrObl6p[3x2][D@2L.3F>D@2R.3B>U@3R.2B;D@2R.3F>U@3R.2F>U@3L.2B],6,0,6,1,U 2R2 3F2 2R2 3F2 U'
rubiks-7,CtrObl6p[3x2][D@2L.3F>D@3L.2B>D@3R.2F;D@2R.3F>U@2R.3B>D@3L.2F],CtrObl6p[3x2][D@2L.3F>D@3L.2B>D@3R.2F;D@2R.3F>U@2R.3B>D@3L.2F]#00,CtrObl6p[3x2][D@2L.3F>D@3L.2B>D@3R.2F;D@2R.3F>U@2R.3B>D@3L.2F],CtrObl6p[3x2][D@2L.3F>D@3L.2B>D@3R.2F;D@2R.3F>U@2R.3B>D@3L.2F],CtrObl6p[3x2][D@2L.3F>D@3L.2B>D@3R.2F;D@2R.3F>U@2R.3B>D@3L.2F],6,0,8,1,3F2 D 2R2 3F2 2R2 3F2 D' 3F2
rubiks-7,CtrObl6p[3x2][D@2L.3F>U@2L.3B>D@3L.2B;D@3R.2B>U@2L.3F>U@3R.2F],CtrObl6p[3x2][D@2L.3F>U@2L.3B>D@3L.2B;D@3R.2B>U@2L.3F>U@3R.2F]#00,CtrObl6p[3x2][D@2L.3F>U@2L.3B>D@3L.2B;D@3R.2B>U@2L.3F>U@3R.2F],CtrObl6p[3x2][D@2L.3F>U@2L.3B>D@3L.2B;D@3R.2B>U@2L.3F>U@3R.2F],CtrObl6p[3x2][D@2L.3F>U@2L.3B>D@3L.2B;D@3R.2B>U@2L.3F>U@3R.2F],6,0,9,1,U 2L 2B' 3D' 2B2 3D 2B' 2L' U'
rubiks-7,CtrObl6p[3x2][D@2L.3F>U@3L.2F>D@3L.2B;D@3R.2B>U@3R.2F>U@2R.3B],CtrObl6p[3x2][D@2L.3F>U@3L.2F>D@3L.2B;D@3R.2B>U@3R.2F>U@2R.3B]#00,CtrObl6p[3x2][D@2L.3F>U@3L.2F>D@3L.2B;D@3R.2B>U@3R.2F>U@2R.3B],CtrObl6p[3x2][D@2L.3F>U@3L.2F>D@3L.2B;D@3R.2B>U@3R.2F>U@2R.3B],CtrObl6p[3x2][D@2L.3F>U@3L.2F>D@3L.2B;D@3R.2B>U@3R.2F>U@2R.3B],6,0,9,1,U2 2L 2B' 3D' 2B2 3D 2B' 2L' U2
rubiks-7,CtrObl6p[3x2][D@2L.3F>U@3R.2B>D@3L.2B;D@3R.2B>U@3L.2B>U@2L.3F],CtrObl6p[3x2][D@2L.3F>U@3R.2B>D@3L.2B;D@3R.2B>U@3L.2B>U@2L.3F]#00,CtrObl6p[3x2][D@2L.3F>U@3R.2B>D@3L.2B;D@3R.2B>U@3L.2B>U@2L.3F],CtrObl6p[3x2][D@2L.3F>U@3R.2B>D@3L.2B;D@3R.2B>U@3L.2B>U@2L.3F],CtrObl6p[3x2][D@2L.3F>U@3R.2B>D@3L.2B;D@3R.2B>U@3L.2B>U@2L.3F],6,0,7,1,2L 2B' 3D' 2B2 3D 2B' 2L'
rubiks-7,CtrObl6p[3x2][D@2R.3F>U@2R.3B>U@3L.2B;U@2L.3B>U@3R.2B>U@3L.2F],CtrObl6p[3x2][D@2R.3F>U@2R.3B>U@3L.2B;U@2L.3B>U@3R.2B>U@3L.2F]#00,CtrObl6p[3x2][D@2R.3F>U@2R.3B>U@3L.2B;U@2L.3B>U@3R.2B>U@3L.2F],CtrObl6p[3x2][D@2R.3F>U@2R.3B>U@3L.2B;U@2L.3B>U@3R.2B>U@3L.2F],CtrObl6p[3x2][D@2R.3F>U@2R.3B>U@3L.2B;U@2L.3B>U@3R.2B>U@3L.2F],6,0,8,1,3B2 U 3B2 2R2 3B2 2R2 U' 3B2
rubiks-7,CtrObl6p[3x2][D@2R.3F>U@2R.3B>U@3R.2F;U@2L.3B>U@3L.2F>U@3R.2B],CtrObl6p[3x2][D@2R.3F>U@2R.3B>U@3R.2F;U@2L.3B>U@3L.2F>U@3R.2B]#00,CtrObl6p[3x2][D@2R.3F>U@2R.3B>U@3R.2F;U@2L.3B>U@3L.2F>U@3R.2B],CtrObl6p[3x2][D@2R.3F>U@2R.3B>U@3R.2F;U@2L.3B>U@3L.2F>U@3R.2B],CtrObl6p[3x2][D@2R.3F>U@2R.3B>U@3R.2F;U@2L.3B>U@3L.2F>U@3R.2B],6,0,8,1,3B2 U' 3B2 2R2 3B2 2R2 U 3B2
rubiks-7,CtrObl6p[3x2][D@2R.3F>U@3R.2F>U@2R.3B;U@2L.3B>U@3R.2B>U@3L.2F],CtrObl6p[3x2][D@2R.3F>U@3R.2F>U@2R.3B;U@2L.3B>U@3R.2B>U@3L.2F]#00,CtrObl6p[3x2][D@2R.3F>U@3R.2F>U@2R.3B;U@2L.3B>U@3R.2B>U@3L.2F],CtrObl6p[3x2][D@2R.3F>U@3R.2F>U@2R.3B;U@2L.3B>U@3R.2B>U@3L.2F],CtrObl6p[3x2][D@2R.3F>U@3R.2F>U@2R.3B;U@2L.3B>U@3R.2B>U@3L.2F],6,0,8,1,3B2 U' 2R2 3B2 2R2 3B2 U 3B2
rubiks-7,CtrObl8p[3+5]~v01,CtrObl8p[3+5]~v01#00,CtrObl8p[3+5]~v01,CtrObl8p[3+5]~v01,CtrObl8p[3+5],8,0,12,2,D' 2L2 D 3F2 2L2 3F2 2L2 3B2 D' 2L2 D 3B2
rubiks-7,CtrObl8p[3+5]~v02,CtrObl8p[3+5]~v02#00,CtrObl8p[3+5]~v02,CtrObl8p[3+5]~v02,CtrObl8p[3+5],8,0,10,2,2B2 3L2 2B2 3L2 U 3B2 2R2 3B2 2R2 U'
rubiks-7,CtrObl8s~v01,CtrObl8s~v01#00,CtrObl8s~v01,CtrObl8s~v01,CtrObl8s,8,0,8,8,U2 2R 3U2 2R' U2 2L2 3U2 2L2
rubiks-7,CtrObl8s~v02,CtrObl8s~v02#00,CtrObl8s~v02,CtrObl8s~v02,CtrObl8s,8,0,8,8,D2 2R 3U2 2R' D2 2L2 3U2 2L2
rubiks-7,CtrObl8s~v03,CtrObl8s~v03#00,CtrObl8s~v03,CtrObl8s~v03,CtrObl8s,8,0,9,8,2L2 3D2 2L' U 2R' 3D2 2R U' 2L'
rubiks-7,CtrObl8s~v04,CtrObl8s~v04#00,CtrObl8s~v04,CtrObl8s~v04,CtrObl8s,8,0,9,8,2R2 3U2 2R U 2L 3U2 2L' U' 2R
rubiks-7,CtrObl8s~v05,CtrObl8s~v05#00,CtrObl8s~v05,CtrObl8s~v05,CtrObl8s,8,0,9,8,2L2 3U2 2L' U 2R' 3U2 2R U' 2L'
rubiks-7,CtrObl8s~v06,CtrObl8s~v06#00,CtrObl8s~v06,CtrObl8s~v06,CtrObl8s,8,0,9,8,2R2 3D2 2R U 2L 3D2 2L' U' 2R
rubiks-7,CtrObl8s~v07,CtrObl8s~v07#00,CtrObl8s~v07,CtrObl8s~v07,CtrObl8s,8,0,10,8,3L2 2B2 3L2 2B2 U2 3R2 2B2 3R2 2B2 U2
rubiks-7,CtrObl8s~v08,CtrObl8s~v08#00,CtrObl8s~v08,CtrObl8s~v08,CtrObl8s,8,0,11,8,U 3L2 2B2 3L2 2B2 U2 3R2 2B2 3R2 2B2 U
rubiks-7,CtrPlus10p[5x2]~v01,CtrPlus10p[5x2]~v01#00,CtrPlus10p[5x2]~v01,CtrPlus10p[5x2]~v01,CtrPlus10p[5x2],10,0,11,2,2U M' 2B M 2B' 2U' E' 2F' E' 2F E2
rubiks-7,CtrPlus10p[5x2]~v02,CtrPlus10p[5x2]~v02#00,CtrPlus10p[5x2]~v02,CtrPlus10p[5x2]~v02,CtrPlus10p[5x2],10,0,10,2,2U S 2R S' E' 2F E 2F' 2R' 2U'
rubiks-7,CtrPlus12p[3x4]+ME5[DF>BL>RF>FL>FU],CtrPlus12p[3x4]+ME5[DF>BL>RF>FL>FU]#00,CtrPlus12p[3x4]+ME5[DF>BL>RF>FL>FU],CtrPlus12p[3x4]+ME5[DF>BL>RF>FL>FU],CtrPlus12p[3x4]+ME5[DF>BL>RF>FL>FU],17,4,5,1,F2 E F' E' F'
rubiks-7,CtrPlus12p[3x4]+ME5[DF>FU>FR>LF>BL],CtrPlus12p[3x4]+ME5[DF>FU>FR>LF>BL]#00,CtrPlus12p[3x4]+ME5[DF>FU>FR>LF>BL],CtrPlus12p[3x4]+ME5[DF>FU>FR>LF>BL],CtrPlus12p[3x4]+ME5[DF>FU>FR>LF>BL],17,2,4,1,F E F' E'
rubiks-7,CtrPlus12p[3x4]+ME5[DF>FU>LB>FL>RF],CtrPlus12p[3x4]+ME5[DF>FU>LB>FL>RF]#00,CtrPlus12p[3x4]+ME5[DF>FU>LB>FL>RF],CtrPlus12p[3x4]+ME5[DF>FU>LB>FL>RF],CtrPlus12p[3x4]+ME5[DF>FU>LB>FL>RF],17,2,4,1,E F' E' F
rubiks-7,CtrPlus12p[3x4]+ME5[DF>LF>FR>LB>FU],CtrPlus12p[3x4]+ME5[DF>LF>FR>LB>FU]#00,CtrPlus12p[3x4]+ME5[DF>LF>FR>LB>FU],CtrPlus12p[3x4]+ME5[DF>LF>FR>LB>FU],CtrPlus12p[3x4]+ME5[DF>LF>FR>LB>FU],17,4,5,1,F' E F' E' F2
rubiks-7,CtrPlus12p[3x4]+ME6[BR>FD>FL;LB>UF>RF],CtrPlus12p[3x4]+ME6[BR>FD>FL;LB>UF>RF]#00,CtrPlus12p[3x4]+ME6[BR>FD>FL;LB>UF>RF],CtrPlus12p[3x4]+ME6[BR>FD>FL;LB>UF>RF],CtrPlus12p[3x4]+ME6[BR>FD>FL;LB>UF>RF],18,2,4,1,F E2 F' E2
rubiks-7,CtrPlus12p[3x4]+ME6[BR>FL>FU;DF>LB>RF],CtrPlus12p[3x4]+ME6[BR>FL>FU;DF>LB>RF]#00,CtrPlus12p[3x4]+ME6[BR>FL>FU;DF>LB>RF],CtrPlus12p[3x4]+ME6[BR>FL>FU;DF>LB>RF],CtrPlus12p[3x4]+ME6[BR>FL>FU;DF>LB>RF],18,2,4,1,E2 F' E2 F
rubiks-7,CtrPlus12p[3x4]+ME6[BR>FR>FD;FL>FU>BL],CtrPlus12p[3x4]+ME6[BR>FR>FD;FL>FU>BL]#00,CtrPlus12p[3x4]+ME6[BR>FR>FD;FL>FU>BL],CtrPlus12p[3x4]+ME6[BR>FR>FD;FL>FU>BL],CtrPlus12p[3x4]+ME6[BR>FR>FD;FL>FU>BL],18,4,5,1,F2 E2 F' E2 F'
rubiks-7,CtrPlus12p[3x4]+ME6[BR>FU>FR;DF>LF>LB],CtrPlus12p[3x4]+ME6[BR>FU>FR;DF>LF>LB]#00,CtrPlus12p[3x4]+ME6[BR>FU>FR;DF>LF>LB],CtrPlus12p[3x4]+ME6[BR>FU>FR;DF>LF>LB],CtrPlus12p[3x4]+ME6[BR>FU>FR;DF>LF>LB],18,4,5,1,F' E2 F' E2 F2
rubiks-7,CtrPlus3[B@2L.E>D@2L.S>D@2R.S],CtrPlus3[B@2L.E>D@2L.S>D@2R.S]#00,CtrPlus3[B@2L.E>D@2L.S>D@2R.S],CtrPlus3[B@2L.E>D@2L.S>D@2R.S],CtrPlus3[B@2L.E>D@2L.S>D@2R.S],3,0,8,1,D2 2R E2 2R' D2 2R E2 2R'
rubiks-7,CtrPlus3[B@2L.E>D@2R.S>D@2L.S],CtrPlus3[B@2L.E>D@2R.S>D@2L.S]#00,CtrPlus3[B@2L.E>D@2R.S>D@2L.S],CtrPlus3[B@2L.E>D@2R.S>D@2L.S],CtrPlus3[B@2L.E>D@2R.S>D@2L.S],3,0,8,1,2R E2 2R' D2 2R E2 2R' D2
rubiks-7,CtrPlus3[B@2L.E>D@M.2B>D@M.2F],CtrPlus3[B@2L.E>D@M.2B>D@M.2F]#00,CtrPlus3[B@2L.E>D@M.2B>D@M.2F],CtrPlus3[B@2L.E>D@M.2B>D@M.2F],CtrPlus3[B@2L.E>D@M.2B>D@M.2F],3,0,8,1,D2 2F E 2F' D2 2F E' 2F'
rubiks-7,CtrPlus3[B@2L.E>F@2L.E>U@2R.S],CtrPlus3[B@2L.E>F@2L.E>U@2R.S]#00,CtrPlus3[B@2L.E>F@2L.E>U@2R.S],CtrPlus3[B@2L.E>F@2L.E>U@2R.S],CtrPlus3[B@2L.E>F@2L.E>U@2R.S],3,0,9,1,2L S R2 S' 2L2 S R2 S' 2L
rubiks-7,CtrPlus3[B@2L.E>F@2R.E>U@2R.S],CtrPlus3[B@2L.E>F@2R.E>U@2R.S]#00,CtrPlus3[B@2L.E>F@2R.E>U@2R.S],CtrPlus3[B@2L.E>F@2R.E>U@2R.S],CtrPlus3[B@2L.E>F@2R.E>U@2R.S],3,0,8,1,2L U2 2L' E2 2L U2 2L' E2
rubiks-7,CtrPlus3[B@2L.E>F@2R.E>U@M.2B],CtrPlus3[B@2L.E>F@2R.E>U@M.2B]#00,CtrPlus3[B@2L.E>F@2R.E>U@M.2B],CtrPlus3[B@2L.E>F@2R.E>U@M.2B],CtrPlus3[B@2L.E>F@2R.E>U@M.2B],3,0,8,1,E2 2R U 2R' E2 2R U' 2R'
rubiks-7,CtrPlus3[B@2L.E>F@2R.E>U@M.2F],CtrPlus3[B@2L.E>F@2R.E>U@M.2F]#00,CtrPlus3[B@2L.E>F@2R.E>U@M.2F],CtrPlus3[B@2L.E>F@2R.E>U@M.2F],CtrPlus3[B@2L.E>F@2R.E>U@M.2F],3,0,8,1,E2 2R U' 2R' E2 2R U 2R'
rubiks-7,CtrPlus3[B@2R.E>F@2L.E>U@2R.S],CtrPlus3[B@2R.E>F@2L.E>U@2R.S]#00,CtrPlus3[B@2R.E>F@2L.E>U@2R.S],CtrPlus3[B@2R.E>F@2L.E>U@2R.S],CtrPlus3[B@2R.E>F@2L.E>U@2R.S],3,0,8,1,E2 2L' U2 2L E2 2L' U2 2L
rubiks-7,CtrPlus3[B@2R.E>F@2R.E>U@2R.S],CtrPlus3[B@2R.E>F@2R.E>U@2R.S]#00,CtrPlus3[B@2R.E>F@2R.E>U@2R.S],CtrPlus3[B@2R.E>F@2R.E>U@2R.S],CtrPlus3[B@2R.E>F@2R.E>U@2R.S],3,0,13,1,2L E2 2L' U2 2L E2 2L2 E2 2L U2 2L' E2 2L
rubiks-7,CtrPlus3[B@2R.E>F@2R.E>U@M.2B],CtrPlus3[B@2R.E>F@2R.E>U@M.2B]#00,CtrPlus3[B@2R.E>F@2R.E>U@M.2B],CtrPlus3[B@2R.E>F@2R.E>U@M.2B],CtrPlus3[B@2R.E>F@2R.E>U@M.2B],3,0,8,1,2R2 F' M F 2R2 F' M' F
rubiks-7,CtrPlus3[B@2R.E>F@2R.E>U@M.2F],CtrPlus3[B@2R.E>F@2R.E>U@M.2F]#00,CtrPlus3[B@2R.E>F@2R.E>U@M.2F],CtrPlus3[B@2R.E>F@2R.E>U@M.2F],CtrPlus3[B@2R.E>F@2R.E>U@M.2F],3,0,8,1,2R2 F M F' 2R2 F M' F'
rubiks-7,CtrPlus3[B@2R.E>F@M.2D>U@2R.S],CtrPlus3[B@2R.E>F@M.2D>U@2R.S]#00,CtrPlus3[B@2R.E>F@M.2D>U@2R.S],CtrPlus3[B@2R.E>F@M.2D>U@2R.S],CtrPlus3[B@2R.E>F@M.2D>U@2R.S],3,0,8,1,2R F E2 F' 2R' F E2 F'
rubiks-7,CtrPlus3[B@2R.E>F@M.2D>U@M.2B],CtrPlus3[B@2R.E>F@M.2D>U@M.2B]#00,CtrPlus3[B@2R.E>F@M.2D>U@M.2B],CtrPlus3[B@2R.E>F@M.2D>U@M.2B],CtrPlus3[B@2R.E>F@M.2D>U@M.2B],3,0,9,1,F' 2R2 F' M F 2R2 F' M' F2
rubiks-7,CtrPlus3[B@2R.E>F@M.2D>U@M.2F],CtrPlus3[B@2R.E>F@M.2D>U@M.2F]#00,CtrPlus3[B@2R.E>F@M.2D>U@M.2F],CtrPlus3[B@2R.E>F@M.2D>U@M.2F],CtrPlus3[B@2R.E>F@M.2D>U@M.2F],3,0,8,1,M' U' 2R' U M U' 2R U
rubiks-7,CtrPlus3[B@2R.E>F@M.2U>U@2R.S],CtrPlus3[B@2R.E>F@M.2U>U@2R.S]#00,CtrPlus3[B@2R.E>F@M.2U>U@2R.S],CtrPlus3[B@2R.E>F@M.2U>U@2R.S],CtrPlus3[B@2R.E>F@M.2U>U@2R.S],3,0,8,1,2R F' E2 F 2R' F' E2 F
rubiks-7,CtrPlus3[B@2R.E>F@M.2U>U@M.2B],CtrPlus3[B@2R.E>F@M.2U>U@M.2B]#00,CtrPlus3[B@2R.E>F@M.2U>U@M.2B],CtrPlus3[B@2R.E>F@M.2U>U@M.2B],CtrPlus3[B@2R.E>F@M.2U>U@M.2B],3,0,8,1,M' U 2R' U' M U 2R U'
rubiks-7,CtrPlus3[B@2R.E>F@M.2U>U@M.2F],CtrPlus3[B@2R.E>F@M.2U>U@M.2F]#00,CtrPlus3[B@2R.E>F@M.2U>U@M.2F],CtrPlus3[B@2R.E>F@M.2U>U@M.2F],CtrPlus3[B@2R.E>F@M.2U>U@M.2F],3,0,9,1,F 2R2 F M F' 2R2 F M' F2
rubiks-7,CtrPlus3[B@M.2D>F@2L.E>U@2R.S],CtrPlus3[B@M.2D>F@2L.E>U@2R.S]#00,CtrPlus3[B@M.2D>F@2L.E>U@2R.S],CtrPlus3[B@M.2D>F@2L.E>U@2R.S],CtrPlus3[B@M.2D>F@2L.E>U@2R.S],3,0,9,1,U2 2L' U M U' 2L U M' U
rubiks-7,CtrPlus3[B@M.2D>F@2R.E>U@2R.S],CtrPlus3[B@M.2D>F@2R.E>U@2R.S]#00,CtrPlus3[B@M.2D>F@2R.E>U@2R.S],CtrPlus3[B@M.2D>F@2R.E>U@2R.S],CtrPlus3[B@M.2D>F@2R.E>U@2R.S],3,0,8,1,2R U' M U 2R' U' M' U
rubiks-7,CtrPlus3[B@M.2D>F@2R.E>U@M.2B],CtrPlus3[B@M.2D>F@2R.E>U@M.2B]#00,CtrPlus3[B@M.2D>F@2R.E>U@M.2B],CtrPlus3[B@M.2D>F@2R.E>U@M.2B],CtrPlus3[B@M.2D>F@2R.E>U@M.2B],3,0,8,1,M' F 2D2 F' M F 2D2 F'
rubiks-7,CtrPlus3[B@M.2D>F@M.2D>U@2R.S],CtrPlus3[B@M.2D>F@M.2D>U@2R.S]#00,CtrPlus3[B@M.2D>F@M.2D>U@2R.S],CtrPlus3[B@M.2D>F@M.2D>U@2R.S],CtrPlus3[B@M.2D>F@M.2D>U@2R.S],3,0,11,1,S' 2D S U2 S' 2D2 S U2 S' 2D S
rubiks-7,CtrPlus3[B@M.2D>F@M.2D>U@M.2B],CtrPlus3[B@M.2D>F@M.2D>U@M.2B]#00,CtrPlus3[B@M.2D>F@M.2D>U@M.2B],CtrPlus3[B@M.2D>F@M.2D>U@M.2B],CtrPlus3[B@M.2D>F@M.2D>U@M.2B],3,0,8,1,F M' F' 2D2 F M F' 2D2
rubiks-7,CtrPlus3[B@M.2D>F@M.2D>U@M.2F],CtrPlus3[B@M.2D>F@M.2D>U@M.2F]#00,CtrPlus3[B@M.2D>F@M.2D>U@M.2F],CtrPlus3[B@M.2D>F@M.2D>U@M.2F],CtrPlus3[B@M.2D>F@M.2D>U@M.2F],3,0,8,1,2D2 B M B' 2D2 B M' B'
rubiks-7,CtrPlus3[B@M.2D>F@M.2U>U@2R.S],CtrPlus3[B@M.2D>F@M.2U>U@2R.S]#00,CtrPlus3[B@M.2D>F@M.2U>U@2R.S],CtrPlus3[B@M.2D>F@M.2U>U@2R.S],CtrPlus3[B@M.2D>F@M.2U>U@2R.S],3,0,8,1,M2 F 2R' F' M2 F 2R F'
rubiks-7,CtrPlus3[B@M.2D>F@M.2U>U@M.2B],CtrPlus3[B@M.2D>F@M.2U>U@M.2B]#00,CtrPlus3[B@M.2D>F@M.2U>U@M.2B],CtrPlus3[B@M.2D>F@M.2U>U@M.2B],CtrPlus3[B@M.2D>F@M.2U>U@M.2B],3,0,9,1,B2 2U2 B M B' 2U2 B M' B
rubiks-7,CtrPlus3[B@M.2D>U@M.2B>U@M.2F],CtrPlus3[B@M.2D>U@M.2B>U@M.2F]#00,CtrPlus3[B@M.2D>U@M.2B>U@M.2F],CtrPlus3[B@M.2D>U@M.2B>U@M.2F],CtrPlus3[B@M.2D>U@M.2B>U@M.2F],3,0,10,1,2D' M' 2D M U2 M' 2D' M 2D U2
rubiks-7,CtrPlus3[B@M.2D>U@M.2F>U@M.2B],CtrPlus3[B@M.2D>U@M.2F>U@M.2B]#00,CtrPlus3[B@M.2D>U@M.2F>U@M.2B],CtrPlus3[B@M.2D>U@M.2F>U@M.2B],CtrPlus3[B@M.2D>U@M.2F>U@M.2B],3,0,10,1,U2 2D' M' 2D M U2 M' 2D' M 2D
rubiks-7,CtrPlus3[B@M.2U>D@2L.S>D@2R.S],CtrPlus3[B@M.2U>D@2L.S>D@2R.S]#00,CtrPlus3[B@M.2U>D@2L.S>D@2R.S],CtrPlus3[B@M.2U>D@2L.S>D@2R.S],CtrPlus3[B@M.2U>D@2L.S>D@2R.S],3,0,8,1,D2 S' 2U S D2 S' 2U' S
rubiks-7,CtrPlus3[B@M.2U>D@2R.S>D@2L.S],CtrPlus3[B@M.2U>D@2R.S>D@2L.S]#00,CtrPlus3[B@M.2U>D@2R.S>D@2L.S],CtrPlus3[B@M.2U>D@2R.S>D@2L.S],CtrPlus3[B@M.2U>D@2R.S>D@2L.S],3,0,8,1,S' 2U S D2 S' 2U' S D2
rubiks-7,CtrPlus3[B@M.2U>F@2L.E>U@2R.S],CtrPlus3[B@M.2U>F@2L.E>U@2R.S]#00,CtrPlus3[B@M.2U>F@2L.E>U@2R.S],CtrPlus3[B@M.2U>F@2L.E>U@2R.S],CtrPlus3[B@M.2U>F@2L.E>U@2R.S],3,0,9,1,U2 2L' U' M U 2L U' M' U'
rubiks-7,CtrPlus3[B@M.2U>F@2R.E>U@2R.S],CtrPlus3[B@M.2U>F@2R.E>U@2R.S]#00,CtrPlus3[B@M.2U>F@2R.E>U@2R.S],CtrPlus3[B@M.2U>F@2R.E>U@2R.S],CtrPlus3[B@M.2U>F@2R.E>U@2R.S],3,0,8,1,2R U M U' 2R' U M' U'
rubiks-7,CtrPlus3[B@M.2U>F@2R.E>U@M.2F],CtrPlus3[B@M.2U>F@2R.E>U@M.2F]#00,CtrPlus3[B@M.2U>F@2R.E>U@M.2F],CtrPlus3[B@M.2U>F@2R.E>U@M.2F],CtrPlus3[B@M.2U>F@2R.E>U@M.2F],3,0,8,1,M' F' 2U2 F M F' 2U2 F
rubiks-7,CtrPlus3[B@M.2U>F@M.2D>U@2R.S],CtrPlus3[B@M.2U>F@M.2D>U@2R.S]#00,CtrPlus3[B@M.2U>F@M.2D>U@2R.S],CtrPlus3[B@M.2U>F@M.2D>U@2R.S],CtrPlus3[B@M.2U>F@M.2D>U@2R.S],3,0,8,1,M2 F' 2R' F M2 F' 2R F
rubiks-7,CtrPlus3[B@M.2U>F@M.2D>U@M.2F],CtrPlus3[B@M.2U>F@M.2D>U@M.2F]#00,CtrPlus3[B@M.2U>F@M.2D>U@M.2F],CtrPlus3[B@M.2U>F@M.2D>U@M.2F],CtrPlus3[B@M.2U>F@M.2D>U@M.2F],3,0,9,1,B2 2D2 B M B' 2D2 B M' B
rubiks-7,CtrPlus3[B@M.2U>F@M.2U>U@2R.S],CtrPlus3[B@M.2U>F@M.2U>U@2R.S]#00,CtrPlus3[B@M.2U>F@M.2U>U@2R.S],CtrPlus3[B@M.2U>F@M.2U>U@2R.S],CtrPlus3[B@M.2U>F@M.2U>U@2R.S],3,0,11,1,S 2U S' U2 S 2U2 S' U2 S 2U S'
rubiks-7,CtrPlus3[B@M.2U>F@M.2U>U@M.2B],CtrPlus3[B@M.2U>F@M.2U>U@M.2B]#00,CtrPlus3[B@M.2U>F@M.2U>U@M.2B],CtrPlus3[B@M.2U>F@M.2U>U@M.2B],CtrPlus3[B@M.2U>F@M.2U>U@M.2B],3,0,8,1,2U2 B M B' 2U2 B M' B'
rubiks-7,CtrPlus3[B@M.2U>F@M.2U>U@M.2F],CtrPlus3[B@M.2U>F@M.2U>U@M.2F]#00,CtrPlus3[B@M.2U>F@M.2U>U@M.2F],CtrPlus3[B@M.2U>F@M.2U>U@M.2F],CtrPlus3[B@M.2U>F@M.2U>U@M.2F],3,0,8,1,F M' F' 2U2 F M F' 2U2
rubiks-7,CtrPlus3[B@M.2U>U@M.2B>U@M.2F],CtrPlus3[B@M.2U>U@M.2B>U@M.2F]#00,CtrPlus3[B@M.2U>U@M.2B>U@M.2F],CtrPlus3[B@M.2U>U@M.2B>U@M.2F],CtrPlus3[B@M.2U>U@M.2B>U@M.2F],3,0,10,1,U2 2U M' 2U' M U2 M' 2U M 2U'
rubiks-7,CtrPlus3[B@M.2U>U@M.2F>U@M.2B],CtrPlus3[B@M.2U>U@M.2F>U@M.2B]#00,CtrPlus3[B@M.2U>U@M.2F>U@M.2B],CtrPlus3[B@M.2U>U@M.2F>U@M.2B],CtrPlus3[B@M.2U>U@M.2F>U@M.2B],3,0,10,1,2U M' 2U' M U2 M' 2U M 2U' U2
rubiks-7,CtrPlus3[D@2R.S>D@M.2F>U@M.2B],CtrPlus3[D@2R.S>D@M.2F>U@M.2B]#00,CtrPlus3[D@2R.S>D@M.2F>U@M.2B],CtrPlus3[D@2R.S>D@M.2F>U@M.2B],CtrPlus3[D@2R.S>D@M.2F>U@M.2B],3,0,8,1,M2 U 2R2 U' M2 U 2R2 U'
rubiks-7,CtrPlus3[D@2R.S>U@2L.S>U@M.2B],CtrPlus3[D@2R.S>U@2L.S>U@M.2B]#00,CtrPlus3[D@2R.S>U@2L.S>U@M.2B],CtrPlus3[D@2R.S>U@2L.S>U@M.2B],CtrPlus3[D@2R.S>U@2L.S>U@M.2B],3,0,8,1,U 2R2 U' S2 U 2R2 U' S2
rubiks-7,CtrPlus3[D@2R.S>U@2R.S>D@M.2F],CtrPlus3[D@2R.S>U@2R.S>D@M.2F]#00,CtrPlus3[D@2R.S>U@2R.S>D@M.2F],CtrPlus3[D@2R.S>U@2R.S>D@M.2F],CtrPlus3[D@2R.S>U@2R.S>D@M.2F],3,0,8,1,2R2 U' M2 U 2R2 U' M2 U
rubiks-7,CtrPlus3[D@2R.S>U@M.2B>D@M.2F],CtrPlus3[D@2R.S>U@M.2B>D@M.2F]#00,CtrPlus3[D@2R.S>U@M.2B>D@M.2F],CtrPlus3[D@2R.S>U@M.2B>D@M.2F],CtrPlus3[D@2R.S>U@M.2B>D@M.2F],3,0,8,1,U 2R2 U' M2 U 2R2 U' M2
rubiks-7,CtrPlus3[D@2R.S>U@M.2B>U@2R.S],CtrPlus3[D@2R.S>U@M.2B>U@2R.S]#00,CtrPlus3[D@2R.S>U@M.2B>U@2R.S],CtrPlus3[D@2R.S>U@M.2B>U@2R.S],CtrPlus3[D@2R.S>U@M.2B>U@2R.S],3,0,8,1,2R2 U' S2 U 2R2 U' S2 U
rubiks-7,CtrPlus3[D@M.2F>U@2R.S>U@M.2B],CtrPlus3[D@M.2F>U@2R.S>U@M.2B]#00,CtrPlus3[D@M.2F>U@2R.S>U@M.2B],CtrPlus3[D@M.2F>U@2R.S>U@M.2B],CtrPlus3[D@M.2F>U@2R.S>U@M.2B],3,0,8,1,M2 U 2F2 U' M2 U 2F2 U'
rubiks-7,CtrPlus3[F@2L.E>F@2R.E>U@2R.S],CtrPlus3[F@2L.E>F@2R.E>U@2R.S]#00,CtrPlus3[F@2L.E>F@2R.E>U@2R.S],CtrPlus3[F@2L.E>F@2R.E>U@2R.S],CtrPlus3[F@2L.E>F@2R.E>U@2R.S],3,0,8,1,E' L2 E 2R' E' L2 E 2R
rubiks-7,CtrPlus3[F@2L.E>F@M.2D>U@M.2F],CtrPlus3[F@2L.E>F@M.2D>U@M.2F]#00,CtrPlus3[F@2L.E>F@M.2D>U@M.2F],CtrPlus3[F@2L.E>F@M.2D>U@M.2F],CtrPlus3[F@2L.E>F@M.2D>U@M.2F],3,0,8,1,M' U 2L' U' M U 2L U'
rubiks-7,CtrPlus3[F@2L.E>F@M.2U>U@2L.S],CtrPlus3[F@2L.E>F@M.2U>U@2L.S]#00,CtrPlus3[F@2L.E>F@M.2U>U@2L.S],CtrPlus3[F@2L.E>F@M.2U>U@2L.S],CtrPlus3[F@2L.E>F@M.2U>U@2L.S],3,0,8,1,U M' U' 2L' U M U' 2L
rubiks-7,CtrPlus3[F@2L.E>U@2L.S>F@M.2U],CtrPlus3[F@2L.E>U@2L.S>F@M.2U]#00,CtrPlus3[F@2L.E>U@2L.S>F@M.2U],CtrPlus3[F@2L.E>U@2L.S>F@M.2U],CtrPlus3[F@2L.E>U@2L.S>F@M.2U],3,0,8,1,2L' U M' U' 2L U M U'
rubiks-7,CtrPlus3[F@2L.E>U@2L.S>R@2F.E],CtrPlus3[F@2L.E>U@2L.S>R@2F.E]#00,CtrPlus3[F@2L.E>U@2L.S>R@2F.E],CtrPlus3[F@2L.E>U@2L.S>R@2F.E],CtrPlus3[F@2L.E>U@2L.S>R@2F.E],3,0,8,1,2L' D' S' D 2L D' S D
rubiks-7,CtrPlus3[F@2L.E>U@2L.S>R@S.2U],CtrPlus3[F@2L.E>U@2L.S>R@S.2U]#00,CtrPlus3[F@2L.E>U@2L.S>R@S.2U],CtrPlus3[F@2L.E>U@2L.S>R@S.2U],CtrPlus3[F@2L.E>U@2L.S>R@S.2U],3,0,9,1,2L2 F' E F 2L F' E' F 2L
rubiks-7,CtrPlus3[F@2L.E>U@2L.S>U@2R.S]~v01,CtrPlus3[F@2L.E>U@2L.S>U@2R.S]~v01#00,CtrPlus3[F@2L.E>U@2L.S>U@2R.S]~v01,CtrPlus3[F@2L.E>U@2L.S>U@2R.S]~v01,CtrPlus3[F@2L.E>U@2L.S>U@2R.S],3,0,8,2,U2 2R E2 2R' U2 2R E2 2R'
rubiks-7,CtrPlus3[F@2L.E>U@2L.S>U@2R.S]~v02,CtrPlus3[F@2L.E>U@2L.S>U@2R.S]~v02#00,CtrPlus3[F@2L.E>U@2L.S>U@2R.S]~v02,CtrPlus3[F@2L.E>U@2L.S>U@2R.S]~v02,CtrPlus3[F@2L.E>U@2L.S>U@2R.S],3,0,8,2,2L' S' L2 S 2L S' L2 S
rubiks-7,CtrPlus3[F@2L.E>U@2R.S>F@2R.E],CtrPlus3[F@2L.E>U@2R.S>F@2R.E]#00,CtrPlus3[F@2L.E>U@2R.S>F@2R.E],CtrPlus3[F@2L.E>U@2R.S>F@2R.E],CtrPlus3[F@2L.E>U@2R.S>F@2R.E],3,0,8,1,2R' E' L2 E 2R E' L2 E
rubiks-7,CtrPlus3[F@2L.E>U@2R.S>R@2F.E],CtrPlus3[F@2L.E>U@2R.S>R@2F.E]#00,CtrPlus3[F@2L.E>U@2R.S>R@2F.E],CtrPlus3[F@2L.E>U@2R.S>R@2F.E],CtrPlus3[F@2L.E>U@2R.S>R@2F.E],3,0,10,1,U2 2L' D' S' D 2L D' S D U2
rubiks-7,CtrPlus3[F@2L.E>U@2R.S>R@S.2D],CtrPlus3[F@2L.E>U@2R.S>R@S.2D]#00,CtrPlus3[F@2L.E>U@2R.S>R@S.2D],CtrPlus3[F@2L.E>U@2R.S>R@S.2D],CtrPlus3[F@2L.E>U@2R.S>R@S.2D],3,0,8,1,E' 2L' U2 2L E 2L' U2 2L
rubiks-7,CtrPlus3[F@2L.E>U@2R.S>U@2L.S]~v01,CtrPlus3[F@2L.E>U@2R.S>U@2L.S]~v01#00,CtrPlus3[F@2L.E>U@2R.S>U@2L.S]~v01,CtrPlus3[F@2L.E>U@2R.S>U@2L.S]~v01,CtrPlus3[F@2L.E>U@2R.S>U@2L.S],3,0,8,2,2R E2 2R' U2 2R E2 2R' U2
rubiks-7,CtrPlus3[F@2L.E>U@2R.S>U@2L.S]~v02,CtrPlus3[F@2L.E>U@2R.S>U@2L.S]~v02#00,CtrPlus3[F@2L.E>U@2R.S>U@2L.S]~v02,CtrPlus3[F@2L.E>U@2R.S>U@2L.S]~v02,CtrPlus3[F@2L.E>U@2R.S>U@2L.S],3,0,8,2,S' L2 S 2L' S' L2 S 2L
rubiks-7,CtrPlus3[F@2L.E>U@M.2B>R@2B.E],CtrPlus3[F@2L.E>U@M.2B>R@2B.E]#00,CtrPlus3[F@2L.E>U@M.2B>R@2B.E],CtrPlus3[F@2L.E>U@M.2B>R@2B.E],CtrPlus3[F@2L.E>U@M.2B>R@2B.E],3,0,10,1,F 2U' R2 2U M 2U' R2 2U M' F'
rubiks-7,CtrPlus3[F@2L.E>U@M.2B>U@M.2F],CtrPlus3[F@2L.E>U@M.2B>U@M.2F]#00,CtrPlus3[F@2L.E>U@M.2B>U@M.2F],CtrPlus3[F@2L.E>U@M.2B>U@M.2F],CtrPlus3[F@2L.E>U@M.2B>U@M.2F],3,0,8,1,U2 2F E 2F' U2 2F E' 2F'
rubiks-7,CtrPlus3[F@2L.E>U@M.2F>R@2F.E],CtrPlus3[F@2L.E>U@M.2F>R@2F.E]#00,CtrPlus3[F@2L.E>U@M.2F>R@2F.E],CtrPlus3[F@2L.E>U@M.2F>R@2F.E],CtrPlus3[F@2L.E>U@M.2F>R@2F.E],3,0,10,1,F' 2D R2 2D' M 2D R2 2D' M' F
rubiks-7,CtrPlus3[F@2R.E>F@M.2D>U@2R.S],CtrPlus3[F@2R.E>F@M.2D>U@2R.S]#00,CtrPlus3[F@2R.E>F@M.2D>U@2R.S],CtrPlus3[F@2R.E>F@M.2D>U@2R.S],CtrPlus3[F@2R.E>F@M.2D>U@2R.S],3,0,8,1,U M' U' 2R U M U' 2R'
rubiks-7,CtrPlus3[F@2R.E>F@M.2U>U@M.2B],CtrPlus3[F@2R.E>F@M.2U>U@M.2B]#00,CtrPlus3[F@2R.E>F@M.2U>U@M.2B],CtrPlus3[F@2R.E>F@M.2U>U@M.2B],CtrPlus3[F@2R.E>F@M.2U>U@M.2B],3,0,8,1,M' U 2R U' M U 2R' U'
rubiks-7,CtrPlus3[F@2R.E>U@2L.S>R@2B.E],CtrPlus3[F@2R.E>U@2L.S>R@2B.E]#00,CtrPlus3[F@2R.E>U@2L.S>R@2B.E],CtrPlus3[F@2R.E>U@2L.S>R@2B.E],CtrPlus3[F@2R.E>U@2L.S>R@2B.E],3,0,10,1,U2 2R D' S' D 2R' D' S D U2
rubiks-7,CtrPlus3[F@2R.E>U@2L.S>R@S.2U],CtrPlus3[F@2R.E>U@2L.S>R@S.2U]#00,CtrPlus3[F@2R.E>U@2L.S>R@S.2U],CtrPlus3[F@2R.E>U@2L.S>R@S.2U],CtrPlus3[F@2R.E>U@2L.S>R@S.2U],3,0,8,1,E' 2R U2 2R' E 2R U2 2R'
rubiks-7,CtrPlus3[F@2R.E>U@2R.S>F@M.2D],CtrPlus3[F@2R.E>U@2R.S>F@M.2D]#00,CtrPlus3[F@2R.E>U@2R.S>F@M.2D],CtrPlus3[F@2R.E>U@2R.S>F@M.2D],CtrPlus3[F@2R.E>U@2R.S>F@M.2D],3,0,8,1,2R U M' U' 2R' U M U'
rubiks-7,CtrPlus3[F@2R.E>U@2R.S>R@2B.E],CtrPlus3[F@2R.E>U@2R.S>R@2B.E]#00,CtrPlus3[F@2R.E>U@2R.S>R@2B.E],CtrPlus3[F@2R.E>U@2R.S>R@2B.E],CtrPlus3[F@2R.E>U@2R.S>R@2B.E],3,0,8,1,2R D' S' D 2R' D' S D
rubiks-7,CtrPlus3[F@2R.E>U@2R.S>R@S.2D],CtrPlus3[F@2R.E>U@2R.S>R@S.2D]#00,CtrPlus3[F@2R.E>U@2R.S>R@S.2D],CtrPlus3[F@2R.E>U@2R.S>R@S.2D],CtrPlus3[F@2R.E>U@2R.S>R@S.2D],3,0,9,1,2R2 F' E F 2R' F' E' F 2R'
rubiks-7,CtrPlus3[F@2R.E>U@M.2B>R@2B.E],CtrPlus3[F@2R.E>U@M.2B>R@2B.E]#00,CtrPlus3[F@2R.E>U@M.2B>R@2B.E],CtrPlus3[F@2R.E>U@M.2B>R@2B.E],CtrPlus3[F@2R.E>U@M.2B>R@2B.E],3,0,10,1,F' 2U' R2 2U M 2U' R2 2U M' F
rubiks-7,CtrPlus3[F@2R.E>U@M.2F>R@2F.E],CtrPlus3[F@2R.E>U@M.2F>R@2F.E]#00,CtrPlus3[F@2R.E>U@M.2F>R@2F.E],CtrPlus3[F@2R.E>U@M.2F>R@2F.E],CtrPlus3[F@2R.E>U@M.2F>R@2F.E],3,0,10,1,F 2D R2 2D' M 2D R2 2D' M' F'
rubiks-7,CtrPlus3[F@M.2D>U@2L.S>R@S.2U],CtrPlus3[F@M.2D>U@2L.S>R@S.2U]#00,CtrPlus3[F@M.2D>U@2L.S>R@S.2U],CtrPlus3[F@M.2D>U@2L.S>R@S.2U],CtrPlus3[F@M.2D>U@2L.S>R@S.2U],3,0,10,1,F' E' 2R U2 2R' E 2R U2 2R' F
rubiks-7,CtrPlus3[F@M.2D>U@2R.S>R@S.2D],CtrPlus3[F@M.2D>U@2R.S>R@S.2D]#00,CtrPlus3[F@M.2D>U@2R.S>R@S.2D],CtrPlus3[F@M.2D>U@2R.S>R@S.2D],CtrPlus3[F@M.2D>U@2R.S>R@S.2D],3,0,10,1,F E' 2L' U2 2L E 2L' U2 2L F'
rubiks-7,CtrPlus3[F@M.2D>U@M.2B>R@2B.E],CtrPlus3[F@M.2D>U@M.2B>R@2B.E]#00,CtrPlus3[F@M.2D>U@M.2B>R@2B.E],CtrPlus3[F@M.2D>U@M.2B>R@2B.E],CtrPlus3[F@M.2D>U@M.2B>R@2B.E],3,0,9,1,2D F M' F' 2D F M F' 2D2
rubiks-7,CtrPlus3[F@M.2D>U@M.2B>R@S.2D],CtrPlus3[F@M.2D>U@M.2B>R@S.2D]#00,CtrPlus3[F@M.2D>U@M.2B>R@S.2D],CtrPlus3[F@M.2D>U@M.2B>R@S.2D],CtrPlus3[F@M.2D>U@M.2B>R@S.2D],3,0,11,1,U2 M' 2F' M U M' U' 2F U M U
rubiks-7,CtrPlus3[F@M.2D>U@M.2F>R@2F.E],CtrPlus3[F@M.2D>U@M.2F>R@2F.E]#00,CtrPlus3[F@M.2D>U@M.2F>R@2F.E],CtrPlus3[F@M.2D>U@M.2F>R@2F.E],CtrPlus3[F@M.2D>U@M.2F>R@2F.E],3,0,8,1,2D R2 2D' M 2D R2 2D' M'
rubiks-7,CtrPlus3[F@M.2D>U@M.2F>R@S.2D],CtrPlus3[F@M.2D>U@M.2F>R@S.2D]#00,CtrPlus3[F@M.2D>U@M.2F>R@S.2D],CtrPlus3[F@M.2D>U@M.2F>R@S.2D],CtrPlus3[F@M.2D>U@M.2F>R@S.2D],3,0,8,1,M' D 2F' D' M D 2F D'
rubiks-7,CtrPlus3[F@M.2D>U@M.2F>U@2R.S],CtrPlus3[F@M.2D>U@M.2F>U@2R.S]#00,CtrPlus3[F@M.2D>U@M.2F>U@2R.S],CtrPlus3[F@M.2D>U@M.2F>U@2R.S],CtrPlus3[F@M.2D>U@M.2F>U@2R.S],3,0,8,1,F' 2R' F M F' 2R F M'
rubiks-7,CtrPlus3[F@M.2U>U@2L.S>R@S.2U],CtrPlus3[F@M.2U>U@2L.S>R@S.2U]#00,CtrPlus3[F@M.2U>U@2L.S>R@S.2U],CtrPlus3[F@M.2U>U@2L.S>R@S.2U],CtrPlus3[F@M.2U>U@2L.S>R@S.2U],3,0,10,1,F E' 2R U2 2R' E 2R U2 2R' F'
rubiks-7,CtrPlus3[F@M.2U>U@2L.S>U@2R.S],CtrPlus3[F@M.2U>U@2L.S>U@2R.S]#00,CtrPlus3[F@M.2U>U@2L.S>U@2R.S],CtrPlus3[F@M.2U>U@2L.S>U@2R.S],CtrPlus3[F@M.2U>U@2L.S>U@2R.S],3,0,8,1,U2 S' 2U S U2 S' 2U' S
rubiks-7,CtrPlus3[F@M.2U>U@2R.S>R@S.2D],CtrPlus3[F@M.2U>U@2R.S>R@S.2D]#00,CtrPlus3[F@M.2U>U@2R.S>R@S.2D],CtrPlus3[F@M.2U>U@2R.S>R@S.2D],CtrPlus3[F@M.2U>U@2R.S>R@S.2D],3,0,10,1,F' E' 2L' U2 2L E 2L' U2 2L F
rubiks-7,CtrPlus3[F@M.2U>U@2R.S>U@2L.S],CtrPlus3[F@M.2U>U@2R.S>U@2L.S]#00,CtrPlus3[F@M.2U>U@2R.S>U@2L.S],CtrPlus3[F@M.2U>U@2R.S>U@2L.S],CtrPlus3[F@M.2U>U@2R.S>U@2L.S],3,0,8,1,S' 2U S U2 S' 2U' S U2
rubiks-7,CtrPlus3[F@M.2U>U@M.2B>R@2B.E],CtrPlus3[F@M.2U>U@M.2B>R@2B.E]#00,CtrPlus3[F@M.2U>U@M.2B>R@2B.E],CtrPlus3[F@M.2U>U@M.2B>R@2B.E],CtrPlus3[F@M.2U>U@M.2B>R@2B.E],3,0,8,1,2U' R2 2U M 2U' R2 2U M'
rubiks-7,CtrPlus3[F@M.2U>U@M.2B>R@S.2U],CtrPlus3[F@M.2U>U@M.2B>R@S.2U]#00,CtrPlus3[F@M.2U>U@M.2B>R@S.2U],CtrPlus3[F@M.2U>U@M.2B>R@S.2U],CtrPlus3[F@M.2U>U@M.2B>R@S.2U],3,0,8,1,M' D 2B D' M D 2B' D'
rubiks-7,CtrPlus3[F@M.2U>U@M.2B>U@2L.S],CtrPlus3[F@M.2U>U@M.2B>U@2L.S]#00,CtrPlus3[F@M.2U>U@M.2B>U@2L.S],CtrPlus3[F@M.2U>U@M.2B>U@2L.S],CtrPlus3[F@M.2U>U@M.2B>U@2L.S],3,0,8,1,F' 2L F M F' 2L' F M'
rubiks-7,CtrPlus3[F@M.2U>U@M.2F>R@2F.E],CtrPlus3[F@M.2U>U@M.2F>R@2F.E]#00,CtrPlus3[F@M.2U>U@M.2F>R@2F.E],CtrPlus3[F@M.2U>U@M.2F>R@2F.E],CtrPlus3[F@M.2U>U@M.2F>R@2F.E],3,0,9,1,2U' F M' F' 2U' F M F' 2U2
rubiks-7,CtrPlus3[F@M.2U>U@M.2F>R@S.2U],CtrPlus3[F@M.2U>U@M.2F>R@S.2U]#00,CtrPlus3[F@M.2U>U@M.2F>R@S.2U],CtrPlus3[F@M.2U>U@M.2F>R@S.2U],CtrPlus3[F@M.2U>U@M.2F>R@S.2U],3,0,11,1,U2 M' 2B M U M' U' 2B' U M U
rubiks-7,CtrPlus4s[B@2L.E<>F@2L.E;D@M.2B<>U@M.2B],CtrPlus4s[B@2L.E<>F@2L.E;D@M.2B<>U@M.2B]#00,CtrPlus4s[B@2L.E<>F@2L.E;D@M.2B<>U@M.2B],CtrPlus4s[B@2L.E<>F@2L.E;D@M.2B<>U@M.2B],CtrPlus4s[B@2L.E<>F@2L.E;D@M.2B<>U@M.2B],4,0,5,1,2B E' 2B2 E 2B
rubiks-7,CtrPlus4s[B@2R.E<>F@2R.E;D@2L.S<>U@2L.S],CtrPlus4s[B@2R.E<>F@2R.E;D@2L.S<>U@2L.S]#00,CtrPlus4s[B@2R.E<>F@2R.E;D@2L.S<>U@2L.S],CtrPlus4s[B@2R.E<>F@2R.E;D@2L.S<>U@2L.S],CtrPlus4s[B@2R.E<>F@2R.E;D@2L.S<>U@2L.S],4,0,5,1,2R S2 2R2 S2 2R
rubiks-7,CtrPlus4s[B@2R.E<>F@2R.E;L@S.2D<>R@S.2D],CtrPlus4s[B@2R.E<>F@2R.E;L@S.2D<>R@S.2D]#00,CtrPlus4s[B@2R.E<>F@2R.E;L@S.2D<>R@S.2D],CtrPlus4s[B@2R.E<>F@2R.E;L@S.2D<>R@S.2D],CtrPlus4s[B@2R.E<>F@2R.E;L@S.2D<>R@S.2D],4,0,4,1,E 2R2 E' 2R2
rubiks-7,CtrPlus4s[D@2L.S<>D@M.2F;D@2R.S<>U@M.2B],CtrPlus4s[D@2L.S<>D@M.2F;D@2R.S<>U@M.2B]#00,CtrPlus4s[D@2L.S<>D@M.2F;D@2R.S<>U@M.2B],CtrPlus4s[D@2L.S<>D@M.2F;D@2R.S<>U@M.2B],CtrPlus4s[D@2L.S<>D@M.2F;D@2R.S<>U@M.2B],4,0,8,1,2F2 D M2 2F2 M2 2F2 D' 2F2
rubiks-7,CtrPlus4s[D@2L.S<>U@2L.S;D@2R.S<>U@2R.S],CtrPlus4s[D@2L.S<>U@2L.S;D@2R.S<>U@2R.S]#00,CtrPlus4s[D@2L.S<>U@2L.S;D@2R.S<>U@2R.S],CtrPlus4s[D@2L.S<>U@2L.S;D@2R.S<>U@2R.S],CtrPlus4s[D@2L.S<>U@2L.S;D@2R.S<>U@2R.S],4,0,4,1,S2 2R2 S2 2R2
rubiks-7,CtrPlus4s[D@2L.S<>U@2L.S;D@M.2B<>U@M.2B],CtrPlus4s[D@2L.S<>U@2L.S;D@M.2B<>U@M.2B]#00,CtrPlus4s[D@2L.S<>U@2L.S;D@M.2B<>U@M.2B],CtrPlus4s[D@2L.S<>U@2L.S;D@M.2B<>U@M.2B],CtrPlus4s[D@2L.S<>U@2L.S;D@M.2B<>U@M.2B],4,0,8,1,M 2U2 M' 2U S 2U2 S' 2U'
rubiks-7,CtrPlus4s[D@2L.S<>U@2L.S;D@M.2B<>U@M.2F],CtrPlus4s[D@2L.S<>U@2L.S;D@M.2B<>U@M.2F]#00,CtrPlus4s[D@2L.S<>U@2L.S;D@M.2B<>U@M.2F],CtrPlus4s[D@2L.S<>U@2L.S;D@M.2B<>U@M.2F],CtrPlus4s[D@2L.S<>U@2L.S;D@M.2B<>U@M.2F],4,0,10,1,2L2 U' S2 M2 U 2L2 U' M2 S2 U
rubiks-7,CtrPlus4s[D@2L.S<>U@M.2F;D@2R.S<>U@M.2B],CtrPlus4s[D@2L.S<>U@M.2F;D@2R.S<>U@M.2B]#00,CtrPlus4s[D@2L.S<>U@M.2F;D@2R.S<>U@M.2B],CtrPlus4s[D@2L.S<>U@M.2F;D@2R.S<>U@M.2B],CtrPlus4s[D@2L.S<>U@M.2F;D@2R.S<>U@M.2B],4,0,6,1,U S2 2R2 S2 2R2 U'
rubiks-7,CtrPlus4s[D@2L.S<>U@M.2F;D@M.2B<>U@2R.S],CtrPlus4s[D@2L.S<>U@M.2F;D@M.2B<>U@2R.S]#00,CtrPlus4s[D@2L.S<>U@M.2F;D@M.2B<>U@2R.S],CtrPlus4s[D@2L.S<>U@M.2F;D@M.2B<>U@2R.S],CtrPlus4s[D@2L.S<>U@M.2F;D@M.2B<>U@2R.S],4,0,10,1,S2 M2 D 2F2 D' S2 M2 D 2F2 D'
rubiks-7,CtrPlus4s[D@M.2B<>U@M.2B;L@S.2U<>R@S.2U],CtrPlus4s[D@M.2B<>U@M.2B;L@S.2U<>R@S.2U]#00,CtrPlus4s[D@M.2B<>U@M.2B;L@S.2U<>R@S.2U],CtrPlus4s[D@M.2B<>U@M.2B;L@S.2U<>R@S.2U],CtrPlus4s[D@M.2B<>U@M.2B;L@S.2U<>R@S.2U],4,0,7,1,E' 2B' E 2B2 E' 2B' E
rubiks-7,CtrPlus6p[3x2][B@2L.E>B@2R.E>U@2R.S;D@2R.S>F@2L.E>F@2R.E],CtrPlus6p[3x2][B@2L.E>B@2R.E>U@2R.S;D@2R.S>F@2L.E>F@2R.E]#00,CtrPlus6p[3x2][B@2L.E>B@2R.E>U@2R.S;D@2R.S>F@2L.E>F@2R.E],CtrPlus6p[3x2][B@2L.E>B@2R.E>U@2R.S;D@2R.S>F@2L.E>F@2R.E],CtrPlus6p[3x2][B@2L.E>B@2R.E>U@2R.S;D@2R.S>F@2L.E>F@2R.E],6,0,5,1,2R2 E2 2R E2 2R
rubiks-7,CtrPlus6p[3x2][B@2L.E>D@2L.S>B@2R.E;F@2L.E>U@2R.S>F@2R.E]~v01,CtrPlus6p[3x2][B@2L.E>D@2L.S>B@2R.E;F@2L.E>U@2R.S>F@2R.E]~v01#00,CtrPlus6p[3x2][B@2L.E>D@2L.S>B@2R.E;F@2L.E>U@2R.S>F@2R.E]~v01,CtrPlus6p[3x2][B@2L.E>D@2L.S>B@2R.E;F@2L.E>U@2R.S>F@2R.E]~v01,CtrPlus6p[3x2][B@2L.E>D@2L.S>B@2R.E;F@2L.E>U@2R.S>F@2R.E],6,0,7,2,D2 2R E2 2R E2 2R2 D2
rubiks-7,CtrPlus6p[3x2][B@2L.E>D@2L.S>B@2R.E;F@2L.E>U@2R.S>F@2R.E]~v02,CtrPlus6p[3x2][B@2L.E>D@2L.S>B@2R.E;F@2L.E>U@2R.S>F@2R.E]~v02#00,CtrPlus6p[3x2][B@2L.E>D@2L.S>B@2R.E;F@2L.E>U@2R.S>F@2R.E]~v02,CtrPlus6p[3x2][B@2L.E>D@2L.S>B@2R.E;F@2L.E>U@2R.S>F@2R.E]~v02,CtrPlus6p[3x2][B@2L.E>D@2L.S>B@2R.E;F@2L.E>U@2R.S>F@2R.E],6,0,8,2,D2 2R E2 2R' D2 2L2 E2 2L2
rubiks-7,CtrPlus6p[3x2][B@2L.E>D@2R.S>B@2R.E;F@2L.E>U@2L.S>F@2R.E]~v01,CtrPlus6p[3x2][B@2L.E>D@2R.S>B@2R.E;F@2L.E>U@2L.S>F@2R.E]~v01#00,CtrPlus6p[3x2][B@2L.E>D@2R.S>B@2R.E;F@2L.E>U@2L.S>F@2R.E]~v01,CtrPlus6p[3x2][B@2L.E>D@2R.S>B@2R.E;F@2L.E>U@2L.S>F@2R.E]~v01,CtrPlus6p[3x2][B@2L.E>D@2R.S>B@2R.E;F@2L.E>U@2L.S>F@2R.E],6,0,7,2,U2 2R E2 2R E2 2R2 U2
rubiks-7,CtrPlus6p[3x2][B@2L.E>D@2R.S>B@2R.E;F@2L.E>U@2L.S>F@2R.E]~v02,CtrPlus6p[3x2][B@2L.E>D@2R.S>B@2R.E;F@2L.E>U@2L.S>F@2R.E]~v02#00,CtrPlus6p[3x2][B@2L.E>D@2R.S>B@2R.E;F@2L.E>U@2L.S>F@2R.E]~v02,CtrPlus6p[3x2][B@2L.E>D@2R.S>B@2R.E;F@2L.E>U@2L.S>F@2R.E]~v02,CtrPlus6p[3x2][B@2L.E>D@2R.S>B@2R.E;F@2L.E>U@2L.S>F@2R.E],6,0,8,2,U2 2R E2 2R' U2 2L2 E2 2L2
rubiks-7,CtrPlus6p[3x2][B@2L.E>D@2R.S>B@2R.E;F@2L.E>U@2R.S>F@2R.E],CtrPlus6p[3x2][B@2L.E>D@2R.S>B@2R.E;F@2L.E>U@2R.S>F@2R.E]#00,CtrPlus6p[3x2][B@2L.E>D@2R.S>B@2R.E;F@2L.E>U@2R.S>F@2R.E],CtrPlus6p[3x2][B@2L.E>D@2R.S>B@2R.E;F@2L.E>U@2R.S>F@2R.E],CtrPlus6p[3x2][B@2L.E>D@2R.S>B@2R.E;F@2L.E>U@2R.S>F@2R.E],6,0,5,1,2R E2 2R E2 2R2
rubiks-7,CtrPlus6p[3x2][B@2L.E>D@2R.S>F@2R.E;B@2R.E>F@2L.E>U@2R.S],CtrPlus6p[3x2][B@2L.E>D@2R.S>F@2R.E;B@2R.E>F@2L.E>U@2R.S]#00,CtrPlus6p[3x2][B@2L.E>D@2R.S>F@2R.E;B@2R.E>F@2L.E>U@2R.S],CtrPlus6p[3x2][B@2L.E>D@2R.S>F@2R.E;B@2R.E>F@2L.E>U@2R.S],CtrPlus6p[3x2][B@2L.E>D@2R.S>F@2R.E;B@2R.E>F@2L.E>U@2R.S],6,0,4,1,2R E2 2R' E2
rubiks-7,CtrPlus6p[3x2][B@2L.E>F@2R.E>U@2R.S;B@2R.E>D@2R.S>F@2L.E],CtrPlus6p[3x2][B@2L.E>F@2R.E>U@2R.S;B@2R.E>D@2R.S>F@2L.E]#00,CtrPlus6p[3x2][B@2L.E>F@2R.E>U@2R.S;B@2R.E>D@2R.S>F@2L.E],CtrPlus6p[3x2][B@2L.E>F@2R.E>U@2R.S;B@2R.E>D@2R.S>F@2L.E],CtrPlus6p[3x2][B@2L.E>F@2R.E>U@2R.S;B@2R.E>D@2R.S>F@2L.E],6,0,4,1,E2 2R' E2 2R
rubiks-7,CtrPlus6p[3x2][B@2R.E>B@M.2U>D@2R.S;F@2R.E>F@M.2U>U@2R.S],CtrPlus6p[3x2][B@2R.E>B@M.2U>D@2R.S;F@2R.E>F@M.2U>U@2R.S]#00,CtrPlus6p[3x2][B@2R.E>B@M.2U>D@2R.S;F@2R.E>F@M.2U>U@2R.S],CtrPlus6p[3x2][B@2R.E>B@M.2U>D@2R.S;F@2R.E>F@M.2U>U@2R.S],CtrPlus6p[3x2][B@2R.E>B@M.2U>D@2R.S;F@2R.E>F@M.2U>U@2R.S],6,0,6,1,2U S 2R S' 2R' 2U'
rubiks-7,CtrPlus6p[3x2][B@2R.E>D@2L.S>D@2R.S;F@2R.E>U@2L.S>U@M.2B],CtrPlus6p[3x2][B@2R.E>D@2L.S>D@2R.S;F@2R.E>U@2L.S>U@M.2B]#00,CtrPlus6p[3x2][B@2R.E>D@2L.S>D@2R.S;F@2R.E>U@2L.S>U@M.2B],CtrPlus6p[3x2][B@2R.E>D@2L.S>D@2R.S;F@2R.E>U@2L.S>U@M.2B],CtrPlus6p[3x2][B@2R.E>D@2L.S>D@2R.S;F@2R.E>U@2L.S>U@M.2B],6,0,8,1,2L' U 2R' E2 2R U' E2 2L
rubiks-7,CtrPlus6p[3x2][B@2R.E>D@2L.S>D@M.2B;F@2R.E>U@2L.S>U@2R.S],CtrPlus6p[3x2][B@2R.E>D@2L.S>D@M.2B;F@2R.E>U@2L.S>U@2R.S]#00,CtrPlus6p[3x2][B@2R.E>D@2L.S>D@M.2B;F@2R.E>U@2L.S>U@2R.S],CtrPlus6p[3x2][B@2R.E>D@2L.S>D@M.2B;F@2R.E>U@2L.S>U@2R.S],CtrPlus6p[3x2][B@2R.E>D@2L.S>D@M.2B;F@2R.E>U@2L.S>U@2R.S],6,0,8,1,2L' D' 2R' E2 2R D E2 2L
rubiks-7,CtrPlus6p[3x2][B@2R.E>D@2R.S>R@S.2U;F@2R.E>U@2R.S>L@S.2U],CtrPlus6p[3x2][B@2R.E>D@2R.S>R@S.2U;F@2R.E>U@2R.S>L@S.2U]#00,CtrPlus6p[3x2][B@2R.E>D@2R.S>R@S.2U;F@2R.E>U@2R.S>L@S.2U],CtrPlus6p[3x2][B@2R.E>D@2R.S>R@S.2U;F@2R.E>U@2R.S>L@S.2U],CtrPlus6p[3x2][B@2R.E>D@2R.S>R@S.2U;F@2R.E>U@2R.S>L@S.2U],6,0,5,1,2R2 E' 2R' E 2R'
rubiks-7,CtrPlus6p[3x2][B@2R.E>L@S.2D>D@2R.S;F@2R.E>R@S.2D>U@2R.S],CtrPlus6p[3x2][B@2R.E>L@S.2D>D@2R.S;F@2R.E>R@S.2D>U@2R.S]#00,CtrPlus6p[3x2][B@2R.E>L@S.2D>D@2R.S;F@2R.E>R@S.2D>U@2R.S],CtrPlus6p[3x2][B@2R.E>L@S.2D>D@2R.S;F@2R.E>R@S.2D>U@2R.S],CtrPlus6p[3x2][B@2R.E>L@S.2D>D@2R.S;F@2R.E>R@S.2D>U@2R.S],6,0,5,1,2R E 2R E' 2R2
rubiks-7,CtrPlus6p[3x2][B@2R.E>R@S.2D>U@2R.S;D@2R.S>F@2R.E>L@S.2D],CtrPlus6p[3x2][B@2R.E>R@S.2D>U@2R.S;D@2R.S>F@2R.E>L@S.2D]#00,CtrPlus6p[3x2][B@2R.E>R@S.2D>U@2R.S;D@2R.S>F@2R.E>L@S.2D],CtrPlus6p[3x2][B@2R.E>R@S.2D>U@2R.S;D@2R.S>F@2R.E>L@S.2D],CtrPlus6p[3x2][B@2R.E>R@S.2D>U@2R.S;D@2R.S>F@2R.E>L@S.2D],6,0,4,1,2R E 2R' E'
rubiks-7,CtrPlus6p[3x2][B@2R.E>U@2L.S>U@2R.S;D@2L.S>D@M.2F>F@2R.E],CtrPlus6p[3x2][B@2R.E>U@2L.S>U@2R.S;D@2L.S>D@M.2F>F@2R.E]#00,CtrPlus6p[3x2][B@2R.E>U@2L.S>U@2R.S;D@2L.S>D@M.2F>F@2R.E],CtrPlus6p[3x2][B@2R.E>U@2L.S>U@2R.S;D@2L.S>D@M.2F>F@2R.E],CtrPlus6p[3x2][B@2R.E>U@2L.S>U@2R.S;D@2L.S>D@M.2F>F@2R.E],6,0,8,1,2L D 2R E2 2R' D' E2 2L'
rubiks-7,CtrPlus6p[3x2][B@2R.E>U@2L.S>U@M.2F;D@2L.S>D@2R.S>F@2R.E],CtrPlus6p[3x2][B@2R.E>U@2L.S>U@M.2F;D@2L.S>D@2R.S>F@2R.E]#00,CtrPlus6p[3x2][B@2R.E>U@2L.S>U@M.2F;D@2L.S>D@2R.S>F@2R.E],CtrPlus6p[3x2][B@2R.E>U@2L.S>U@M.2F;D@2L.S>D@2R.S>F@2R.E],CtrPlus6p[3x2][B@2R.E>U@2L.S>U@M.2F;D@2L.S>D@2R.S>F@2R.E],6,0,8,1,2L U' 2R E2 2R' U E2 2L'
rubiks-7,CtrPlus6p[3x2][B@2R.E>U@2R.S>R@S.2D;D@2R.S>L@S.2D>F@2R.E],CtrPlus6p[3x2][B@2R.E>U@2R.S>R@S.2D;D@2R.S>L@S.2D>F@2R.E]#00,CtrPlus6p[3x2][B@2R.E>U@2R.S>R@S.2D;D@2R.S>L@S.2D>F@2R.E],CtrPlus6p[3x2][B@2R.E>U@2R.S>R@S.2D;D@2R.S>L@S.2D>F@2R.E],CtrPlus6p[3x2][B@2R.E>U@2R.S>R@S.2D;D@2R.S>L@S.2D>F@2R.E],6,0,4,1,E 2R E' 2R'
rubiks-7,CtrPlus6p[3x2][B@2R.E>U@2R.S>U@2L.S;D@2L.S>F@2R.E>D@M.2F],CtrPlus6p[3x2][B@2R.E>U@2R.S>U@2L.S;D@2L.S>F@2R.E>D@M.2F]#00,CtrPlus6p[3x2][B@2R.E>U@2R.S>U@2L.S;D@2L.S>F@2R.E>D@M.2F],CtrPlus6p[3x2][B@2R.E>U@2R.S>U@2L.S;D@2L.S>F@2R.E>D@M.2F],CtrPlus6p[3x2][B@2R.E>U@2R.S>U@2L.S;D@2L.S>F@2R.E>D@M.2F],6,0,8,1,2L E2 D 2R E2 2R' D' 2L'
rubiks-7,CtrPlus6p[3x2][B@2R.E>U@M.2B>U@2R.S;D@M.2B>D@M.2F>F@2R.E],CtrPlus6p[3x2][B@2R.E>U@M.2B>U@2R.S;D@M.2B>D@M.2F>F@2R.E]#00,CtrPlus6p[3x2][B@2R.E>U@M.2B>U@2R.S;D@M.2B>D@M.2F>F@2R.E],CtrPlus6p[3x2][B@2R.E>U@M.2B>U@2R.S;D@M.2B>D@M.2F>F@2R.E],CtrPlus6p[3x2][B@2R.E>U@M.2B>U@2R.S;D@M.2B>D@M.2F>F@2R.E],6,0,8,1,2B D 2R E' 2R' D' E 2B'
rubiks-7,CtrPlus6p[3x2][B@2R.E>U@M.2B>U@M.2F;D@2R.S>F@2R.E>D@M.2B],CtrPlus6p[3x2][B@2R.E>U@M.2B>U@M.2F;D@2R.S>F@2R.E>D@M.2B]#00,CtrPlus6p[3x2][B@2R.E>U@M.2B>U@M.2F;D@2R.S>F@2R.E>D@M.2B],CtrPlus6p[3x2][B@2R.E>U@M.2B>U@M.2F;D@2R.S>F@2R.E>D@M.2B],CtrPlus6p[3x2][B@2R.E>U@M.2B>U@M.2F;D@2R.S>F@2R.E>D@M.2B],6,0,8,1,2B U' 2R E' 2R' U E 2B'
rubiks-7,CtrPlus6p[3x2][B@2R.E>U@M.2F>U@2L.S;D@2L.S>F@2R.E>D@2R.S],CtrPlus6p[3x2][B@2R.E>U@M.2F>U@2L.S;D@2L.S>F@2R.E>D@2R.S]#00,CtrPlus6p[3x2][B@2R.E>U@M.2F>U@2L.S;D@2L.S>F@2R.E>D@2R.S],CtrPlus6p[3x2][B@2R.E>U@M.2F>U@2L.S;D@2L.S>F@2R.E>D@2R.S],CtrPlus6p[3x2][B@2R.E>U@M.2F>U@2L.S;D@2L.S>F@2R.E>D@2R.S],6,0,8,1,2L E2 U' 2R E2 2R' U 2L'
rubiks-7,CtrPlus6p[3x2][B@M.2D>B@M.2U>D@M.2F;F@M.2D>F@M.2U>U@M.2F],CtrPlus6p[3x2][B@M.2D>B@M.2U>D@M.2F;F@M.2D>F@M.2U>U@M.2F]#00,CtrPlus6p[3x2][B@M.2D>B@M.2U>D@M.2F;F@M.2D>F@M.2U>U@M.2F],CtrPlus6p[3x2][B@M.2D>B@M.2U>D@M.2F;F@M.2D>F@M.2U>U@M.2F],CtrPlus6p[3x2][B@M.2D>B@M.2U>D@M.2F;F@M.2D>F@M.2U>U@M.2F],6,0,7,1,2U M' 2U M' 2U' M2 2U'
rubiks-7,CtrPlus6p[3x2][B@M.2D>R@2F.E>U@M.2B;D@M.2B>F@M.2D>L@2F.E],CtrPlus6p[3x2][B@M.2D>R@2F.E>U@M.2B;D@M.2B>F@M.2D>L@2F.E]#00,CtrPlus6p[3x2][B@M.2D>R@2F.E>U@M.2B;D@M.2B>F@M.2D>L@2F.E],CtrPlus6p[3x2][B@M.2D>R@2F.E>U@M.2B;D@M.2B>F@M.2D>L@2F.E],CtrPlus6p[3x2][B@M.2D>R@2F.E>U@M.2B;D@M.2B>F@M.2D>L@2F.E],6,0,5,1,M 2U M 2U' M2
rubiks-7,CtrPlus6p[3x2][B@M.2D>U@M.2B>L@2F.E;D@M.2B>R@2F.E>F@M.2D],CtrPlus6p[3x2][B@M.2D>U@M.2B>L@2F.E;D@M.2B>R@2F.E>F@M.2D]#00,CtrPlus6p[3x2][B@M.2D>U@M.2B>L@2F.E;D@M.2B>R@2F.E>F@M.2D],CtrPlus6p[3x2][B@M.2D>U@M.2B>L@2F.E;D@M.2B>R@2F.E>F@M.2D],CtrPlus6p[3x2][B@M.2D>U@M.2B>L@2F.E;D@M.2B>R@2F.E>F@M.2D],6,0,5,1,M2 2U' M' 2U M'
rubiks-7,CtrPlus8s~v01,CtrPlus8s~v01#00,CtrPlus8s~v01,CtrPlus8s~v01,CtrPlus8s,8,0,7,3,M' 2B' M2 2U' M' 2U 2B
rubiks-7,CtrPlus8s~v02,CtrPlus8s~v02#00,CtrPlus8s~v02,CtrPlus8s~v02,CtrPlus8s,8,0,9,3,2L2 E2 2L' U 2R' E2 2R U' 2L'
rubiks-7,CtrPlus8s~v03,CtrPlus8s~v03#00,CtrPlus8s~v03,CtrPlus8s~v03,CtrPlus8s,8,0,9,3,2R2 E2 2R U 2L E2 2L' U' 2R
rubiks-7,CtrX10p[5x2]~v01,CtrX10p[5x2]~v01#00,CtrX10p[5x2]~v01,CtrX10p[5x2]~v01,CtrX10p[5x2],10,0,10,2,2B 2D2 2B 2D2 2L' 2B' 2L 2U 2B' 2U'
rubiks-7,CtrX10p[5x2]~v02,CtrX10p[5x2]~v02#00,CtrX10p[5x2]~v02,CtrX10p[5x2]~v02,CtrX10p[5x2],10,0,9,2,2U2 2R2 2U' 2R2 2U' 2R2 2U' 2R2 2U
rubiks-7,CtrX3[B@2L.2D>F@2L.2D>U@2L.2B],CtrX3[B@2L.2D>F@2L.2D>U@2L.2B]#00,CtrX3[B@2L.2D>F@2L.2D>U@2L.2B],CtrX3[B@2L.2D>F@2L.2D>U@2L.2B],CtrX3[B@2L.2D>F@2L.2D>U@2L.2B],3,0,11,1,B2 2B2 2R' B 2L2 B' 2R B 2L2 B 2B2
rubiks-7,CtrX3[B@2L.2D>F@2L.2U>U@2L.2B],CtrX3[B@2L.2D>F@2L.2U>U@2L.2B]#00,CtrX3[B@2L.2D>F@2L.2U>U@2L.2B],CtrX3[B@2L.2D>F@2L.2U>U@2L.2B],CtrX3[B@2L.2D>F@2L.2U>U@2L.2B],3,0,10,1,2D2 2R' 2B2 2R F2 2R' 2B2 2R F2 2D2
rubiks-7,CtrX3[B@2L.2D>F@2L.2U>U@2R.2F],CtrX3[B@2L.2D>F@2L.2U>U@2R.2F]#00,CtrX3[B@2L.2D>F@2L.2U>U@2R.2F],CtrX3[B@2L.2D>F@2L.2U>U@2R.2F],CtrX3[B@2L.2D>F@2L.2U>U@2R.2F],3,0,10,1,2U2 2L' 2F2 2L B2 2L' 2F2 2L B2 2U2
rubiks-7,CtrX3[B@2L.2D>F@2R.2D>U@2R.2F],CtrX3[B@2L.2D>F@2R.2D>U@2R.2F]#00,CtrX3[B@2L.2D>F@2R.2D>U@2R.2F],CtrX3[B@2L.2D>F@2R.2D>U@2R.2F],CtrX3[B@2L.2D>F@2R.2D>U@2R.2F],3,0,8,1,2L U2 2L' 2D2 2L U2 2L' 2D2
rubiks-7,CtrX3[B@2L.2D>F@2R.2U>U@2L.2B],CtrX3[B@2L.2D>F@2R.2U>U@2L.2B]#00,CtrX3[B@2L.2D>F@2R.2U>U@2L.2B],CtrX3[B@2L.2D>F@2R.2U>U@2L.2B],CtrX3[B@2L.2D>F@2R.2U>U@2L.2B],3,0,8,1,2L' F 2D2 F' 2L F 2D2 F'
rubiks-7,CtrX3[B@2L.2D>F@2R.2U>U@2R.2F],CtrX3[B@2L.2D>F@2R.2U>U@2R.2F]#00,CtrX3[B@2L.2D>F@2R.2U>U@2R.2F],CtrX3[B@2L.2D>F@2R.2U>U@2R.2F],CtrX3[B@2L.2D>F@2R.2U>U@2R.2F],3,0,10,1,2F2 2L F 2D2 F' 2L' F 2D2 2F2 F'
rubiks-7,CtrX3[B@2L.2U>D@2L.2B>D@2R.2F],CtrX3[B@2L.2U>D@2L.2B>D@2R.2F]#00,CtrX3[B@2L.2U>D@2L.2B>D@2R.2F],CtrX3[B@2L.2U>D@2L.2B>D@2R.2F],CtrX3[B@2L.2U>D@2L.2B>D@2R.2F],3,0,8,1,D2 2R 2U2 2R' D2 2R 2U2 2R'
rubiks-7,CtrX3[B@2L.2U>D@2R.2F>D@2L.2B],CtrX3[B@2L.2U>D@2R.2F>D@2L.2B]#00,CtrX3[B@2L.2U>D@2R.2F>D@2L.2B],CtrX3[B@2L.2U>D@2R.2F>D@2L.2B],CtrX3[B@2L.2U>D@2R.2F>D@2L.2B],3,0,8,1,2R 2U2 2R' D2 2R 2U2 2R' D2
rubiks-7,CtrX3[B@2L.2U>F@2L.2D>U@2L.2B],CtrX3[B@2L.2U>F@2L.2D>U@2L.2B]#00,CtrX3[B@2L.2U>F@2L.2D>U@2L.2B],CtrX3[B@2L.2U>F@2L.2D>U@2L.2B],CtrX3[B@2L.2U>F@2L.2D>U@2L.2B],3,0,10,1,2B2 2L2 F' 2R F 2L2 F' 2R' 2B2 F
rubiks-7,CtrX3[B@2L.2U>F@2L.2D>U@2R.2F],CtrX3[B@2L.2U>F@2L.2D>U@2R.2F]#00,CtrX3[B@2L.2U>F@2L.2D>U@2R.2F],CtrX3[B@2L.2U>F@2L.2D>U@2R.2F],CtrX3[B@2L.2U>F@2L.2D>U@2R.2F],3,0,8,1,2L2 F' 2R' F 2L2 F' 2R F
rubiks-7,CtrX3[B@2L.2U>F@2L.2U>U@2L.2B],CtrX3[B@2L.2U>F@2L.2U>U@2L.2B]#00,CtrX3[B@2L.2U>F@2L.2U>U@2L.2B],CtrX3[B@2L.2U>F@2L.2U>U@2L.2B],CtrX3[B@2L.2U>F@2L.2U>U@2L.2B],3,0,11,1,2B2 F' 2L2 F' 2R F 2L2 F' 2R' 2B2 F2
rubiks-7,CtrX3[B@2L.2U>F@2R.2D>U@2L.2B],CtrX3[B@2L.2U>F@2R.2D>U@2L.2B]#00,CtrX3[B@2L.2U>F@2R.2D>U@2L.2B],CtrX3[B@2L.2U>F@2R.2D>U@2L.2B],CtrX3[B@2L.2U>F@2R.2D>U@2L.2B],3,0,10,1,2B2 2R' D 2L' D' 2R D 2L D' 2B2
rubiks-7,CtrX3[B@2L.2U>F@2R.2D>U@2R.2F],CtrX3[B@2L.2U>F@2R.2D>U@2R.2F]#00,CtrX3[B@2L.2U>F@2R.2D>U@2R.2F],CtrX3[B@2L.2U>F@2R.2D>U@2R.2F],CtrX3[B@2L.2U>F@2R.2D>U@2R.2F],3,0,8,1,2R U 2L U' 2R' U 2L' U'
rubiks-7,CtrX3[B@2L.2U>F@2R.2U>U@2L.2B],CtrX3[B@2L.2U>F@2R.2U>U@2L.2B]#00,CtrX3[B@2L.2U>F@2R.2U>U@2L.2B],CtrX3[B@2L.2U>F@2R.2U>U@2L.2B],CtrX3[B@2L.2U>F@2R.2U>U@2L.2B],3,0,8,1,2U2 2R U 2R' 2U2 2R U' 2R'
rubiks-7,CtrX3[B@2L.2U>F@2R.2U>U@2R.2F],CtrX3[B@2L.2U>F@2R.2U>U@2R.2F]#00,CtrX3[B@2L.2U>F@2R.2U>U@2R.2F],CtrX3[B@2L.2U>F@2R.2U>U@2R.2F],CtrX3[B@2L.2U>F@2R.2U>U@2R.2F],3,0,8,1,2L U 2L' 2U2 2L U' 2L' 2U2
rubiks-7,CtrX3[B@2L.2U>U@2R.2B>F@2R.2U],CtrX3[B@2L.2U>U@2R.2B>F@2R.2U]#00,CtrX3[B@2L.2U>U@2R.2B>F@2R.2U],CtrX3[B@2L.2U>U@2R.2B>F@2R.2U],CtrX3[B@2L.2U>U@2R.2B>F@2R.2U],3,0,8,1,2U2 2L U2 2L' 2U2 2L U2 2L'
rubiks-7,CtrX3[B@2R.2D>F@2L.2D>U@2L.2B],CtrX3[B@2R.2D>F@2L.2D>U@2L.2B]#00,CtrX3[B@2R.2D>F@2L.2D>U@2L.2B],CtrX3[B@2R.2D>F@2L.2D>U@2L.2B],CtrX3[B@2R.2D>F@2L.2D>U@2L.2B],3,0,8,1,2R' U 2R 2D2 2R' U' 2R 2D2
rubiks-7,CtrX3[B@2R.2D>F@2L.2D>U@2R.2F],CtrX3[B@2R.2D>F@2L.2D>U@2R.2F]#00,CtrX3[B@2R.2D>F@2L.2D>U@2R.2F],CtrX3[B@2R.2D>F@2L.2D>U@2R.2F],CtrX3[B@2R.2D>F@2L.2D>U@2R.2F],3,0,8,1,2D2 2L' U 2L 2D2 2L' U' 2L
rubiks-7,CtrX3[B@2R.2D>F@2L.2U>U@2L.2B],CtrX3[B@2R.2D>F@2L.2U>U@2L.2B]#00,CtrX3[B@2R.2D>F@2L.2U>U@2L.2B],CtrX3[B@2R.2D>F@2L.2U>U@2L.2B],CtrX3[B@2R.2D>F@2L.2U>U@2L.2B],3,0,8,1,2L' U 2R' U' 2L U 2R U'
rubiks-7,CtrX3[B@2R.2D>F@2L.2U>U@2R.2F],CtrX3[B@2R.2D>F@2L.2U>U@2R.2F]#00,CtrX3[B@2R.2D>F@2L.2U>U@2R.2F],CtrX3[B@2R.2D>F@2L.2U>U@2R.2F],CtrX3[B@2R.2D>F@2L.2U>U@2R.2F],3,0,10,1,2F2 2L D 2R D' 2L' D 2R' D' 2F2
rubiks-7,CtrX3[B@2R.2D>F@2R.2D>U@2R.2F],CtrX3[B@2R.2D>F@2R.2D>U@2R.2F]#00,CtrX3[B@2R.2D>F@2R.2D>U@2R.2F],CtrX3[B@2R.2D>F@2R.2D>U@2R.2F],CtrX3[B@2R.2D>F@2R.2D>U@2R.2F],3,0,11,1,2F2 F' 2R2 F' 2L' F 2R2 F' 2L 2F2 F2
rubiks-7,CtrX3[B@2R.2D>F@2R.2U>U@2L.2B],CtrX3[B@2R.2D>F@2R.2U>U@2L.2B]#00,CtrX3[B@2R.2D>F@2R.2U>U@2L.2B],CtrX3[B@2R.2D>F@2R.2U>U@2L.2B],CtrX3[B@2R.2D>F@2R.2U>U@2L.2B],3,0,8,1,2R2 F' 2L F 2R2 F' 2L' F
rubiks-7,CtrX3[B@2R.2D>F@2R.2U>U@2R.2F],CtrX3[B@2R.2D>F@2R.2U>U@2R.2F]#00,CtrX3[B@2R.2D>F@2R.2U>U@2R.2F],CtrX3[B@2R.2D>F@2R.2U>U@2R.2F],CtrX3[B@2R.2D>F@2R.2U>U@2R.2F],3,0,10,1,2F2 2R2 F' 2L' F 2R2 F' 2L 2F2 F
rubiks-7,CtrX3[B@2R.2D>U@2L.2F>F@2L.2D],CtrX3[B@2R.2D>U@2L.2F>F@2L.2D]#00,CtrX3[B@2R.2D>U@2L.2F>F@2L.2D],CtrX3[B@2R.2D>U@2L.2F>F@2L.2D],CtrX3[B@2R.2D>U@2L.2F>F@2L.2D],3,0,8,1,2D2 2R' U2 2R 2D2 2R' U2 2R
rubiks-7,CtrX3[B@2R.2U>D@2L.2B>D@2R.2F],CtrX3[B@2R.2U>D@2L.2B>D@2R.2F]#00,CtrX3[B@2R.2U>D@2L.2B>D@2R.2F],CtrX3[B@2R.2U>D@2L.2B>D@2R.2F],CtrX3[B@2R.2U>D@2L.2B>D@2R.2F],3,0,8,1,D2 2F' 2U 2F D2 2F' 2U' 2F
rubiks-7,CtrX3[B@2R.2U>D@2R.2F>D@2L.2B]~v01,CtrX3[B@2R.2U>D@2R.2F>D@2L.2B]~v01#00,CtrX3[B@2R.2U>D@2R.2F>D@2L.2B]~v01,CtrX3[B@2R.2U>D@2R.2F>D@2L.2B]~v01,CtrX3[B@2R.2U>D@2R.2F>D@2L.2B],3,0,8,2,2F' 2U 2F D2 2F' 2U' 2F D2
rubiks-7,CtrX3[B@2R.2U>D@2R.2F>D@2L.2B]~v02,CtrX3[B@2R.2U>D@2R.2F>D@2L.2B]~v02#00,CtrX3[B@2R.2U>D@2R.2F>D@2L.2B]~v02,CtrX3[B@2R.2U>D@2R.2F>D@2L.2B]~v02,CtrX3[B@2R.2U>D@2R.2F>D@2L.2B],3,0,8,2,D2 2B' 2U' 2B D2 2B' 2U 2B
rubiks-7,CtrX3[B@2R.2U>F@2L.2D>U@2L.2B],CtrX3[B@2R.2U>F@2L.2D>U@2L.2B]#00,CtrX3[B@2R.2U>F@2L.2D>U@2L.2B],CtrX3[B@2R.2U>F@2L.2D>U@2L.2B],CtrX3[B@2R.2U>F@2L.2D>U@2L.2B],3,0,10,1,2B2 2R' F 2U2 F' 2R F 2U2 2B2 F'
rubiks-7,CtrX3[B@2R.2U>F@2L.2D>U@2R.2F],CtrX3[B@2R.2U>F@2L.2D>U@2R.2F]#00,CtrX3[B@2R.2U>F@2L.2D>U@2R.2F],CtrX3[B@2R.2U>F@2L.2D>U@2R.2F],CtrX3[B@2R.2U>F@2L.2D>U@2R.2F],3,0,8,1,2R F 2U2 F' 2R' F 2U2 F'
rubiks-7,CtrX3[B@2R.2U>F@2L.2U>U@2L.2B],CtrX3[B@2R.2U>F@2L.2U>U@2L.2B]#00,CtrX3[B@2R.2U>F@2L.2U>U@2L.2B],CtrX3[B@2R.2U>F@2L.2U>U@2L.2B],CtrX3[B@2R.2U>F@2L.2U>U@2L.2B],3,0,8,1,2R' U2 2R 2U2 2R' U2 2R 2U2
rubiks-7,CtrX3[B@2R.2U>F@2R.2D>U@2L.2B],CtrX3[B@2R.2U>F@2R.2D>U@2L.2B]#00,CtrX3[B@2R.2U>F@2R.2D>U@2L.2B],CtrX3[B@2R.2U>F@2R.2D>U@2L.2B],CtrX3[B@2R.2U>F@2R.2D>U@2L.2B],3,0,10,1,2D2 2R 2B2 2R' B2 2R 2B2 2R' B2 2D2
rubiks-7,CtrX3[B@2R.2U>F@2R.2D>U@2R.2F],CtrX3[B@2R.2U>F@2R.2D>U@2R.2F]#00,CtrX3[B@2R.2U>F@2R.2D>U@2R.2F],CtrX3[B@2R.2U>F@2R.2D>U@2R.2F],CtrX3[B@2R.2U>F@2R.2D>U@2R.2F],3,0,10,1,2U2 2L 2F2 2L' F2 2L 2F2 2L' F2 2U2
rubiks-7,CtrX3[B@2R.2U>F@2R.2U>U@2R.2F],CtrX3[B@2R.2U>F@2R.2U>U@2R.2F]#00,CtrX3[B@2R.2U>F@2R.2U>U@2R.2F],CtrX3[B@2R.2U>F@2R.2U>U@2R.2F],CtrX3[B@2R.2U>F@2R.2U>U@2R.2F],3,0,11,1,B2 2F2 2L B 2R2 B' 2L' B 2R2 B 2F2
rubiks-7,CtrX3[D@2L.2F>D@2R.2F>U@2R.2B],CtrX3[D@2L.2F>D@2R.2F>U@2R.2B]#00,CtrX3[D@2L.2F>D@2R.2F>U@2R.2B],CtrX3[D@2L.2F>D@2R.2F>U@2R.2B],CtrX3[D@2L.2F>D@2R.2F>U@2R.2B],3,0,8,1,2F L 2F' 2R2 2F L' 2F' 2R2
rubiks-7,CtrX3[D@2L.2F>D@2R.2F>U@2R.2F],CtrX3[D@2L.2F>D@2R.2F>U@2R.2F]#00,CtrX3[D@2L.2F>D@2R.2F>U@2R.2F],CtrX3[D@2L.2F>D@2R.2F>U@2R.2F],CtrX3[D@2L.2F>D@2R.2F>U@2R.2F],3,0,9,1,U' 2R2 U' 2L2 U 2R2 U' 2L2 U2
rubiks-7,CtrX3[D@2L.2F>U@2R.2B>D@2R.2F],CtrX3[D@2L.2F>U@2R.2B>D@2R.2F]#00,CtrX3[D@2L.2F>U@2R.2B>D@2R.2F],CtrX3[D@2L.2F>U@2R.2B>D@2R.2F],CtrX3[D@2L.2F>U@2R.2B>D@2R.2F],3,0,8,1,2R2 2F L 2F' 2R2 2F L' 2F'
rubiks-7,CtrX3[D@2R.2F>U@2L.2B>U@2R.2B]~v01,CtrX3[D@2R.2F>U@2L.2B>U@2R.2B]~v01#00,CtrX3[D@2R.2F>U@2L.2B>U@2R.2B]~v01,CtrX3[D@2R.2F>U@2L.2B>U@2R.2B]~v01,CtrX3[D@2R.2F>U@2L.2B>U@2R.2B],3,0,8,3,2R2 U' 2F2 U 2R2 U' 2F2 U
rubiks-7,CtrX3[D@2R.2F>U@2L.2B>U@2R.2B]~v02,CtrX3[D@2R.2F>U@2L.2B>U@2R.2B]~v02#00,CtrX3[D@2R.2F>U@2L.2B>U@2R.2B]~v02,CtrX3[D@2R.2F>U@2L.2B>U@2R.2B]~v02,CtrX3[D@2R.2F>U@2L.2B>U@2R.2B],3,0,8,3,2R2 D' 2L2 D 2R2 D' 2L2 D
rubiks-7,CtrX3[D@2R.2F>U@2L.2B>U@2R.2B]~v03,CtrX3[D@2R.2F>U@2L.2B>U@2R.2B]~v03#00,CtrX3[D@2R.2F>U@2L.2B>U@2R.2B]~v03,CtrX3[D@2R.2F>U@2L.2B>U@2R.2B]~v03,CtrX3[D@2R.2F>U@2L.2B>U@2R.2B],3,0,8,3,2B' R 2B 2R2 2B' R' 2B 2R2
rubiks-7,CtrX3[D@2R.2F>U@2L.2F>U@2L.2B],CtrX3[D@2R.2F>U@2L.2F>U@2L.2B]#00,CtrX3[D@2R.2F>U@2L.2F>U@2L.2B],CtrX3[D@2R.2F>U@2L.2F>U@2L.2B],CtrX3[D@2R.2F>U@2L.2F>U@2L.2B],3,0,8,1,U 2R2 U' 2F2 U 2R2 U' 2F2
rubiks-7,CtrX3[D@2R.2F>U@2R.2B>U@2L.2B]~v01,CtrX3[D@2R.2F>U@2R.2B>U@2L.2B]~v01#00,CtrX3[D@2R.2F>U@2R.2B>U@2L.2B]~v01,CtrX3[D@2R.2F>U@2R.2B>U@2L.2B]~v01,CtrX3[D@2R.2F>U@2R.2B>U@2L.2B],3,0,8,2,D' 2L2 D 2R2 D' 2L2 D 2R2
rubiks-7,CtrX3[D@2R.2F>U@2R.2B>U@2L.2B]~v02,CtrX3[D@2R.2F>U@2R.2B>U@2L.2B]~v02#00,CtrX3[D@2R.2F>U@2R.2B>U@2L.2B]~v02,CtrX3[D@2R.2F>U@2R.2B>U@2L.2B]~v02,CtrX3[D@2R.2F>U@2R.2B>U@2L.2B],3,0,8,2,2R2 2B' R 2B 2R2 2B' R' 2B
rubiks-7,CtrX3[D@2R.2F>U@2R.2B>U@2R.2F],CtrX3[D@2R.2F>U@2R.2B>U@2R.2F]#00,CtrX3[D@2R.2F>U@2R.2B>U@2R.2F],CtrX3[D@2R.2F>U@2R.2B>U@2R.2F],CtrX3[D@2R.2F>U@2R.2B>U@2R.2F],3,0,9,1,U' 2R2 U' 2F2 U 2R2 U' 2F2 U2
rubiks-7,CtrX3[F@2L.2D>F@2R.2D>U@2R.2F],CtrX3[F@2L.2D>F@2R.2D>U@2R.2F]#00,CtrX3[F@2L.2D>F@2R.2D>U@2R.2F],CtrX3[F@2L.2D>F@2R.2D>U@2R.2F],CtrX3[F@2L.2D>F@2R.2D>U@2R.2F],3,0,8,1,2R U 2L' U' 2R' U 2L U'
rubiks-7,CtrX3[F@2L.2D>U@2L.2B>R@2B.2U],CtrX3[F@2L.2D>U@2L.2B>R@2B.2U]#00,CtrX3[F@2L.2D>U@2L.2B>R@2B.2U],CtrX3[F@2L.2D>U@2L.2B>R@2B.2U],CtrX3[F@2L.2D>U@2L.2B>R@2B.2U],3,0,10,1,F 2U' R2 2U 2L 2U' R2 2U 2L' F'
rubiks-7,CtrX3[F@2L.2D>U@2L.2F>R@2F.2D],CtrX3[F@2L.2D>U@2L.2F>R@2F.2D]#00,CtrX3[F@2L.2D>U@2L.2F>R@2F.2D],CtrX3[F@2L.2D>U@2L.2F>R@2F.2D],CtrX3[F@2L.2D>U@2L.2F>R@2F.2D],3,0,8,1,2L' D' 2F' D 2L D' 2F D
rubiks-7,CtrX3[F@2L.2D>U@2L.2F>R@2F.2U],CtrX3[F@2L.2D>U@2L.2F>R@2F.2U]#00,CtrX3[F@2L.2D>U@2L.2F>R@2F.2U],CtrX3[F@2L.2D>U@2L.2F>R@2F.2U],CtrX3[F@2L.2D>U@2L.2F>R@2F.2U],3,0,8,1,2D R2 2D' 2L 2D R2 2D' 2L'
rubiks-7,CtrX3[F@2L.2D>U@2R.2B>R@2B.2D],CtrX3[F@2L.2D>U@2R.2B>R@2B.2D]#00,CtrX3[F@2L.2D>U@2R.2B>R@2B.2D],CtrX3[F@2L.2D>U@2R.2B>R@2B.2D],CtrX3[F@2L.2D>U@2R.2B>R@2B.2D],3,0,8,1,2D' 2L' U2 2L 2D 2L' U2 2L
rubiks-7,CtrX3[F@2L.2D>U@2R.2B>R@2F.2D],CtrX3[F@2L.2D>U@2R.2B>R@2F.2D]#00,CtrX3[F@2L.2D>U@2R.2B>R@2F.2D],CtrX3[F@2L.2D>U@2R.2B>R@2F.2D],CtrX3[F@2L.2D>U@2R.2B>R@2F.2D],3,0,10,1,U2 2L' D' 2F' D 2L D' 2F D U2
rubiks-7,CtrX3[F@2L.2D>U@2R.2F>F@2R.2D],CtrX3[F@2L.2D>U@2R.2F>F@2R.2D]#00,CtrX3[F@2L.2D>U@2R.2F>F@2R.2D],CtrX3[F@2L.2D>U@2R.2F>F@2R.2D],CtrX3[F@2L.2D>U@2R.2F>F@2R.2D],3,0,8,1,U 2L' U' 2R U 2L U' 2R'
rubiks-7,CtrX3[F@2L.2D>U@2R.2F>R@2F.2D],CtrX3[F@2L.2D>U@2R.2F>R@2F.2D]#00,CtrX3[F@2L.2D>U@2R.2F>R@2F.2D],CtrX3[F@2L.2D>U@2R.2F>R@2F.2D],CtrX3[F@2L.2D>U@2R.2F>R@2F.2D],3,0,10,1,F' 2D R2 2D' 2R' 2D R2 2D' 2R F
rubiks-7,CtrX3[F@2L.2U>F@2R.2U>U@2L.2B],CtrX3[F@2L.2U>F@2R.2U>U@2L.2B]#00,CtrX3[F@2L.2U>F@2R.2U>U@2L.2B],CtrX3[F@2L.2U>F@2R.2U>U@2L.2B],CtrX3[F@2L.2U>F@2R.2U>U@2L.2B],3,0,8,1,U 2R U' 2L' U 2R' U' 2L
rubiks-7,CtrX3[F@2L.2U>U@2L.2B>F@2R.2U],CtrX3[F@2L.2U>U@2L.2B>F@2R.2U]#00,CtrX3[F@2L.2U>U@2L.2B>F@2R.2U],CtrX3[F@2L.2U>U@2L.2B>F@2R.2U],CtrX3[F@2L.2U>U@2L.2B>F@2R.2U],3,0,8,1,2L' U 2R U' 2L U 2R' U'
rubiks-7,CtrX3[F@2L.2U>U@2L.2B>R@2B.2U],CtrX3[F@2L.2U>U@2L.2B>R@2B.2U]#00,CtrX3[F@2L.2U>U@2L.2B>R@2B.2U],CtrX3[F@2L.2U>U@2L.2B>R@2B.2U],CtrX3[F@2L.2U>U@2L.2B>R@2B.2U],3,0,8,1,2U' R2 2U 2L 2U' R2 2U 2L'
rubiks-7,CtrX3[F@2L.2U>U@2L.2B>R@2F.2U],CtrX3[F@2L.2U>U@2L.2B>R@2F.2U]#00,CtrX3[F@2L.2U>U@2L.2B>R@2F.2U],CtrX3[F@2L.2U>U@2L.2B>R@2F.2U],CtrX3[F@2L.2U>U@2L.2B>R@2F.2U],3,0,8,1,2L' D 2B D' 2L D 2B' D'
rubiks-7,CtrX3[F@2L.2U>U@2L.2B>U@2R.2F],CtrX3[F@2L.2U>U@2L.2B>U@2R.2F]#00,CtrX3[F@2L.2U>U@2L.2B>U@2R.2F],CtrX3[F@2L.2U>U@2L.2B>U@2R.2F],CtrX3[F@2L.2U>U@2L.2B>U@2R.2F],3,0,8,1,U2 2R 2U2 2R' U2 2R 2U2 2R'
rubiks-7,CtrX3[F@2L.2U>U@2L.2F>R@2F.2U],CtrX3[F@2L.2U>U@2L.2F>R@2F.2U]#00,CtrX3[F@2L.2U>U@2L.2F>R@2F.2U],CtrX3[F@2L.2U>U@2L.2F>R@2F.2U],CtrX3[F@2L.2U>U@2L.2F>R@2F.2U],3,0,10,1,F 2U 2R U2 2R' 2U' 2R U2 2R' F'
rubiks-7,CtrX3[F@2L.2U>U@2R.2B>R@2B.2D],CtrX3[F@2L.2U>U@2R.2B>R@2B.2D]#00,CtrX3[F@2L.2U>U@2R.2B>R@2B.2D],CtrX3[F@2L.2U>U@2R.2B>R@2B.2D],CtrX3[F@2L.2U>U@2R.2B>R@2B.2D],3,0,10,1,F' 2D' 2L' U2 2L 2D 2L' U2 2L F
rubiks-7,CtrX3[F@2L.2U>U@2R.2F>R@2F.2D],CtrX3[F@2L.2U>U@2R.2F>R@2F.2D]#00,CtrX3[F@2L.2U>U@2R.2F>R@2F.2D],CtrX3[F@2L.2U>U@2R.2F>R@2F.2D],CtrX3[F@2L.2U>U@2R.2F>R@2F.2D],3,0,8,1,2U 2L' U2 2L 2U' 2L' U2 2L
rubiks-7,CtrX3[F@2L.2U>U@2R.2F>R@2F.2U],CtrX3[F@2L.2U>U@2R.2F>R@2F.2U]#00,CtrX3[F@2L.2U>U@2R.2F>R@2F.2U],CtrX3[F@2L.2U>U@2R.2F>R@2F.2U],CtrX3[F@2L.2U>U@2R.2F>R@2F.2U],3,0,10,1,U2 2L' D 2B D' 2L D 2B' D' U2
rubiks-7,CtrX3[F@2L.2U>U@2R.2F>U@2L.2B],CtrX3[F@2L.2U>U@2R.2F>U@2L.2B]#00,CtrX3[F@2L.2U>U@2R.2F>U@2L.2B],CtrX3[F@2L.2U>U@2R.2F>U@2L.2B],CtrX3[F@2L.2U>U@2R.2F>U@2L.2B],3,0,8,1,2R 2U2 2R' U2 2R 2U2 2R' U2
rubiks-7,CtrX3[F@2R.2D>U@2L.2B>R@2B.2D],CtrX3[F@2R.2D>U@2L.2B>R@2B.2D]#00,CtrX3[F@2R.2D>U@2L.2B>R@2B.2D],CtrX3[F@2R.2D>U@2L.2B>R@2B.2D],CtrX3[F@2R.2D>U@2L.2B>R@2B.2D],3,0,10,1,U2 2R D 2F' D' 2R' D 2F D' U2
rubiks-7,CtrX3[F@2R.2D>U@2L.2B>R@2B.2U],CtrX3[F@2R.2D>U@2L.2B>R@2B.2U]#00,CtrX3[F@2R.2D>U@2L.2B>R@2B.2U],CtrX3[F@2R.2D>U@2L.2B>R@2B.2U],CtrX3[F@2R.2D>U@2L.2B>R@2B.2U],3,0,8,1,2D' 2R U2 2R' 2D 2R U2 2R'
rubiks-7,CtrX3[F@2R.2D>U@2L.2F>R@2F.2U],CtrX3[F@2R.2D>U@2L.2F>R@2F.2U]#00,CtrX3[F@2R.2D>U@2L.2F>R@2F.2U],CtrX3[F@2R.2D>U@2L.2F>R@2F.2U],CtrX3[F@2R.2D>U@2L.2F>R@2F.2U],3,0,10,1,F' 2U 2R U2 2R' 2U' 2R U2 2R' F
rubiks-7,CtrX3[F@2R.2D>U@2R.2B>R@2B.2D],CtrX3[F@2R.2D>U@2R.2B>R@2B.2D]#00,CtrX3[F@2R.2D>U@2R.2B>R@2B.2D],CtrX3[F@2R.2D>U@2R.2B>R@2B.2D],CtrX3[F@2R.2D>U@2R.2B>R@2B.2D],3,0,10,1,F 2D' 2L' U2 2L 2D 2L' U2 2L F'
rubiks-7,CtrX3[F@2R.2D>U@2R.2F>R@2B.2D],CtrX3[F@2R.2D>U@2R.2F>R@2B.2D]#00,CtrX3[F@2R.2D>U@2R.2F>R@2B.2D],CtrX3[F@2R.2D>U@2R.2F>R@2B.2D],CtrX3[F@2R.2D>U@2R.2F>R@2B.2D],3,0,8,1,2R D 2F' D' 2R' D 2F D'
rubiks-7,CtrX3[F@2R.2D>U@2R.2F>R@2F.2D],CtrX3[F@2R.2D>U@2R.2F>R@2F.2D]#00,CtrX3[F@2R.2D>U@2R.2F>R@2F.2D],CtrX3[F@2R.2D>U@2R.2F>R@2F.2D],CtrX3[F@2R.2D>U@2R.2F>R@2F.2D],3,0,8,1,2D R2 2D' 2R' 2D R2 2D' 2R
rubiks-7,CtrX3[F@2R.2U>U@2L.2B>R@2B.2U],CtrX3[F@2R.2U>U@2L.2B>R@2B.2U]#00,CtrX3[F@2R.2U>U@2L.2B>R@2B.2U],CtrX3[F@2R.2U>U@2L.2B>R@2B.2U],CtrX3[F@2R.2U>U@2L.2B>R@2B.2U],3,0,10,1,F' 2U' R2 2U 2L 2U' R2 2U 2L' F
rubiks-7,CtrX3[F@2R.2U>U@2L.2B>U@2R.2F],CtrX3[F@2R.2U>U@2L.2B>U@2R.2F]#00,CtrX3[F@2R.2U>U@2L.2B>U@2R.2F],CtrX3[F@2R.2U>U@2L.2B>U@2R.2F],CtrX3[F@2R.2U>U@2L.2B>U@2R.2F],3,0,8,1,U2 2F' 2U 2F U2 2F' 2U' 2F
rubiks-7,CtrX3[F@2R.2U>U@2L.2F>R@2B.2U],CtrX3[F@2R.2U>U@2L.2F>R@2B.2U]#00,CtrX3[F@2R.2U>U@2L.2F>R@2B.2U],CtrX3[F@2R.2U>U@2L.2F>R@2B.2U],CtrX3[F@2R.2U>U@2L.2F>R@2B.2U],3,0,10,1,U2 2R D' 2B D 2R' D' 2B' D U2
rubiks-7,CtrX3[F@2R.2U>U@2L.2F>R@2F.2U],CtrX3[F@2R.2U>U@2L.2F>R@2F.2U]#00,CtrX3[F@2R.2U>U@2L.2F>R@2F.2U],CtrX3[F@2R.2U>U@2L.2F>R@2F.2U],CtrX3[F@2R.2U>U@2L.2F>R@2F.2U],3,0,8,1,2U 2R U2 2R' 2U' 2R U2 2R'
rubiks-7,CtrX3[F@2R.2U>U@2R.2B>R@2B.2D],CtrX3[F@2R.2U>U@2R.2B>R@2B.2D]#00,CtrX3[F@2R.2U>U@2R.2B>R@2B.2D],CtrX3[F@2R.2U>U@2R.2B>R@2B.2D],CtrX3[F@2R.2U>U@2R.2B>R@2B.2D],3,0,8,1,2U' R2 2U 2R' 2U' R2 2U 2R
rubiks-7,CtrX3[F@2R.2U>U@2R.2B>R@2B.2U],CtrX3[F@2R.2U>U@2R.2B>R@2B.2U]#00,CtrX3[F@2R.2U>U@2R.2B>R@2B.2U],CtrX3[F@2R.2U>U@2R.2B>R@2B.2U],CtrX3[F@2R.2U>U@2R.2B>R@2B.2U],3,0,8,1,2R D' 2B D 2R' D' 2B' D
rubiks-7,CtrX3[F@2R.2U>U@2R.2F>R@2F.2D],CtrX3[F@2R.2U>U@2R.2F>R@2F.2D]#00,CtrX3[F@2R.2U>U@2R.2F>R@2F.2D],CtrX3[F@2R.2U>U@2R.2F>R@2F.2D],CtrX3[F@2R.2U>U@2R.2F>R@2F.2D],3,0,10,1,F 2D R2 2D' 2R' 2D R2 2D' 2R F'
rubiks-7,CtrX3[F@2R.2U>U@2R.2F>U@2L.2B]~v01,CtrX3[F@2R.2U>U@2R.2F>U@2L.2B]~v01#00,CtrX3[F@2R.2U>U@2R.2F>U@2L.2B]~v01,CtrX3[F@2R.2U>U@2R.2F>U@2L.2B]~v01,CtrX3[F@2R.2U>U@2R.2F>U@2L.2B],3,0,8,2,2F' 2U 2F U2 2F' 2U' 2F U2
rubiks-7,CtrX3[F@2R.2U>U@2R.2F>U@2L.2B]~v02,CtrX3[F@2R.2U>U@2R.2F>U@2L.2B]~v02#00,CtrX3[F@2R.2U>U@2R.2F>U@2L.2B]~v02,CtrX3[F@2R.2U>U@2R.2F>U@2L.2B]~v02,CtrX3[F@2R.2U>U@2R.2F>U@2L.2B],3,0,8,2,U2 2B' 2U' 2B U2 2B' 2U 2B
rubiks-7,CtrX4s[B@2R.2U<>F@2R.2U;L@2B.2D<>R@2B.2D],CtrX4s[B@2R.2U<>F@2R.2U;L@2B.2D<>R@2B.2D]#00,CtrX4s[B@2R.2U<>F@2R.2U;L@2B.2D<>R@2B.2D],CtrX4s[B@2R.2U<>F@2R.2U;L@2B.2D<>R@2B.2D],CtrX4s[B@2R.2U<>F@2R.2U;L@2B.2D<>R@2B.2D],4,0,8,1,2F' 2U 2F' 2U' 2F 2R' 2F 2R
rubiks-7,CtrX4s[B@2R.2U<>F@2R.2U;L@2F.2D<>R@2F.2D]~v01,CtrX4s[B@2R.2U<>F@2R.2U;L@2F.2D<>R@2F.2D]~v01#00,CtrX4s[B@2R.2U<>F@2R.2U;L@2F.2D<>R@2F.2D]~v01,CtrX4s[B@2R.2U<>F@2R.2U;L@2F.2D<>R@2F.2D]~v01,CtrX4s[B@2R.2U<>F@2R.2U;L@2F.2D<>R@2F.2D],4,0,8,2,2F' 2U 2F 2U' 2F 2R' 2F' 2R
rubiks-7,CtrX4s[B@2R.2U<>F@2R.2U;L@2F.2D<>R@2F.2D]~v02,CtrX4s[B@2R.2U<>F@2R.2U;L@2F.2D<>R@2F.2D]~v02#00,CtrX4s[B@2R.2U<>F@2R.2U;L@2F.2D<>R@2F.2D]~v02,CtrX4s[B@2R.2U<>F@2R.2U;L@2F.2D<>R@2F.2D]~v02,CtrX4s[B@2R.2U<>F@2R.2U;L@2F.2D<>R@2F.2D],4,0,8,2,2R' 2F 2R 2F' 2U 2F' 2U' 2F
rubiks-7,CtrX4s[D@2L.2F<>U@2L.2B;D@2R.2B<>U@2R.2F],CtrX4s[D@2L.2F<>U@2L.2B;D@2R.2B<>U@2R.2F]#00,CtrX4s[D@2L.2F<>U@2L.2B;D@2R.2B<>U@2R.2F],CtrX4s[D@2L.2F<>U@2L.2B;D@2R.2B<>U@2R.2F],CtrX4s[D@2L.2F<>U@2L.2B;D@2R.2B<>U@2R.2F],4,0,10,1,2R2 2F2 2R2 2F2 U2 2R2 2F2 2R2 2F2 U2
rubiks-7,CtrX6p[2+4][D@2L.2F<>D@2R.2B;D@2R.2F>U@2L.2B>U@2L.2F>U@2R.2F],CtrX6p[2+4][D@2L.2F<>D@2R.2B;D@2R.2F>U@2L.2B>U@2L.2F>U@2R.2F]#00,CtrX6p[2+4][D@2L.2F<>D@2R.2B;D@2R.2F>U@2L.2B>U@2L.2F>U@2R.2F],CtrX6p[2+4][D@2L.2F<>D@2R.2B;D@2R.2F>U@2L.2B>U@2L.2F>U@2R.2F],CtrX6p[2+4][D@2L.2F<>D@2R.2B;D@2R.2F>U@2L.2B>U@2L.2F>U@2R.2F],6,0,10,1,2B2 D' 2F2 D 2B2 D' 2L2 2F2 2L2 D
rubiks-7,CtrX6p[3x2][B@2L.2D>B@2R.2D>D@2L.2F;F@2L.2D>F@2R.2D>U@2L.2F],CtrX6p[3x2][B@2L.2D>B@2R.2D>D@2L.2F;F@2L.2D>F@2R.2D>U@2L.2F]#00,CtrX6p[3x2][B@2L.2D>B@2R.2D>D@2L.2F;F@2L.2D>F@2R.2D>U@2L.2F],CtrX6p[3x2][B@2L.2D>B@2R.2D>D@2L.2F;F@2L.2D>F@2R.2D>U@2L.2F],CtrX6p[3x2][B@2L.2D>B@2R.2D>D@2L.2F;F@2L.2D>F@2R.2D>U@2L.2F],6,0,8,1,2F 2L' 2F' 2L 2F' 2D' 2F 2D
rubiks-7,CtrX6p[3x2][B@2L.2D>B@2R.2U>U@2L.2B;D@2R.2F>F@2L.2D>F@2R.2U],CtrX6p[3x2][B@2L.2D>B@2R.2U>U@2L.2B;D@2R.2F>F@2L.2D>F@2R.2U]#00,CtrX6p[3x2][B@2L.2D>B@2R.2U>U@2L.2B;D@2R.2F>F@2L.2D>F@2R.2U],CtrX6p[3x2][B@2L.2D>B@2R.2U>U@2L.2B;D@2R.2F>F@2L.2D>F@2R.2U],CtrX6p[3x2][B@2L.2D>B@2R.2U>U@2L.2B;D@2R.2F>F@2L.2D>F@2R.2U],6,0,7,1,D2 2L 2U2 2L 2U2 2L2 D2
rubiks-7,CtrX6p[3x2][B@2L.2D>B@2R.2U>U@2R.2F;D@2L.2B>F@2L.2D>F@2R.2U],CtrX6p[3x2][B@2L.2D>B@2R.2U>U@2R.2F;D@2L.2B>F@2L.2D>F@2R.2U]#00,CtrX6p[3x2][B@2L.2D>B@2R.2U>U@2R.2F;D@2L.2B>F@2L.2D>F@2R.2U],CtrX6p[3x2][B@2L.2D>B@2R.2U>U@2R.2F;D@2L.2B>F@2L.2D>F@2R.2U],CtrX6p[3x2][B@2L.2D>B@2R.2U>U@2R.2F;D@2L.2B>F@2L.2D>F@2R.2U],6,0,7,1,U2 2L 2U2 2L 2U2 2L2 U2
rubiks-7,CtrX6p[3x2][B@2L.2U>B@2R.2D>D@2R.2F;F@2L.2U>F@2R.2D>U@2R.2F],CtrX6p[3x2][B@2L.2U>B@2R.2D>D@2R.2F;F@2L.2U>F@2R.2D>U@2R.2F]#00,CtrX6p[3x2][B@2L.2U>B@2R.2D>D@2R.2F;F@2L.2U>F@2R.2D>U@2R.2F],CtrX6p[3x2][B@2L.2U>B@2R.2D>D@2R.2F;F@2L.2U>F@2R.2D>U@2R.2F],CtrX6p[3x2][B@2L.2U>B@2R.2D>D@2R.2F;F@2L.2U>F@2R.2D>U@2R.2F],6,0,5,1,2R2 2U2 2R' 2U2 2R'
rubiks-7,CtrX6p[3x2][B@2L.2U>D@2L.2B>B@2R.2D;F@2L.2U>U@2R.2F>F@2R.2D],CtrX6p[3x2][B@2L.2U>D@2L.2B>B@2R.2D;F@2L.2U>U@2R.2F>F@2R.2D]#00,CtrX6p[3x2][B@2L.2U>D@2L.2B>B@2R.2D;F@2L.2U>U@2R.2F>F@2R.2D],CtrX6p[3x2][B@2L.2U>D@2L.2B>B@2R.2D;F@2L.2U>U@2R.2F>F@2R.2D],CtrX6p[3x2][B@2L.2U>D@2L.2B>B@2R.2D;F@2L.2U>U@2R.2F>F@2R.2D],6,0,8,1,D2 2R 2U2 2R' D2 2R2 2U2 2R2
rubiks-7,CtrX6p[3x2][B@2L.2U>D@2R.2F>B@2R.2D;F@2L.2U>U@2L.2B>F@2R.2D],CtrX6p[3x2][B@2L.2U>D@2R.2F>B@2R.2D;F@2L.2U>U@2L.2B>F@2R.2D]#00,CtrX6p[3x2][B@2L.2U>D@2R.2F>B@2R.2D;F@2L.2U>U@2L.2B>F@2R.2D],CtrX6p[3x2][B@2L.2U>D@2R.2F>B@2R.2D;F@2L.2U>U@2L.2B>F@2R.2D],CtrX6p[3x2][B@2L.2U>D@2R.2F>B@2R.2D;F@2L.2U>U@2L.2B>F@2R.2D],6,0,8,1,U2 2R 2U2 2R' U2 2R2 2U2 2R2
rubiks-7,CtrX6p[3x2][B@2L.2U>D@2R.2F>B@2R.2D;F@2L.2U>U@2R.2F>F@2R.2D],CtrX6p[3x2][B@2L.2U>D@2R.2F>B@2R.2D;F@2L.2U>U@2R.2F>F@2R.2D]#00,CtrX6p[3x2][B@2L.2U>D@2R.2F>B@2R.2D;F@2L.2U>U@2R.2F>F@2R.2D],CtrX6p[3x2][B@2L.2U>D@2R.2F>B@2R.2D;F@2L.2U>U@2R.2F>F@2R.2D],CtrX6p[3x2][B@2L.2U>D@2R.2F>B@2R.2D;F@2L.2U>U@2R.2F>F@2R.2D],6,0,5,1,2R 2U2 2R 2U2 2R2
rubiks-7,CtrX6p[3x2][B@2L.2U>D@2R.2F>F@2R.2U;B@2R.2U>F@2L.2U>U@2R.2F],CtrX6p[3x2][B@2L.2U>D@2R.2F>F@2R.2U;B@2R.2U>F@2L.2U>U@2R.2F]#00,CtrX6p[3x2][B@2L.2U>D@2R.2F>F@2R.2U;B@2R.2U>F@2L.2U>U@2R.2F],CtrX6p[3x2][B@2L.2U>D@2R.2F>F@2R.2U;B@2R.2U>F@2L.2U>U@2R.2F],CtrX6p[3x2][B@2L.2U>D@2R.2F>F@2R.2U;B@2R.2U>F@2L.2U>U@2R.2F],6,0,4,1,2R 2U2 2R' 2U2
rubiks-7,CtrX6p[3x2][B@2L.2U>F@2R.2U>R@2F.2U;B@2R.2U>L@2F.2U>F@2L.2U],CtrX6p[3x2][B@2L.2U>F@2R.2U>R@2F.2U;B@2R.2U>L@2F.2U>F@2L.2U]#00,CtrX6p[3x2][B@2L.2U>F@2R.2U>R@2F.2U;B@2R.2U>L@2F.2U>F@2L.2U],CtrX6p[3x2][B@2L.2U>F@2R.2U>R@2F.2U;B@2R.2U>L@2F.2U>F@2L.2U],CtrX6p[3x2][B@2L.2U>F@2R.2U>R@2F.2U;B@2R.2U>L@2F.2U>F@2L.2U],6,0,7,1,2R2 2U 2R2 2U 2R2 2U2 2R2
rubiks-7,CtrX6p[3x2][B@2L.2U>L@2F.2D>F@2R.2U;B@2R.2U>F@2L.2U>R@2F.2D],CtrX6p[3x2][B@2L.2U>L@2F.2D>F@2R.2U;B@2R.2U>F@2L.2U>R@2F.2D]#00,CtrX6p[3x2][B@2L.2U>L@2F.2D>F@2R.2U;B@2R.2U>F@2L.2U>R@2F.2D],CtrX6p[3x2][B@2L.2U>L@2F.2D>F@2R.2U;B@2R.2U>F@2L.2U>R@2F.2D],CtrX6p[3x2][B@2L.2U>L@2F.2D>F@2R.2U;B@2R.2U>F@2L.2U>R@2F.2D],6,0,7,1,2R2 2U2 2R2 2U 2R2 2U 2R2
rubiks-7,CtrX6p[3x2][B@2L.2U>U@2L.2B>B@2R.2U;D@2L.2B>F@2R.2U>D@2R.2F],CtrX6p[3x2][B@2L.2U>U@2L.2B>B@2R.2U;D@2L.2B>F@2R.2U>D@2R.2F]#00,CtrX6p[3x2][B@2L.2U>U@2L.2B>B@2R.2U;D@2L.2B>F@2R.2U>D@2R.2F],CtrX6p[3x2][B@2L.2U>U@2L.2B>B@2R.2U;D@2L.2B>F@2R.2U>D@2R.2F],CtrX6p[3x2][B@2L.2U>U@2L.2B>B@2R.2U;D@2L.2B>F@2R.2U>D@2R.2F],6,0,8,1,2L 2U2 U' 2R 2U2 2R' U 2L'
rubiks-7,CtrX6p[3x2][B@2R.2D>B@2R.2U>D@2R.2F;F@2R.2D>F@2R.2U>U@2R.2F],CtrX6p[3x2][B@2R.2D>B@2R.2U>D@2R.2F;F@2R.2D>F@2R.2U>U@2R.2F]#00,CtrX6p[3x2][B@2R.2D>B@2R.2U>D@2R.2F;F@2R.2D>F@2R.2U>U@2R.2F],CtrX6p[3x2][B@2R.2D>B@2R.2U>D@2R.2F;F@2R.2D>F@2R.2U>U@2R.2F],CtrX6p[3x2][B@2R.2D>B@2R.2U>D@2R.2F;F@2R.2D>F@2R.2U>U@2R.2F],6,0,6,1,2U 2F 2R 2F' 2R' 2U'
rubiks-7,CtrX6p[3x2][B@2R.2D>D@2L.2B>D@2R.2B;F@2R.2D>U@2L.2B>U@2R.2F],CtrX6p[3x2][B@2R.2D>D@2L.2B>D@2R.2B;F@2R.2D>U@2L.2B>U@2R.2F]#00,CtrX6p[3x2][B@2R.2D>D@2L.2B>D@2R.2B;F@2R.2D>U@2L.2B>U@2R.2F],CtrX6p[3x2][B@2R.2D>D@2L.2B>D@2R.2B;F@2R.2D>U@2L.2B>U@2R.2F],CtrX6p[3x2][B@2R.2D>D@2L.2B>D@2R.2B;F@2R.2D>U@2L.2B>U@2R.2F],6,0,8,1,2L' D' 2R' 2D2 2R D 2D2 2L
rubiks-7,CtrX6p[3x2][B@2R.2D>D@2L.2B>D@2R.2F;F@2R.2D>U@2L.2B>U@2R.2B],CtrX6p[3x2][B@2R.2D>D@2L.2B>D@2R.2F;F@2R.2D>U@2L.2B>U@2R.2B]#00,CtrX6p[3x2][B@2R.2D>D@2L.2B>D@2R.2F;F@2R.2D>U@2L.2B>U@2R.2B],CtrX6p[3x2][B@2R.2D>D@2L.2B>D@2R.2F;F@2R.2D>U@2L.2B>U@2R.2B],CtrX6p[3x2][B@2R.2D>D@2L.2B>D@2R.2F;F@2R.2D>U@2L.2B>U@2R.2B],6,0,8,1,2L' U 2R' 2D2 2R U' 2D2 2L
rubiks-7,CtrX6p[3x2][B@2R.2D>D@2R.2B>D@2L.2F;F@2R.2D>U@2R.2B>U@2L.2F]~v01,CtrX6p[3x2][B@2R.2D>D@2R.2B>D@2L.2F;F@2R.2D>U@2R.2B>U@2L.2F]~v01#00,CtrX6p[3x2][B@2R.2D>D@2R.2B>D@2L.2F;F@2R.2D>U@2R.2B>U@2L.2F]~v01,CtrX6p[3x2][B@2R.2D>D@2R.2B>D@2L.2F;F@2R.2D>U@2R.2B>U@2L.2F]~v01,CtrX6p[3x2][B@2R.2D>D@2R.2B>D@2L.2F;F@2R.2D>U@2R.2B>U@2L.2F],6,0,8,3,2F 2D' 2F2 2D 2F' 2R2 2F2 2R2
rubiks-7,CtrX6p[3x2][B@2R.2D>D@2R.2B>D@2L.2F;F@2R.2D>U@2R.2B>U@2L.2F]~v02,CtrX6p[3x2][B@2R.2D>D@2R.2B>D@2L.2F;F@2R.2D>U@2R.2B>U@2L.2F]~v02#00,CtrX6p[3x2][B@2R.2D>D@2R.2B>D@2L.2F;F@2R.2D>U@2R.2B>U@2L.2F]~v02,CtrX6p[3x2][B@2R.2D>D@2R.2B>D@2L.2F;F@2R.2D>U@2R.2B>U@2L.2F]~v02,CtrX6p[3x2][B@2R.2D>D@2R.2B>D@2L.2F;F@2R.2D>U@2R.2B>U@2L.2F],6,0,8,3,2F' 2D2 2B' 2D2 2F 2D 2B 2D'
rubiks-7,CtrX6p[3x2][B@2R.2D>D@2R.2B>D@2L.2F;F@2R.2D>U@2R.2B>U@2L.2F]~v03,CtrX6p[3x2][B@2R.2D>D@2R.2B>D@2L.2F;F@2R.2D>U@2R.2B>U@2L.2F]~v03#00,CtrX6p[3x2][B@2R.2D>D@2R.2B>D@2L.2F;F@2R.2D>U@2R.2B>U@2L.2F]~v03,CtrX6p[3x2][B@2R.2D>D@2R.2B>D@2L.2F;F@2R.2D>U@2R.2B>U@2L.2F]~v03,CtrX6p[3x2][B@2R.2D>D@2R.2B>D@2L.2F;F@2R.2D>U@2R.2B>U@2L.2F],6,0,8,3,2D' 2F' 2D 2F' 2R2 2F 2R2 2F
rubiks-7,CtrX6p[3x2][B@2R.2D>D@2R.2F>L@2F.2D;F@2R.2D>U@2R.2F>R@2F.2D],CtrX6p[3x2][B@2R.2D>D@2R.2F>L@2F.2D;F@2R.2D>U@2R.2F>R@2F.2D]#00,CtrX6p[3x2][B@2R.2D>D@2R.2F>L@2F.2D;F@2R.2D>U@2R.2F>R@2F.2D],CtrX6p[3x2][B@2R.2D>D@2R.2F>L@2F.2D;F@2R.2D>U@2R.2F>R@2F.2D],CtrX6p[3x2][B@2R.2D>D@2R.2F>L@2F.2D;F@2R.2D>U@2R.2F>R@2F.2D],6,0,5,1,2R2 2U' 2R' 2U 2R'
rubiks-7,CtrX6p[3x2][B@2R.2D>D@2R.2F>R@2F.2U;F@2R.2D>U@2R.2F>L@2F.2U],CtrX6p[3x2][B@2R.2D>D@2R.2F>R@2F.2U;F@2R.2D>U@2R.2F>L@2F.2U]#00,CtrX6p[3x2][B@2R.2D>D@2R.2F>R@2F.2U;F@2R.2D>U@2R.2F>L@2F.2U],CtrX6p[3x2][B@2R.2D>D@2R.2F>R@2F.2U;F@2R.2D>U@2R.2F>L@2F.2U],CtrX6p[3x2][B@2R.2D>D@2R.2F>R@2F.2U;F@2R.2D>U@2R.2F>L@2F.2U],6,0,5,1,2R2 2U 2R' 2U' 2R'
rubiks-7,CtrX6p[3x2][B@2R.2D>F@2R.2U>L@2F.2D;B@2R.2U>R@2F.2D>F@2R.2D],CtrX6p[3x2][B@2R.2D>F@2R.2U>L@2F.2D;B@2R.2U>R@2F.2D>F@2R.2D]#00,CtrX6p[3x2][B@2R.2D>F@2R.2U>L@2F.2D;B@2R.2U>R@2F.2D>F@2R.2D],CtrX6p[3x2][B@2R.2D>F@2R.2U>L@2F.2D;B@2R.2U>R@2F.2D>F@2R.2D],CtrX6p[3x2][B@2R.2D>F@2R.2U>L@2F.2D;B@2R.2U>R@2F.2D>F@2R.2D],6,0,4,1,2R2 2U' 2R2 2U
rubiks-7,CtrX6p[3x2][B@2R.2D>L@2B.2D>R@2F.2D;F@2R.2D>R@2B.2D>L@2F.2D],CtrX6p[3x2][B@2R.2D>L@2B.2D>R@2F.2D;F@2R.2D>R@2B.2D>L@2F.2D]#00,CtrX6p[3x2][B@2R.2D>L@2B.2D>R@2F.2D;F@2R.2D>R@2B.2D>L@2F.2D],CtrX6p[3x2][B@2R.2D>L@2B.2D>R@2F.2D;F@2R.2D>R@2B.2D>L@2F.2D],CtrX6p[3x2][B@2R.2D>L@2B.2D>R@2F.2D;F@2R.2D>R@2B.2D>L@2F.2D],6,0,5,1,2F' 2R 2F2 2R' 2F'
rubiks-7,CtrX6p[3x2][B@2R.2D>L@2F.2D>D@2R.2F;F@2R.2D>R@2F.2D>U@2R.2F],CtrX6p[3x2][B@2R.2D>L@2F.2D>D@2R.2F;F@2R.2D>R@2F.2D>U@2R.2F]#00,CtrX6p[3x2][B@2R.2D>L@2F.2D>D@2R.2F;F@2R.2D>R@2F.2D>U@2R.2F],CtrX6p[3x2][B@2R.2D>L@2F.2D>D@2R.2F;F@2R.2D>R@2F.2D>U@2R.2F],CtrX6p[3x2][B@2R.2D>L@2F.2D>D@2R.2F;F@2R.2D>R@2F.2D>U@2R.2F],6,0,5,1,2R 2U' 2R 2U 2R2
rubiks-7,CtrX6p[3x2][B@2R.2D>R@2F.2D>L@2B.2D;F@2R.2D>L@2F.2D>R@2B.2D],CtrX6p[3x2][B@2R.2D>R@2F.2D>L@2B.2D;F@2R.2D>L@2F.2D>R@2B.2D]#00,CtrX6p[3x2][B@2R.2D>R@2F.2D>L@2B.2D;F@2R.2D>L@2F.2D>R@2B.2D],CtrX6p[3x2][B@2R.2D>R@2F.2D>L@2B.2D;F@2R.2D>L@2F.2D>R@2B.2D],CtrX6p[3x2][B@2R.2D>R@2F.2D>L@2B.2D;F@2R.2D>L@2F.2D>R@2B.2D],6,0,5,1,2F 2R 2F2 2R' 2F
rubiks-7,CtrX6p[3x2][B@2R.2D>R@2F.2U>D@2R.2F;F@2R.2D>L@2F.2U>U@2R.2F],CtrX6p[3x2][B@2R.2D>R@2F.2U>D@2R.2F;F@2R.2D>L@2F.2U>U@2R.2F]#00,CtrX6p[3x2][B@2R.2D>R@2F.2U>D@2R.2F;F@2R.2D>L@2F.2U>U@2R.2F],CtrX6p[3x2][B@2R.2D>R@2F.2U>D@2R.2F;F@2R.2D>L@2F.2U>U@2R.2F],CtrX6p[3x2][B@2R.2D>R@2F.2U>D@2R.2F;F@2R.2D>L@2F.2U>U@2R.2F],6,0,5,1,2R 2U 2R 2U' 2R2
rubiks-7,CtrX6p[3x2][B@2R.2D>R@2F.2U>L@2F.2D;F@2R.2D>L@2F.2U>R@2F.2D],CtrX6p[3x2][B@2R.2D>R@2F.2U>L@2F.2D;F@2R.2D>L@2F.2U>R@2F.2D]#00,CtrX6p[3x2][B@2R.2D>R@2F.2U>L@2F.2D;F@2R.2D>L@2F.2U>R@2F.2D],CtrX6p[3x2][B@2R.2D>R@2F.2U>L@2F.2D;F@2R.2D>L@2F.2U>R@2F.2D],CtrX6p[3x2][B@2R.2D>R@2F.2U>L@2F.2D;F@2R.2D>L@2F.2U>R@2F.2D],6,0,5,1,2U 2R2 2U2 2R2 2U
rubiks-7,CtrX6p[3x2][B@2R.2U>L@2F.2D>D@2R.2F;F@2R.2U>R@2F.2D>U@2R.2F],CtrX6p[3x2][B@2R.2U>L@2F.2D>D@2R.2F;F@2R.2U>R@2F.2D>U@2R.2F]#00,CtrX6p[3x2][B@2R.2U>L@2F.2D>D@2R.2F;F@2R.2U>R@2F.2D>U@2R.2F],CtrX6p[3x2][B@2R.2U>L@2F.2D>D@2R.2F;F@2R.2U>R@2F.2D>U@2R.2F],CtrX6p[3x2][B@2R.2U>L@2F.2D>D@2R.2F;F@2R.2U>R@2F.2D>U@2R.2F],6,0,7,1,2U' 2R 2U 2R2 2F 2R 2F'
rubiks-7,CtrX6p[3x2][B@2R.2U>L@2F.2U>U@2R.2F;D@2R.2F>F@2R.2U>R@2F.2U],CtrX6p[3x2][B@2R.2U>L@2F.2U>U@2R.2F;D@2R.2F>F@2R.2U>R@2F.2U]#00,CtrX6p[3x2][B@2R.2U>L@2F.2U>U@2R.2F;D@2R.2F>F@2R.2U>R@2F.2U],CtrX6p[3x2][B@2R.2U>L@2F.2U>U@2R.2F;D@2R.2F>F@2R.2U>R@2F.2U],CtrX6p[3x2][B@2R.2U>L@2F.2U>U@2R.2F;D@2R.2F>F@2R.2U>R@2F.2U],6,0,4,1,2R 2U 2R' 2U'
rubiks-7,CtrX6p[3x2][B@2R.2U>R@2F.2D>U@2R.2F;D@2R.2F>F@2R.2U>L@2F.2D],CtrX6p[3x2][B@2R.2U>R@2F.2D>U@2R.2F;D@2R.2F>F@2R.2U>L@2F.2D]#00,CtrX6p[3x2][B@2R.2U>R@2F.2D>U@2R.2F;D@2R.2F>F@2R.2U>L@2F.2D],CtrX6p[3x2][B@2R.2U>R@2F.2D>U@2R.2F;D@2R.2F>F@2R.2U>L@2F.2D],CtrX6p[3x2][B@2R.2U>R@2F.2D>U@2R.2F;D@2R.2F>F@2R.2U>L@2F.2D],6,0,4,1,2R 2U' 2R' 2U
rubiks-7,CtrX6p[3x2][B@2R.2U>U@2R.2B>U@2L.2F;D@2R.2B>D@2R.2F>F@2R.2U],CtrX6p[3x2][B@2R.2U>U@2R.2B>U@2L.2F;D@2R.2B>D@2R.2F>F@2R.2U]#00,CtrX6p[3x2][B@2R.2U>U@2R.2B>U@2L.2F;D@2R.2B>D@2R.2F>F@2R.2U],CtrX6p[3x2][B@2R.2U>U@2R.2B>U@2L.2F;D@2R.2B>D@2R.2F>F@2R.2U],CtrX6p[3x2][B@2R.2U>U@2R.2B>U@2L.2F;D@2R.2B>D@2R.2F>F@2R.2U],6,0,8,1,2B U' 2R 2U 2R' U 2U' 2B'
rubiks-7,CtrX6p[3x2][B@2R.2U>U@2R.2B>U@2R.2F;D@2L.2F>F@2R.2U>D@2R.2B],CtrX6p[3x2][B@2R.2U>U@2R.2B>U@2R.2F;D@2L.2F>F@2R.2U>D@2R.2B]#00,CtrX6p[3x2][B@2R.2U>U@2R.2B>U@2R.2F;D@2L.2F>F@2R.2U>D@2R.2B],CtrX6p[3x2][B@2R.2U>U@2R.2B>U@2R.2F;D@2L.2F>F@2R.2U>D@2R.2B],CtrX6p[3x2][B@2R.2U>U@2R.2B>U@2R.2F;D@2L.2F>F@2R.2U>D@2R.2B],6,0,8,1,2B D 2R 2U 2R' D' 2U' 2B'
rubiks-7,CtrX6p[3x2][B@2R.2U>U@2R.2F>U@2L.2B;D@2L.2B>F@2R.2U>F@2L.2U],CtrX6p[3x2][B@2R.2U>U@2R.2F>U@2L.2B;D@2L.2B>F@2R.2U>F@2L.2U]#00,CtrX6p[3x2][B@2R.2U>U@2R.2F>U@2L.2B;D@2L.2B>F@2R.2U>F@2L.2U],CtrX6p[3x2][B@2R.2U>U@2R.2F>U@2L.2B;D@2L.2B>F@2R.2U>F@2L.2U],CtrX6p[3x2][B@2R.2U>U@2R.2F>U@2L.2B;D@2L.2B>F@2R.2U>F@2L.2U],6,0,8,1,2L 2U2 D 2R 2U2 2R' D' 2L'
rubiks-7,CtrX6p[3x2][D@2L.2B>D@2L.2F>U@2L.2F;D@2R.2B>D@2R.2F>U@2R.2B],CtrX6p[3x2][D@2L.2B>D@2L.2F>U@2L.2F;D@2R.2B>D@2R.2F>U@2R.2B]#00,CtrX6p[3x2][D@2L.2B>D@2L.2F>U@2L.2F;D@2R.2B>D@2R.2F>U@2R.2B],CtrX6p[3x2][D@2L.2B>D@2L.2F>U@2L.2F;D@2R.2B>D@2R.2F>U@2R.2B],CtrX6p[3x2][D@2L.2B>D@2L.2F>U@2L.2F;D@2R.2B>D@2R.2F>U@2R.2B],6,0,8,1,2F2 D' 2R2 2F2 2R2 2F2 D 2F2
rubiks-7,CtrX6p[3x2][D@2L.2B>D@2L.2F>U@2L.2F;D@2R.2F>U@2R.2F>U@2R.2B],CtrX6p[3x2][D@2L.2B>D@2L.2F>U@2L.2F;D@2R.2F>U@2R.2F>U@2R.2B]#00,CtrX6p[3x2][D@2L.2B>D@2L.2F>U@2L.2F;D@2R.2F>U@2R.2F>U@2R.2B],CtrX6p[3x2][D@2L.2B>D@2L.2F>U@2L.2F;D@2R.2F>U@2R.2F>U@2R.2B],CtrX6p[3x2][D@2L.2B>D@2L.2F>U@2L.2F;D@2R.2F>U@2R.2F>U@2R.2B],6,0,8,1,2F2 U 2L2 2F2 2L2 2F2 U' 2F2
rubiks-7,CtrX6p[3x2][D@2L.2B>U@2L.2B>U@2L.2F;D@2R.2B>U@2R.2B>D@2R.2F],CtrX6p[3x2][D@2L.2B>U@2L.2B>U@2L.2F;D@2R.2B>U@2R.2B>D@2R.2F]#00,CtrX6p[3x2][D@2L.2B>U@2L.2B>U@2L.2F;D@2R.2B>U@2R.2B>D@2R.2F],CtrX6p[3x2][D@2L.2B>U@2L.2B>U@2L.2F;D@2R.2B>U@2R.2B>D@2R.2F],CtrX6p[3x2][D@2L.2B>U@2L.2B>U@2L.2F;D@2R.2B>U@2R.2B>D@2R.2F],6,0,8,1,2B2 U 2R2 2B2 2R2 2B2 U' 2B2
rubiks-7,CtrX6p[3x2][D@2L.2B>U@2L.2F>D@2L.2F;D@2R.2B>U@2R.2B>D@2R.2F],CtrX6p[3x2][D@2L.2B>U@2L.2F>D@2L.2F;D@2R.2B>U@2R.2B>D@2R.2F]#00,CtrX6p[3x2][D@2L.2B>U@2L.2F>D@2L.2F;D@2R.2B>U@2R.2B>D@2R.2F],CtrX6p[3x2][D@2L.2B>U@2L.2F>D@2L.2F;D@2R.2B>U@2R.2B>D@2R.2F],CtrX6p[3x2][D@2L.2B>U@2L.2F>D@2L.2F;D@2R.2B>U@2R.2B>D@2R.2F],6,0,8,1,2B2 D' 2L2 2B2 2L2 2B2 D 2B2
rubiks-7,CtrX6p[3x2][D@2L.2F>D@2R.2B>U@2L.2B;D@2R.2F>U@2R.2B>U@2L.2F],CtrX6p[3x2][D@2L.2F>D@2R.2B>U@2L.2B;D@2R.2F>U@2R.2B>U@2L.2F]#00,CtrX6p[3x2][D@2L.2F>D@2R.2B>U@2L.2B;D@2R.2F>U@2R.2B>U@2L.2F],CtrX6p[3x2][D@2L.2F>D@2R.2B>U@2L.2B;D@2R.2F>U@2R.2B>U@2L.2F],CtrX6p[3x2][D@2L.2F>D@2R.2B>U@2L.2B;D@2R.2F>U@2R.2B>U@2L.2F],6,0,6,1,U2 2R2 2F2 2R2 2F2 U2
rubiks-7,CtrX6p[3x2][D@2L.2F>D@2R.2B>U@2R.2B;D@2R.2F>U@2R.2F>U@2L.2B],CtrX6p[3x2][D@2L.2F>D@2R.2B>U@2R.2B;D@2R.2F>U@2R.2F>U@2L.2B]#00,CtrX6p[3x2][D@2L.2F>D@2R.2B>U@2R.2B;D@2R.2F>U@2R.2F>U@2L.2B],CtrX6p[3x2][D@2L.2F>D@2R.2B>U@2R.2B;D@2R.2F>U@2R.2F>U@2L.2B],CtrX6p[3x2][D@2L.2F>D@2R.2B>U@2R.2B;D@2R.2F>U@2R.2F>U@2L.2B],6,0,6,1,U 2R2 2F2 2R2 2F2 U'
rubiks-7,CtrX6p[3x2][D@2L.2F>D@2R.2B>U@2R.2F;D@2R.2F>U@2L.2F>U@2R.2B],CtrX6p[3x2][D@2L.2F>D@2R.2B>U@2R.2F;D@2R.2F>U@2L.2F>U@2R.2B]#00,CtrX6p[3x2][D@2L.2F>D@2R.2B>U@2R.2F;D@2R.2F>U@2L.2F>U@2R.2B],CtrX6p[3x2][D@2L.2F>D@2R.2B>U@2R.2F;D@2R.2F>U@2L.2F>U@2R.2B],CtrX6p[3x2][D@2L.2F>D@2R.2B>U@2R.2F;D@2R.2F>U@2L.2F>U@2R.2B],6,0,4,1,2R2 2F2 2R2 2F2
rubiks-7,CtrX6p[3x2][D@2L.2F>U@2R.2F>U@2R.2B;D@2R.2B>U@2L.2F>D@2R.2F],CtrX6p[3x2][D@2L.2F>U@2R.2F>U@2R.2B;D@2R.2B>U@2L.2F>D@2R.2F]#00,CtrX6p[3x2][D@2L.2F>U@2R.2F>U@2R.2B;D@2R.2B>U@2L.2F>D@2R.2F],CtrX6p[3x2][D@2L.2F>U@2R.2F>U@2R.2B;D@2R.2B>U@2L.2F>D@2R.2F],CtrX6p[3x2][D@2L.2F>U@2R.2F>U@2R.2B;D@2R.2B>U@2L.2F>D@2R.2F],6,0,10,1,2F2 U 2R2 U' 2R2 2F2 2R2 U 2R2 U'
rubiks-7,CtrX8s~v01,CtrX8s~v01#00,CtrX8s~v01,CtrX8s~v01,CtrX8s,8,0,8,8,2D' 2F' 2D2 2F2 2L 2F' 2L' 2D'
rubiks-7,CtrX8s~v02,CtrX8s~v02#00,CtrX8s~v02,CtrX8s~v02,CtrX8s,8,0,8,8,2F 2D' 2F2 2D 2F' 2L2 2F2 2L2
rubiks-7,CtrX8s~v03,CtrX8s~v03#00,CtrX8s~v03,CtrX8s~v03,CtrX8s,8,0,8,8,U2 2R 2U2 2R' U2 2L2 2U2 2L2
rubiks-7,CtrX8s~v04,CtrX8s~v04#00,CtrX8s~v04,CtrX8s~v04,CtrX8s,8,0,8,8,D2 2R 2U2 2R' D2 2L2 2U2 2L2
rubiks-7,CtrX8s~v05,CtrX8s~v05#00,CtrX8s~v05,CtrX8s~v05,CtrX8s,8,0,10,8,2R2 D' 2F 2B 2R2 2F' 2B' 2R2 D 2R2
rubiks-7,CtrX8s~v06,CtrX8s~v06#00,CtrX8s~v06,CtrX8s~v06,CtrX8s,8,0,10,8,2R2 D' 2R2 2B 2F 2R2 2B' 2F' D 2R2
rubiks-7,CtrX8s~v07,CtrX8s~v07#00,CtrX8s~v07,CtrX8s~v07,CtrX8s,8,0,10,8,2F2 D 2R 2L 2F2 2R' 2L' 2F2 D' 2F2
rubiks-7,CtrX8s~v08,CtrX8s~v08#00,CtrX8s~v08,CtrX8s~v08,CtrX8s,8,0,10,8,2F2 D 2F2 2L 2R 2F2 2L' 2R' D' 2F2
rubiks-7,E-Perm,E-Perm#00,C4s[UBR<>URF;UFL<>ULB],C4s[UBR<>URF;UFL<>ULB],C4s[UBR<>URF;UFL<>ULB],4,0,16,1,R B' R' F R B R' F' R B R' F R B' R' F'
rubiks-7,Edge6PAN,Edge6PAN#00,W2-4[FL@D>UF@R>FL@U>UF@L],W2-4[FL@D>UF@R>FL@U>UF@L],W2-4[FL@D>UF@R>FL@U>UF@L],14,2,25,1,F' 2U 2D' F L2 F' 2U' 2D F L2 2D2 F2 2D' L2 2D' L2 F2 2D' F2 2D F2 2D' F2 2D2 F2
rubiks-7,Edge6PAX,Edge6PAX#00,W2-4s[FL@D<>UF@R;FL@U<>UF@L],W2-4s[FL@D<>UF@R;FL@U<>UF@L],W2-4s[FL@D<>UF@R;FL@U<>UF@L],16,0,17,1,F' 2U 2D' F L2 F' 2U' 2D F L2 2D2 F2 L2 2D2 L2 F2 2D2
rubiks-7,Edge6PBN,Edge6PBN#00,W2-4[FL@D>UF@L>FL@U>UF@R],W2-4[FL@D>UF@L>FL@U>UF@R],W2-4[FL@D>UF@L>FL@U>UF@R],14,2,25,1,F 2D2 2U2 F' L2 F 2D2 2U2 F' L2 2U2 F2 2U L2 2U L2 F2 2U F2 2U' F2 2U F2 2U2 F2
rubiks-7,Edge6PBX,Edge6PBX#00,W2-4s[FL@D<>UF@L;FL@U<>UF@R],W2-4s[FL@D<>UF@L;FL@U<>UF@R],W2-4s[FL@D<>UF@L;FL@U<>UF@R],24,4,17,1,F 2D2 2U2 F' L2 F 2D2 2U2 F' L2 2U2 F2 L2 2U2 L2 F2 2U2
rubiks-7,Edge6PCN,Edge6PCN#00,W2-4[FL@D>UB@R>FL@U>UB@L],W2-4[FL@D>UB@R>FL@U>UB@L],W2-4[FL@D>UB@R>FL@U>UB@L],14,2,25,1,U2 F 2R 2L' F' U2 F 2R' 2L F' 2L2 B2 2L U2 2L U2 B2 2L B2 2L' B2 2L B2 2L2 B2
rubiks-7,Edge6PCX,Edge6PCX#00,W2-4s[FL@D<>UB@L;FL@U<>UB@R],W2-4s[FL@D<>UB@L;FL@U<>UB@R],W2-4s[FL@D<>UB@L;FL@U<>UB@R],24,0,17,1,U2 F 2R 2L' F' U2 F 2R' 2L F' 2L2 B2 U2 2L2 U2 B2 2L2
rubiks-7,Edge6PDN,Edge6PDN#00,W2-4[FL@D>UB@L>FL@U>UB@R],W2-4[FL@D>UB@L>FL@U>UB@R],W2-4[FL@D>UB@L>FL@U>UB@R],14,2,25,1,U2 F' 2L2 2R2 F U2 F' 2L2 2R2 F 2R2 B2 2R' U2 2R' U2 B2 2R' B2 2R B2 2R' B2 2R2 B2
rubiks-7,Edge6PDX,Edge6PDX#00,W2-4s[FL@D<>UB@R;FL@U<>UB@L],W2-4s[FL@D<>UB@R;FL@U<>UB@L],W2-4s[FL@D<>UB@R;FL@U<>UB@L],24,4,17,1,U2 F' 2L2 2R2 F U2 F' 2L2 2R2 F 2R2 B2 U2 2R2 U2 B2 2R2
rubiks-7,EdgeBlock3Cycle-IA,EdgeBlock3Cycle-IA#00,EAll3[DR>RU>LU],EAll3[DR>RU>LU],EAll3[DR>RU>LU],51,2,10,1,L B' F U' R2 U F' B L' U2
rubiks-7,EdgeBlock3Cycle-IB,EdgeBlock3Cycle-IB#00,EAll3[DR>UR>UL],EAll3[DR>UR>UL],EAll3[DR>UR>UL],51,0,6,1,U2 F B' R2 B F'
rubiks-7,EdgeBlock3Cycle-IC,EdgeBlock3Cycle-IC#00,EAll3[DR>UR>LU],EAll3[DR>UR>LU],EAll3[DR>UR>LU],51,2,10,1,R2 D' B F' R U2 R' F B' D
rubiks-7,EdgeBlock3Cycle-ID,EdgeBlock3Cycle-ID#00,EAll3[DR>RU>UL],EAll3[DR>RU>UL],EAll3[DR>RU>UL],3,2,12,1,D' B' R' F' R F' B U' F U F D
rubiks-7,EdgeBlock3Cycle-IE,EdgeBlock3Cycle-IE#00,EAll3[DR>LU>RU],EAll3[DR>LU>RU],EAll3[DR>LU>RU],51,2,10,1,U2 L B' F U' R2 U F' B L'
rubiks-7,EdgeBlock3Cycle-IF,EdgeBlock3Cycle-IF#00,EAll3[DR>UL>UR],EAll3[DR>UL>UR],EAll3[DR>UL>UR],51,0,6,1,F B' R2 B F' U2
rubiks-7,EdgeBlock3Cycle-IG,EdgeBlock3Cycle-IG#00,EAll3[DR>LU>UR],EAll3[DR>LU>UR],EAll3[DR>LU>UR],51,2,10,1,D' B F' R U2 R' F B' D R2
rubiks-7,EdgeBlock3Cycle-IH,EdgeBlock3Cycle-IH#00,EAll3[DR>UL>RU],EAll3[DR>UL>RU],EAll3[DR>UL>RU],3,2,12,1,D' F' U' F' U B' F R' F R B D
rubiks-7,EdgeBlock3Cycle-NA,EdgeBlock3Cycle-NA#00,EAll3[DR>FR>UF],EAll3[DR>FR>UF],EAll3[DR>FR>UF],3,2,10,1,D L2 R2 U' R' U L2 R2 D' R
rubiks-7,EdgeBlock3Cycle-NB,EdgeBlock3Cycle-NB#00,EAll3[DR>RF>FU],EAll3[DR>RF>FU],EAll3[DR>RF>FU],51,2,13,1,U R F U' R' L F2 L' R U' F' R' U'
rubiks-7,EdgeBlock3Cycle-NC,EdgeBlock3Cycle-NC#00,EAll3[DR>RF>UF],EAll3[DR>RF>UF],EAll3[DR>RF>UF],3,0,10,1,F' U B2 F2 D' F D B2 F2 U'
rubiks-7,EdgeBlock3Cycle-ND,EdgeBlock3Cycle-ND#00,EAll3[DR>FR>FU],EAll3[DR>FR>FU],EAll3[DR>FR>FU],51,2,10,1,F' R' F' R' F' R F R F R
rubiks-7,EdgeBlock3Cycle-NE,EdgeBlock3Cycle-NE#00,EAll3[DR>UF>FR],EAll3[DR>UF>FR],EAll3[DR>UF>FR],3,2,10,1,R' D R2 L2 U' R U R2 L2 D'
rubiks-7,EdgeBlock3Cycle-NF,EdgeBlock3Cycle-NF#00,EAll3[DR>FU>RF],EAll3[DR>FU>RF],EAll3[DR>FU>RF],51,2,13,1,U R F U R' L F2 L' R U F' R' U'
rubiks-7,EdgeBlock3Cycle-NG,EdgeBlock3Cycle-NG#00,EAll3[DR>UF>RF],EAll3[DR>UF>RF],EAll3[DR>UF>RF],3,0,10,1,U F2 B2 D' F' D F2 B2 U' F
rubiks-7,EdgeBlock3Cycle-NH,EdgeBlock3Cycle-NH#00,EAll3[DR>FU>FR],EAll3[DR>FU>FR],EAll3[DR>FU>FR],51,2,10,1,R' F' R' F' R' F R F R F
rubiks-7,EdgeBlock3Cycle-OA,EdgeBlock3Cycle-OA#00,EAll3[BR>UL>FD],EAll3[BR>UL>FD],EAll3[BR>UL>FD],51,2,9,1,L' B L' R D2 L R' B L
rubiks-7,EdgeBlock3Cycle-OB,EdgeBlock3Cycle-OB#00,EAll3[BR>LU>DF],EAll3[BR>LU>DF],EAll3[BR>LU>DF],3,2,13,1,R' F' U F' U' B F' L F L' B' F2 R
rubiks-7,EdgeBlock3Cycle-OC,EdgeBlock3Cycle-OC#00,EAll3[BR>FD>UL],EAll3[BR>FD>UL],EAll3[BR>FD>UL],51,2,9,1,L' B' R L' D2 R' L B' L
rubiks-7,EdgeBlock3Cycle-OD,EdgeBlock3Cycle-OD#00,EAll3[BR>DF>LU],EAll3[BR>DF>LU],EAll3[BR>DF>LU],3,2,13,1,R' F2 B L F' L' F B' U F U' F R
rubiks-7,EdgeBlock3Cycle-PA,EdgeBlock3Cycle-PA#00,EAll3[RF>RU>LU],EAll3[RF>RU>LU],EAll3[RF>RU>LU],51,2,8,1,D2 B2 R B2 D2 F2 L F2
rubiks-7,EdgeBlock3Cycle-PB,EdgeBlock3Cycle-PB#00,EAll3[RF>UR>UL],EAll3[RF>UR>UL],EAll3[RF>UR>UL],51,0,9,1,F U' R' L F2 L' R U' F'
rubiks-7,EdgeBlock3Cycle-PC,EdgeBlock3Cycle-PC#00,EAll3[RF>UR>LU],EAll3[RF>UR>LU],EAll3[RF>UR>LU],3,2,10,1,U F' U' B F' L F L' B' F
rubiks-7,EdgeBlock3Cycle-PD,EdgeBlock3Cycle-PD#00,EAll3[RF>RU>UL],EAll3[RF>RU>UL],EAll3[RF>RU>UL],3,2,10,1,F B' R' F' R F' B U' F U
rubiks-7,EdgeBlock3Cycle-PE,EdgeBlock3Cycle-PE#00,EAll3[RF>LU>RU],EAll3[RF>LU>RU],EAll3[RF>LU>RU],51,2,8,1,F2 L' F2 D2 B2 R' B2 D2
rubiks-7,EdgeBlock3Cycle-PF,EdgeBlock3Cycle-PF#00,EAll3[RF>UL>UR],EAll3[RF>UL>UR],EAll3[RF>UL>UR],51,0,9,1,F U R' L F2 L' R U F'
rubiks-7,EdgeBlock3Cycle-PG,EdgeBlock3Cycle-PG#00,EAll3[RF>LU>UR],EAll3[RF>LU>UR],EAll3[RF>LU>UR],3,2,10,1,F' B L F' L' F B' U F U'
rubiks-7,EdgeBlock3Cycle-PH,EdgeBlock3Cycle-PH#00,EAll3[RF>UL>RU],EAll3[RF>UL>RU],EAll3[RF>UL>RU],3,2,10,1,U' F' U B' F R' F R B F'
rubiks-7,EdgeBlock3Cycle-QA,EdgeBlock3Cycle-QA#00,EAll3[DR>FR>UB],EAll3[DR>FR>UB],EAll3[DR>FR>UB],51,2,10,1,R U' R' U' R' U' R U R U
rubiks-7,EdgeBlock3Cycle-QB,EdgeBlock3Cycle-QB#00,EAll3[DR>RF>BU],EAll3[DR>RF>BU],EAll3[DR>RF>BU],51,2,13,1,U' R F U' R' L F2 L' R U' F' R' U
rubiks-7,EdgeBlock3Cycle-QC,EdgeBlock3Cycle-QC#00,EAll3[DR>RF>UB],EAll3[DR>RF>UB],EAll3[DR>RF>UB],51,0,9,1,D B D' U R2 U' D B D'
rubiks-7,EdgeBlock3Cycle-QD,EdgeBlock3Cycle-QD#00,EAll3[DR>FR>BU],EAll3[DR>FR>BU],EAll3[DR>FR>BU],51,2,10,1,B R B R B' R' B' R' B' R
rubiks-7,EdgeBlock3Cycle-QE,EdgeBlock3Cycle-QE#00,EAll3[DR>UB>FR],EAll3[DR>UB>FR],EAll3[DR>UB>FR],51,2,10,1,U' R' U' R' U R U R U R'
rubiks-7,EdgeBlock3Cycle-QF,EdgeBlock3Cycle-QF#00,EAll3[DR>BU>RF],EAll3[DR>BU>RF],EAll3[DR>BU>RF],51,2,13,1,U' R F U R' L F2 L' R U F' R' U
rubiks-7,EdgeBlock3Cycle-QG,EdgeBlock3Cycle-QG#00,EAll3[DR>UB>RF],EAll3[DR>UB>RF],EAll3[DR>UB>RF],51,0,9,1,D B' D' U R2 U' D B' D'
rubiks-7,EdgeBlock3Cycle-QH,EdgeBlock3Cycle-QH#00,EAll3[DR>BU>FR],EAll3[DR>BU>FR],EAll3[DR>BU>FR],51,2,10,1,R' B R B R B R' B' R' B'
rubiks-7,EdgeBlock3Cycle-RA,EdgeBlock3Cycle-RA#00,EAll3[DL>FR>UR],EAll3[DL>FR>UR],EAll3[DL>FR>UR],99,2,9,1,L' D2 B2 U2 R B2 D2 F2 L2
rubiks-7,EdgeBlock3Cycle-RB,EdgeBlock3Cycle-RB#00,EAll3[DL>RF>UR],EAll3[DL>RF>UR],EAll3[DL>RF>UR],51,0,11,1,L2 F U' R' L F2 L' R U' F' L2
rubiks-7,EdgeBlock3Cycle-RC,EdgeBlock3Cycle-RC#00,EAll3[DL>FR>RU],EAll3[DL>FR>RU],EAll3[DL>FR>RU],3,2,12,1,L2 U F' U' B F' L F L' B' F L2
rubiks-7,EdgeBlock3Cycle-RD,EdgeBlock3Cycle-RD#00,EAll3[DL>RF>RU],EAll3[DL>RF>RU],EAll3[DL>RF>RU],3,2,11,1,D2 F' B R' F R B' F D' F' D'
rubiks-7,EdgeBlock3Cycle-RE,EdgeBlock3Cycle-RE#00,EAll3[DL>UR>FR],EAll3[DL>UR>FR],EAll3[DL>UR>FR],99,2,9,1,L2 F2 D2 B2 R' U2 B2 D2 L
rubiks-7,EdgeBlock3Cycle-RF,EdgeBlock3Cycle-RF#00,EAll3[DL>UR>RF],EAll3[DL>UR>RF],EAll3[DL>UR>RF],51,0,11,1,L2 F U R' L F2 L' R U F' L2
rubiks-7,EdgeBlock3Cycle-RG,EdgeBlock3Cycle-RG#00,EAll3[DL>RU>FR],EAll3[DL>RU>FR],EAll3[DL>RU>FR],3,2,12,1,L2 F' B L F' L' F B' U F U' L2
rubiks-7,EdgeBlock3Cycle-RH,EdgeBlock3Cycle-RH#00,EAll3[DL>RU>RF],EAll3[DL>RU>RF],EAll3[DL>RU>RF],3,2,11,1,D F D F' B R' F' R B' F D2
rubiks-7,EdgeBlock3Cycle-UA,EdgeBlock3Cycle-UA#00,EAll3[UF>RU>LU],EAll3[UF>RU>LU],EAll3[UF>RU>LU],51,2,9,1,F D2 B2 R B2 D2 F2 L F
rubiks-7,EdgeBlock3Cycle-UB,EdgeBlock3Cycle-UB#00,EAll3[UF>UR>UL],EAll3[UF>UR>UL],EAll3[UF>UR>UL],51,0,9,1,F2 U' L R' F2 L' R U' F2
rubiks-7,EdgeBlock3Cycle-UC,EdgeBlock3Cycle-UC#00,EAll3[UF>UR>LU],EAll3[UF>UR>LU],EAll3[UF>UR>LU],3,2,10,1,F U F' U' B F' L F L' B'
rubiks-7,EdgeBlock3Cycle-UD,EdgeBlock3Cycle-UD#00,EAll3[UF>RU>UL],EAll3[UF>RU>UL],EAll3[UF>RU>UL],3,2,10,1,B' R' F R B F' U' F' U F
rubiks-7,EdgeBlock3Cycle-UE,EdgeBlock3Cycle-UE#00,EAll3[UF>LU>RU],EAll3[UF>LU>RU],EAll3[UF>LU>RU],51,2,9,1,F' L' F2 D2 B2 R' B2 D2 F'
rubiks-7,EdgeBlock3Cycle-UF,EdgeBlock3Cycle-UF#00,EAll3[UF>UL>UR],EAll3[UF>UL>UR],EAll3[UF>UL>UR],51,0,9,1,F2 U R' L F2 R L' U F2
rubiks-7,EdgeBlock3Cycle-UG,EdgeBlock3Cycle-UG#00,EAll3[UF>LU>UR],EAll3[UF>LU>UR],EAll3[UF>LU>UR],3,2,10,1,B L F' L' F B' U F U' F'
rubiks-7,EdgeBlock3Cycle-UH,EdgeBlock3Cycle-UH#00,EAll3[UF>UL>RU],EAll3[UF>UL>RU],EAll3[UF>UL>RU],3,2,10,1,F' U' F U F B' R' F' R B
rubiks-7,EdgeBlock3Cycle-VA,EdgeBlock3Cycle-VA#00,EAll3[DF>RU>LU],EAll3[DF>RU>LU],EAll3[DF>RU>LU],51,2,9,1,F' D2 B2 R B2 D2 F2 L F'
rubiks-7,EdgeBlock3Cycle-VB,EdgeBlock3Cycle-VB#00,EAll3[DF>UR>UL],EAll3[DF>UR>UL],EAll3[DF>UR>UL],51,0,7,1,U' R' L F2 L' R U'
rubiks-7,EdgeBlock3Cycle-VC,EdgeBlock3Cycle-VC#00,EAll3[DF>UR>LU],EAll3[DF>UR>LU],EAll3[DF>UR>LU],3,2,10,1,F U F U' F' B L F' L' B'
rubiks-7,EdgeBlock3Cycle-VD,EdgeBlock3Cycle-VD#00,EAll3[DF>RU>UL],EAll3[DF>RU>UL],EAll3[DF>RU>UL],3,2,10,1,B' R' F' R F' B U' F U F
rubiks-7,EdgeBlock3Cycle-VE,EdgeBlock3Cycle-VE#00,EAll3[DF>LU>RU],EAll3[DF>LU>RU],EAll3[DF>LU>RU],51,2,9,1,F L' F2 D2 B2 R' B2 D2 F
rubiks-7,EdgeBlock3Cycle-VF,EdgeBlock3Cycle-VF#00,EAll3[DF>UL>UR],EAll3[DF>UL>UR],EAll3[DF>UL>UR],51,0,7,1,U R' L F2 L' R U
rubiks-7,EdgeBlock3Cycle-VG,EdgeBlock3Cycle-VG#00,EAll3[DF>LU>UR],EAll3[DF>LU>UR],EAll3[DF>LU>UR],3,2,10,1,B L F L' B' F U F' U' F'
rubiks-7,EdgeBlock3Cycle-VH,EdgeBlock3Cycle-VH#00,EAll3[DF>UL>RU],EAll3[DF>UL>RU],EAll3[DF>UL>RU],3,2,10,1,F' U' F' U B' F R' F R B
rubiks-7,EdgeBlock3Cycle-YA,EdgeBlock3Cycle-YA#00,EAll3[RF>RU>FU],EAll3[RF>RU>FU],EAll3[RF>RU>FU],51,2,11,1,U' R' U' R' U' R' U R U R U2
rubiks-7,EdgeBlock3Cycle-YB,EdgeBlock3Cycle-YB#00,EAll3[RF>UR>FU],EAll3[RF>UR>FU],EAll3[RF>UR>FU],3,2,16,1,R' U R U F' U' B F' L F L' B' F R' U' R
rubiks-7,EdgeBlock3Cycle-YC,EdgeBlock3Cycle-YC#00,EAll3[RF>FU>RU],EAll3[RF>FU>RU],EAll3[RF>FU>RU],51,2,11,1,U2 R' U' R' U' R U R U R U
rubiks-7,EdgeBlock3Cycle-YD,EdgeBlock3Cycle-YD#00,EAll3[RF>FU>UR],EAll3[RF>FU>UR],EAll3[RF>FU>UR],3,2,16,1,R' U R F' B L F' L' F B' U F U' R' U' R
rubiks-7,EdgeCornerSwap-X-A,EdgeCornerSwap-X-A#00,C2[UBR>RFU]+EAll2s[UL<>UR],C2[UBR>RFU]+EAll2s[UL<>UR],C2[UBR>RFU]+EAll2s[UL<>UR],28,2,10,1,F R' F D2 B' L B D2 F2 R
rubiks-7,EdgeCornerSwap-X-B,EdgeCornerSwap-X-B#00,C2[UBR>BUL]+EAll2[UB>FU],C2[UBR>BUL]+EAll2[UB>FU],C2[UBR>BUL]+EAll2[UB>FU],28,4,14,1,L R' F R' F' R2 U' R' F' U' F R U L'
rubiks-7,EdgeCornerSwap-X-C,EdgeCornerSwap-X-C#00,C2[DLF>LUF]+EAll2s[FL<>UL],C2[DLF>LUF]+EAll2s[FL<>UL],C2[DLF>LUF]+EAll2s[FL<>UL],28,2,10,1,F2 R F R' F D2 B' L B D2
rubiks-7,EdgeCornerSwap-X-D,EdgeCornerSwap-X-D#00,C2s[UFL<>URF]+EAll2[UF>LU],C2s[UFL<>URF]+EAll2[UF>LU],C2s[UFL<>URF]+EAll2[UF>LU],28,2,11,1,F R F R' F D2 B' L B D2 F
rubiks-7,EdgeCornerSwap-X-E,EdgeCornerSwap-X-E#00,C2[DFR>RFU]+EAll2[RF>LU],C2[DFR>RFU]+EAll2[RF>LU],C2[DFR>RFU]+EAll2[RF>LU],28,4,10,1,R F R' F D2 B' L B D2 F2
rubiks-7,EdgeCornerSwap-X-F,EdgeCornerSwap-X-F#00,C2s[DFR<>DLF]+EAll2[DF>LU],C2s[DFR<>DLF]+EAll2[DF>LU],C2s[DFR<>DLF]+EAll2[DF>LU],28,2,11,1,F' R F R' F D2 B' L B D2 F'
rubiks-7,EdgeCornerSwap-X-G,EdgeCornerSwap-X-G#00,C2[DFR>RBD]+EAll2s[DR<>UL],C2[DFR>RBD]+EAll2s[DR<>UL],C2[DFR>RBD]+EAll2s[DR<>UL],28,2,11,1,R2 F R' F D2 B' L B D2 F2 R'
rubiks-7,EdgeCornerSwap-X-H,EdgeCornerSwap-X-H#00,C2s[DFR<>DLF]+EAll2[DF>BU],C2s[DFR<>DLF]+EAll2[DF>BU],C2s[DFR<>DLF]+EAll2[DF>BU],28,2,12,1,F2 U' F' U F R U' R' F' L F' L'
rubiks-7,EdgeCornerSwap-Y-A,EdgeCornerSwap-Y-A#00,C2s[UBR<>URF]+EAll2s[UL<>UR],C2s[UBR<>URF]+EAll2s[UL<>UR],C2s[UBR<>URF]+EAll2s[UL<>UR],28,0,14,1,R U R' U' R' F R2 U' R' U' R U R' F'
rubiks-7,EdgeCornerSwap-Y-B,EdgeCornerSwap-Y-B#00,C2s[UFL<>URF]+EAll2[UB>FU],C2s[UFL<>URF]+EAll2[UB>FU],C2s[UFL<>URF]+EAll2[UB>FU],28,2,12,1,F R' F' R2 U' R' F' U' F R U R'
rubiks-7,EdgeCornerSwap-Y-C,EdgeCornerSwap-Y-C#00,C2[DLF>FLU]+EAll2s[FL<>UL],C2[DLF>FLU]+EAll2s[FL<>UL],C2[DLF>FLU]+EAll2s[FL<>UL],28,2,17,1,F2 R2 U R' U' R' F R2 U' R' U' R U R' F' R' F2
rubiks-7,EdgeCornerSwap-Y-D,EdgeCornerSwap-Y-D#00,C2[UFL>FUR]+EAll2[UF>LU],C2[UFL>FUR]+EAll2[UF>LU],C2[UFL>FUR]+EAll2[UF>LU],28,4,17,1,F R2 U R' U' R' F R2 U' R' U' R U R' F' R' F'
rubiks-7,EdgeCornerSwap-Y-E,EdgeCornerSwap-Y-E#00,C2[DFR>FUR]+EAll2[RF>LU],C2[DFR>FUR]+EAll2[RF>LU],C2[DFR>FUR]+EAll2[RF>LU],28,4,15,1,R2 U R' U' R' F R2 U' R' U' R U R' F' R'
rubiks-7,EdgeCornerSwap-Y-F,EdgeCornerSwap-Y-F#00,C2[DFR>FDL]+EAll2[DF>LU],C2[DFR>FDL]+EAll2[DF>LU],C2[DFR>FDL]+EAll2[DF>LU],28,4,17,1,F' R2 U R' U' R' F R2 U' R' U' R U R' F' R' F
rubiks-7,EdgeCornerSwap-Y-G,EdgeCornerSwap-Y-G#00,C2s[DFR<>DRB]+EAll2s[DR<>UL],C2s[DFR<>DRB]+EAll2s[DR<>UL],C2s[DFR<>DRB]+EAll2s[DR<>UL],28,0,15,1,R' U R' U' R' F R2 U' R' U' R U R' F' R2
rubiks-7,EdgeCornerSwap-Y-H,EdgeCornerSwap-Y-H#00,C2[DRB>BRU]+EAll2[BR>LF],C2[DRB>BRU]+EAll2[BR>LF],C2[DRB>BRU]+EAll2[BR>LF],28,4,22,1,R' U' F U R U R' U' R' F R2 U' R' U' R U R' F' U' F' U R
rubiks-7,EdgeCornerSwap-Z-A,EdgeCornerSwap-Z-A#00,C2[UBR>FUR]+EAll2s[UL<>UR],C2[UBR>FUR]+EAll2s[UL<>UR],C2[UBR>FUR]+EAll2s[UL<>UR],52,2,15,1,D2 R' B R D2 U2 B' U2 B U2 L2 F L F' L
rubiks-7,EdgeCornerSwap-Z-B,EdgeCornerSwap-Z-B#00,C2[UBR>LBU]+EAll2[UB>FU],C2[UBR>LBU]+EAll2[UB>FU],C2[UBR>LBU]+EAll2[UB>FU],52,4,20,1,F' U L' D2 R' B R D2 U2 B' U2 B U2 L2 F L F' L2 U' F
rubiks-7,EdgeCornerSwap-Z-C,EdgeCornerSwap-Z-C#00,C2[UFL>BUL]+EAll2[LB>LU],C2[UFL>BUL]+EAll2[LB>LU],C2[UFL>BUL]+EAll2[LB>LU],52,4,17,1,U2 L D2 R' B R D2 U2 B' U2 B U2 L2 F L F' U2
rubiks-7,EdgeCornerSwap-Z-D,EdgeCornerSwap-Z-D#00,C2[UBR>LBU]+EAll2[LB>BU],C2[UBR>LBU]+EAll2[LB>BU],C2[UBR>LBU]+EAll2[LB>BU],52,4,17,1,U L D2 R' B R D2 U2 B' U2 B U2 L2 F L F' U'
rubiks-7,EdgeCornerSwap-Z-E,EdgeCornerSwap-Z-E#00,C2[UBR>FUR]+EAll2[LB>RU],C2[UBR>FUR]+EAll2[LB>RU],C2[UBR>FUR]+EAll2[LB>RU],52,4,15,1,L D2 R' B R D2 U2 B' U2 B U2 L2 F L F'
rubiks-7,EdgeCornerSwap-Z-F,EdgeCornerSwap-Z-F#00,C2[UFL>RFU]+EAll2[LB>FU],C2[UFL>RFU]+EAll2[LB>FU],C2[UFL>RFU]+EAll2[LB>FU],52,4,17,1,U' L D2 R' B R D2 U2 B' U2 B U2 L2 F L F' U
rubiks-7,EdgeCornerSwap-Z-G,EdgeCornerSwap-Z-G#00,C2[UBR>FUR]+EAll2s[DL<>UR],C2[UBR>FUR]+EAll2s[DL<>UR],C2[UBR>FUR]+EAll2s[DL<>UR],52,2,16,1,L2 D2 R' B R D2 U2 B' U2 B U2 L2 F L F' L'
rubiks-7,EdgeCornerSwap-Z-H,EdgeCornerSwap-Z-H#00,C2[UBR>LBU]+EAll2[DF>BU],C2[UBR>LBU]+EAll2[DF>BU],C2[UBR>LBU]+EAll2[DF>BU],52,4,20,1,F U L' D2 R' B R D2 U2 B' U2 B U2 L2 F L F' L2 U' F'
rubiks-7,EdgeFlip2-A,EdgeFlip2-A#00,EAll2[UL>LU;UR>RU],EAll2[UL>LU;UR>RU],EAll2[UL>LU;UR>RU],2,2,15,1,R' U' F' U F2 U2 F' B' R' F R B U2 F' R
rubiks-7,EdgeFlip2-B,EdgeFlip2-B#00,EAll2[UF>FU;UR>RU],EAll2[UF>FU;UR>RU],EAll2[UF>FU;UR>RU],2,2,13,1,L F R' F' L' U2 R U R U' R2 U2 R
rubiks-7,EdgeFlip2-C,EdgeFlip2-C#00,EAll2[DF>FD;UR>RU],EAll2[DF>FD;UR>RU],EAll2[DF>FD;UR>RU],2,2,13,1,R' F' R F2 R2 F' B' D' F D B R2 F'
rubiks-7,EdgeFlip2-D,EdgeFlip2-D#00,EAll2[DL>LD;UR>RU],EAll2[DL>LD;UR>RU],EAll2[DL>LD;UR>RU],2,2,15,1,D R' F' R F2 R2 F' B' D' F D B R2 F' D'
rubiks-7,EdgeFlip4-E,EdgeFlip4-E#00,EAll4[UB>BU;UF>FU;UL>LU;UR>RU],EAll4[UB>BU;UF>FU;UL>LU;UR>RU],EAll4[UB>BU;UF>FU;UL>LU;UR>RU],4,4,14,1,F' U2 F U' R U B L U2 L' U B' U' R'
rubiks-7,EdgeFlip4-F,EdgeFlip4-F#00,EAll4[DB>BD;DF>FD;UB>BU;UF>FU],EAll4[DB>BD;DF>FD;UB>BU;UF>FU],EAll4[DB>BD;DF>FD;UB>BU;UF>FU],4,4,19,1,U B2 F U2 F U' R U B L U2 L' U B' U' R' B2 F2 U'
rubiks-7,EdgeFlip4-G,EdgeFlip4-G#00,EAll4[DB>BD;DF>FD;UL>LU;UR>RU],EAll4[DB>BD;DF>FD;UL>LU;UR>RU],EAll4[DB>BD;DF>FD;UL>LU;UR>RU],4,4,17,1,B2 F U2 F U' R U B L U2 L' U B' U' R' B2 F2
rubiks-7,EdgePK-A00,EdgePK-A00#00,W2-3[UL@F>UR@F>UR@B]~v01,W2-3[UL@F>UR@F>UR@B]~v01,W2-3[UL@F>UR@F>UR@B],3,2,10,4,2F' L 2D L' U2 L 2D' L' U2 2F
rubiks-7,EdgePK-A01,EdgePK-A01#00,W2-3[UL@F>UR@B>UR@F]~v01,W2-3[UL@F>UR@B>UR@F]~v01,W2-3[UL@F>UR@B>UR@F],3,2,10,4,2F' U2 L 2D L' U2 L 2D' L' 2F
rubiks-7,EdgePK-A02,EdgePK-A02#00,W2-3[UL@F>UR@F>UR@B]~v02,W2-3[UL@F>UR@F>UR@B]~v02,W2-3[UL@F>UR@F>UR@B],3,2,10,4,2F' L' 2U L U2 L' 2U' L U2 2F
rubiks-7,EdgePK-A03,EdgePK-A03#00,W2-3[UL@F>UR@B>UR@F]~v02,W2-3[UL@F>UR@B>UR@F]~v02,W2-3[UL@F>UR@B>UR@F],3,2,10,4,2F' U2 L' 2U L U2 L' 2U' L 2F
rubiks-7,EdgePK-A04,EdgePK-A04#00,W2-3[UL@F>UR@F>UR@B]~v03,W2-3[UL@F>UR@F>UR@B]~v03,W2-3[UL@F>UR@F>UR@B],3,2,10,4,2F2 R2 D' 2L' D R2 D' 2L D 2F2
rubiks-7,EdgePK-A05,EdgePK-A05#00,W2-3[UL@F>UR@B>UR@F]~v03,W2-3[UL@F>UR@B>UR@F]~v03,W2-3[UL@F>UR@B>UR@F],3,2,10,4,2F2 D' 2L' D R2 D' 2L D R2 2F2
rubiks-7,EdgePK-A06,EdgePK-A06#00,W2-3[UL@F>UR@F>UR@B]~v04,W2-3[UL@F>UR@F>UR@B]~v04,W2-3[UL@F>UR@F>UR@B],3,2,10,4,2F2 R2 D 2R' D' R2 D 2R D' 2F2
rubiks-7,EdgePK-A07,EdgePK-A07#00,W2-3[UL@F>UR@B>UR@F]~v04,W2-3[UL@F>UR@B>UR@F]~v04,W2-3[UL@F>UR@B>UR@F],3,2,10,4,2F2 D 2R' D' R2 D 2R D' R2 2F2
rubiks-7,EdgePK-A08,EdgePK-A08#00,W2-3[UL@B>UR@B>UR@F],W2-3[UL@B>UR@B>UR@F],W2-3[UL@B>UR@B>UR@F],3,2,10,1,2B2 R2 D 2L D' R2 D 2L' D' 2B2
rubiks-7,EdgePK-A09,EdgePK-A09#00,W2-3[UL@B>UR@F>UR@B],W2-3[UL@B>UR@F>UR@B],W2-3[UL@B>UR@F>UR@B],3,2,10,1,2B2 D 2L D' R2 D 2L' D' R2 2B2
rubiks-7,EdgePK-D00,EdgePK-D00#00,W2-3[DL@B>UR@B>UR@F]~v01,W2-3[DL@B>UR@B>UR@F]~v01,W2-3[DL@B>UR@B>UR@F],3,2,12,2,2B2 U' 2R B2 2R' U 2B2 U' 2R B2 2R' U
rubiks-7,EdgePK-D01,EdgePK-D01#00,W2-3[DL@B>UR@F>UR@B]~v01,W2-3[DL@B>UR@F>UR@B]~v01,W2-3[DL@B>UR@F>UR@B],3,2,12,2,U' 2R B2 2R' U 2B2 U' 2R B2 2R' U 2B2
rubiks-7,EdgePK-D02,EdgePK-D02#00,W2-3[DL@B>UR@B>UR@F]~v02,W2-3[DL@B>UR@B>UR@F]~v02,W2-3[DL@B>UR@B>UR@F],3,2,12,2,2B2 U2 2F U2 2F' U2 2B2 U2 2F U2 2F' U2
rubiks-7,EdgePK-D03,EdgePK-D03#00,W2-3[DL@B>UR@F>UR@B]~v02,W2-3[DL@B>UR@F>UR@B]~v02,W2-3[DL@B>UR@F>UR@B],3,2,12,2,U2 2F U2 2F' U2 2B2 U2 2F U2 2F' U2 2B2
rubiks-7,L2E-FB0,L2E-FB0#00,W2-4s[UF@L<>UF@R;UR@B<>UR@F],W2-4s[UF@L<>UF@R;UR@B<>UR@F],W2-4s[UF@L<>UF@R;UR@B<>UR@F],4,4,16,1,R B 2L F2 2R2 D2 2R D2 2R F2 2L2 U2 2L U2 B' R'
rubiks-7,L2E-FC0,L2E-FC0#00,W2-4s[DF@L<>DF@R;UL@B<>UL@F],W2-4s[DF@L<>DF@R;UL@B<>UL@F],W2-4s[DF@L<>DF@R;UL@B<>UL@F],4,4,14,1,U' 2R' D2 2L2 B2 2L' B2 2L' D2 2R2 F2 2R' F2 U
rubiks-7,L2E-HB0,L2E-HB0#00,W2-4s[UF@L<>UR@B;UF@R<>UR@F],W2-4s[UF@L<>UR@B;UF@R<>UR@F],W2-4s[UF@L<>UR@B;UF@R<>UR@F],4,4,18,1,2R' F2 D' 2F2 D F2 D' 2F2 D F2 D 2B' D' F2 D 2B D' 2R
rubiks-7,L2E-HC0,L2E-HC0#00,W2-4s[DF@L<>UL@B;DF@R<>UL@F],W2-4s[DF@L<>UL@B;DF@R<>UL@F],W2-4s[DF@L<>UL@B;DF@R<>UL@F],4,4,18,1,2R F2 D' 2B D F2 D' 2B' D F2 D 2F2 D' F2 D 2F2 D' 2R'
rubiks-7,L2E-NB0,L2E-NB0#00,W2-4[UF@L>UR@F>UF@R>UR@B],W2-4[UF@L>UR@F>UF@R>UR@B],W2-4[UF@L>UR@F>UF@R>UR@B],14,2,28,1,2F D' 2L D R2 D' 2L' D R2 2F D 2R2 D' R2 D 2R2 D 2F D2 2F2 R2 2B U2 2F2 U2 R2 2B' R2
rubiks-7,L2E-NC0,L2E-NC0#00,W2-4[DF@L>UL@B>DF@R>UL@F],W2-4[DF@L>UL@B>DF@R>UL@F],W2-4[DF@L>UL@B>DF@R>UL@F],14,2,28,1,2B U' 2R U L2 U' 2R' U L2 2B U 2L' U' R2 U 2L U 2B' U2 2B2 R2 2B U2 2B2 U2 R2 2B R2
rubiks-7,L2E-OB0,L2E-OB0#00,W2-4[UF@L>UF@R>UR@F>UR@B],W2-4[UF@L>UF@R>UR@F>UR@B],W2-4[UF@L>UF@R>UR@F>UR@B],14,4,19,1,R B 2R' U2 2R' U2 B2 2R' B2 2R' F2 2L2 F2 2R U2 2R2 U2 B' R'
rubiks-7,L2E-OB1,L2E-OB1#00,W2-4[UF@L>UR@B>UR@F>UF@R],W2-4[UF@L>UR@B>UR@F>UF@R],W2-4[UF@L>UR@B>UR@F>UF@R],14,4,19,1,R B U2 2R2 U2 2R' F2 2L2 F2 2R B2 2R B2 U2 2R U2 2R B' R'
rubiks-7,L2E-OC0,L2E-OC0#00,W2-4[DF@L>UL@B>UL@F>DF@R],W2-4[DF@L>UL@B>UL@F>DF@R],W2-4[DF@L>UL@B>UL@F>DF@R],34,4,13,1,U' 2L2 F2 2L' F2 B2 2R F2 B2 2L' F2 2L2 U
rubiks-7,L2E-OC1,L2E-OC1#00,W2-4[DF@L>DF@R>UL@F>UL@B],W2-4[DF@L>DF@R>UL@F>UL@B],W2-4[DF@L>DF@R>UL@F>UL@B],34,4,13,1,U' 2L2 F2 2L B2 F2 2R' B2 F2 2L F2 2L2 U
rubiks-7,L2E-XB0,L2E-XB0#00,W2-4s[UF@L<>UR@F;UF@R<>UR@B],W2-4s[UF@L<>UR@F;UF@R<>UR@B],W2-4s[UF@L<>UR@F;UF@R<>UR@B],4,0,18,1,2R' F2 D 2B' D' F2 D 2B D' F2 D' 2F2 D F2 D' 2F2 D 2R
rubiks-7,L2E-XC0,L2E-XC0#00,W2-4s[DF@L<>UL@F;DF@R<>UL@B],W2-4s[DF@L<>UL@F;DF@R<>UL@B],W2-4s[DF@L<>UL@F;DF@R<>UL@B],4,0,18,1,2R F2 D 2F2 D' F2 D 2F2 D' F2 D' 2B D F2 D' 2B' D 2R'
rubiks-7,L2E-ZB0,L2E-ZB0#00,W2-4[UF@L>UF@R>UR@B>UR@F],W2-4[UF@L>UF@R>UR@B>UR@F],W2-4[UF@L>UF@R>UR@B>UR@F],34,2,15,1,R B 2R2 U2 2R U2 D2 2L' U2 D2 2R U2 2R2 B' R'
rubiks-7,L2E-ZB1,L2E-ZB1#00,W2-4[UF@L>UR@F>UR@B>UF@R],W2-4[UF@L>UR@F>UR@B>UF@R],W2-4[UF@L>UR@F>UR@B>UF@R],34,2,15,1,R B 2R2 U2 2R' D2 U2 2L D2 U2 2R' U2 2R2 B' R'
rubiks-7,L2E-ZC0,L2E-ZC0#00,W2-4[DF@L>UL@F>UL@B>DF@R],W2-4[DF@L>UL@F>UL@B>DF@R],W2-4[DF@L>UL@F>UL@B>DF@R],14,2,17,1,U' 2L F2 2L F2 U2 2L U2 2L D2 2R2 D2 2L' F2 2L2 F2 U
rubiks-7,L2E-ZC1,L2E-ZC1#00,W2-4[DF@L>DF@R>UL@B>UL@F],W2-4[DF@L>DF@R>UL@B>UL@F],W2-4[DF@L>DF@R>UL@B>UL@F],14,2,17,1,U' F2 2L2 F2 2L D2 2R2 D2 2L' U2 2L' U2 F2 2L' F2 2L' U
rubiks-7,L2FA,L2FA#00,W2-4s[UL@B<>UL@F;UR@B<>UR@F]~v01,W2-4s[UL@B<>UL@F;UR@B<>UR@F]~v01,W2-4s[UL@B<>UL@F;UR@B<>UR@F],4,4,12,2,2B L2 2F2 D2 2F D2 2F L2 2B2 U2 2B U2
rubiks-7,L2FA1,L2FA1#00,W2-4s[UL@B<>UL@F;UR@B<>UR@F]~v02,W2-4s[UL@B<>UL@F;UR@B<>UR@F]~v02,W2-4s[UL@B<>UL@F;UR@B<>UR@F],4,4,12,2,2B L2 2F2 D2 2F D2 2B' L2 2F2 U2 2F' U2
rubiks-7,L2FD,L2FD#00,W2-4s[DL@B<>DL@F;UR@B<>UR@F]~v01,W2-4s[DL@B<>DL@F;UR@B<>UR@F]~v01,W2-4s[DL@B<>DL@F;UR@B<>UR@F],4,4,14,2,L2 2B L2 2F2 D2 2F D2 2F L2 2B2 U2 2B U2 L2
rubiks-7,L2FD1,L2FD1#00,W2-4s[DL@B<>DL@F;UR@B<>UR@F]~v02,W2-4s[DL@B<>DL@F;UR@B<>UR@F]~v02,W2-4s[DL@B<>DL@F;UR@B<>UR@F],4,4,14,2,U2 2F U2 2B2 R2 2B R2 2F' U2 2B2 L2 2B' L2 U2
rubiks-7,L2HA,L2HA#00,W2-4s[UL@B<>UR@B;UL@F<>UR@F],W2-4s[UL@B<>UR@B;UL@F<>UR@F],W2-4s[UL@B<>UR@B;UL@F<>UR@F],44,4,14,1,R2 2F R2 2B R2 L2 2F 2B' L2 R2 2B R2 2B R2
rubiks-7,L2HD,L2HD#00,W2-4s[DL@B<>UR@B;DL@F<>UR@F],W2-4s[DL@B<>UR@B;DL@F<>UR@F],W2-4s[DL@B<>UR@B;DL@F<>UR@F],24,0,9,1,L2 2B2 L2 U2 2B2 U2 L2 2B2 L2
rubiks-7,L2NA,L2NA#00,W2-4[UL@B>UR@B>UL@F>UR@F]~v01,W2-4[UL@B>UR@B>UL@F>UR@F]~v01,W2-4[UL@B>UR@B>UL@F>UR@F],14,2,15,2,2F2 R2 2F' U2 2F' U2 R2 2F' R2 2F R2 2F' R2 2F2 R2
rubiks-7,L2NA1,L2NA1#00,W2-4[UL@B>UR@B>UL@F>UR@F]~v02,W2-4[UL@B>UR@B>UL@F>UR@F]~v02,W2-4[UL@B>UR@B>UL@F>UR@F],14,2,15,2,2B2 D2 2F U2 2B L2 2F' L2 U2 2B' R2 2F R2 D2 2B2
rubiks-7,L2NA2,L2NA2#00,W2-4[UL@B>UR@F>UL@F>UR@B],W2-4[UL@B>UR@F>UL@F>UR@B],W2-4[UL@B>UR@F>UL@F>UR@B],14,2,15,1,2B2 D2 R2 2F' R2 2B U2 L2 2F L2 2B' U2 2F' D2 2B2
rubiks-7,L2ND,L2ND#00,W2-4[DL@B>UR@F>DL@F>UR@B],W2-4[DL@B>UR@F>DL@F>UR@B],W2-4[DL@B>UR@F>DL@F>UR@B],14,2,15,1,2F2 D2 2F D2 2F' D2 2F D2 R2 2F R2 2F D2 2F2 D2
rubiks-7,L2OA,L2OA#00,W2-4[UL@B>UR@B>UR@F>UL@F],W2-4[UL@B>UR@B>UR@F>UL@F],W2-4[UL@B>UR@B>UR@F>UL@F],34,4,11,1,2B2 U2 2B' U2 D2 2F D2 U2 2B' U2 2B2
rubiks-7,L2OD,L2OD#00,W2-4[DL@B>DL@F>UR@F>UR@B],W2-4[DL@B>DL@F>UR@F>UR@B],W2-4[DL@B>DL@F>UR@F>UR@B],14,2,16,1,2B2 U2 2B' U2 2B U2 2B' U2 2B' U2 2B L2 2B' L2 2B U2
rubiks-7,L2XA,L2XA#00,W2-4s[UL@B<>UR@F;UL@F<>UR@B]~v01,W2-4s[UL@B<>UR@F;UL@F<>UR@B]~v01,W2-4s[UL@B<>UR@F;UL@F<>UR@B],24,0,7,2,2B2 L2 U2 2B2 U2 L2 2B2
rubiks-7,L2XA1,L2XA1#00,W2-4s[UL@B<>UR@F;UL@F<>UR@B]~v02,W2-4s[UL@B<>UR@F;UL@F<>UR@B]~v02,W2-4s[UL@B<>UR@F;UL@F<>UR@B],24,0,7,2,2B2 R2 D2 2F2 D2 R2 2B2
rubiks-7,L2XD,L2XD#00,W2-4s[DL@B<>UR@F;DL@F<>UR@B],W2-4s[DL@B<>UR@F;DL@F<>UR@B],W2-4s[DL@B<>UR@F;DL@F<>UR@B],44,4,12,1,2F U2 2B U2 D2 2F 2B' D2 U2 2B U2 2B
rubiks-7,L2ZA,L2ZA#00,W2-4[UL@B>UL@F>UR@B>UR@F],W2-4[UL@B>UL@F>UR@B>UR@F],W2-4[UL@B>UL@F>UR@B>UR@F],14,2,15,1,2F' U2 2F' U2 R2 2F' R2 2F' L2 2B2 L2 2F U2 2F2 U2
rubiks-7,L2ZD,L2ZD#00,W2-4[DL@B>UR@F>UR@B>DL@F],W2-4[DL@B>UR@F>UR@B>DL@F],W2-4[DL@B>UR@F>UR@B>DL@F],14,4,13,1,2B2 D2 2B R2 2B' R2 2F' U2 2B' U2 2F D2 2B2
rubiks-7,ME2[BR>RB;DF>FD]~v01,ME2[BR>RB;DF>FD]~v01#00,ME2[BR>RB;DF>FD]~v01,ME2[BR>RB;DF>FD]~v01,ME2[BR>RB;DF>FD],10,2,11,2,E F E F2 R2 E' F E' F' R2 F
rubiks-7,ME2[BR>RB;DF>FD]~v02,ME2[BR>RB;DF>FD]~v02#00,ME2[BR>RB;DF>FD]~v02,ME2[BR>RB;DF>FD]~v02,ME2[BR>RB;DF>FD],10,2,11,2,F' R2 F E F' E R2 F2 E' F' E'
rubiks-7,ME2[BR>RB;FL>LF]~v01,ME2[BR>RB;FL>LF]~v01#00,ME2[BR>RB;FL>LF]~v01,ME2[BR>RB;FL>LF]~v01,ME2[BR>RB;FL>LF],10,2,11,2,E R E R' F2 R E' R E' R2 F2
rubiks-7,ME2[BR>RB;FL>LF]~v02,ME2[BR>RB;FL>LF]~v02#00,ME2[BR>RB;FL>LF]~v02,ME2[BR>RB;FL>LF]~v02,ME2[BR>RB;FL>LF],10,2,11,2,F2 R2 E R' E R' F2 R E' R' E'
rubiks-7,ME2[UB>BU;UF>FU]~v01,ME2[UB>BU;UF>FU]~v01#00,ME2[UB>BU;UF>FU]~v01,ME2[UB>BU;UF>FU]~v01,ME2[UB>BU;UF>FU],10,2,11,2,U2 M' U M' U F2 U' M U M F2
rubiks-7,ME2[UB>BU;UF>FU]~v02,ME2[UB>BU;UF>FU]~v02#00,ME2[UB>BU;UF>FU]~v02,ME2[UB>BU;UF>FU]~v02,ME2[UB>BU;UF>FU],10,2,11,2,F2 M' U' M' U F2 U' M U' M U2
rubiks-7,ME2[UF>FU;UR>RU]~v01,ME2[UF>FU;UR>RU]~v01#00,ME2[UF>FU;UR>RU]~v01,ME2[UF>FU;UR>RU]~v01,ME2[UF>FU;UR>RU],10,2,12,2,M U M' U2 B2 M U M U' B2 U M2
rubiks-7,ME2[UF>FU;UR>RU]~v02,ME2[UF>FU;UR>RU]~v02#00,ME2[UF>FU;UR>RU]~v02,ME2[UF>FU;UR>RU]~v02,ME2[UF>FU;UR>RU],10,2,12,2,M2 U' B2 U M' U' M' B2 U2 M U' M'
rubiks-7,ME3[BR>DF>LU],ME3[BR>DF>LU]#00,ME3[BR>DF>LU],ME3[BR>DF>LU],ME3[BR>DF>LU],11,2,10,1,R' S D R2 D' S' D R2 D' R
rubiks-7,ME3[BR>FU>LU],ME3[BR>FU>LU]#00,ME3[BR>FU>LU],ME3[BR>FU>LU],ME3[BR>FU>LU],3,2,8,1,F' E2 F U' F' E2 F U
rubiks-7,ME3[BR>FU>UL],ME3[BR>FU>UL]#00,ME3[BR>FU>UL],ME3[BR>FU>UL],ME3[BR>FU>UL],11,2,7,1,L' B M' B2 M B L
rubiks-7,ME3[BR>UF>LU],ME3[BR>UF>LU]#00,ME3[BR>UF>LU],ME3[BR>UF>LU],ME3[BR>UF>LU],11,2,9,1,S' R D' M D2 M' D' R' S
rubiks-7,ME3[BR>UF>UL],ME3[BR>UF>UL]#00,ME3[BR>UF>UL],ME3[BR>UF>UL],ME3[BR>UF>UL],3,0,8,1,U L E2 L' U' L E2 L'
rubiks-7,ME3[DB>DF>FU],ME3[DB>DF>FU]#00,ME3[DB>DF>FU],ME3[DB>DF>FU],ME3[DB>DF>FU],11,2,8,1,D2 B' M B D2 B' M' B
rubiks-7,ME3[DB>DF>UF],ME3[DB>DF>UF]#00,ME3[DB>DF>UF],ME3[DB>DF>UF],ME3[DB>DF>UF],11,0,4,1,M D2 M' D2
rubiks-7,ME3[DB>FD>FU],ME3[DB>FD>FU]#00,ME3[DB>FD>FU],ME3[DB>FD>FU],ME3[DB>FD>FU],11,2,8,1,U' M' U F2 U' M U F2
rubiks-7,ME3[DB>FD>UF],ME3[DB>FD>UF]#00,ME3[DB>FD>UF],ME3[DB>FD>UF],ME3[DB>FD>UF],3,2,9,1,F' E' F' D2 F E F' D2 F2
rubiks-7,ME3[DL>DR>FU],ME3[DL>DR>FU]#00,ME3[DL>DR>FU],ME3[DL>DR>FU],ME3[DL>DR>FU],11,2,7,1,M' D M' D2 M D M
rubiks-7,ME3[DL>DR>UF],ME3[DL>DR>UF]#00,ME3[DL>DR>UF],ME3[DL>DR>UF],ME3[DL>DR>UF],11,0,5,1,D' M D2 M' D'
rubiks-7,ME3[DL>RD>FU],ME3[DL>RD>FU]#00,ME3[DL>RD>FU],ME3[DL>RD>FU],ME3[DL>RD>FU],11,2,8,1,S' U' R2 U S U' R2 U
rubiks-7,ME3[DL>RD>UF],ME3[DL>RD>UF]#00,ME3[DL>RD>UF],ME3[DL>RD>UF],ME3[DL>RD>UF],11,2,8,1,U L2 U' S U L2 U' S'
rubiks-7,ME3[DR>FL>BU],ME3[DR>FL>BU]#00,ME3[DR>FL>BU],ME3[DR>FL>BU],ME3[DR>FL>BU],11,2,7,1,B L' S L2 S' L' B'
rubiks-7,ME3[DR>FU>LU],ME3[DR>FU>LU]#00,ME3[DR>FU>LU],ME3[DR>FU>LU],ME3[DR>FU>LU],11,2,10,1,L2 U L2 U' S U L2 U' S' L2
rubiks-7,ME3[DR>FU>UL],ME3[DR>FU>UL]#00,ME3[DR>FU>UL],ME3[DR>FU>UL],ME3[DR>FU>UL],3,2,8,1,S2 R F R' S2 R F' R'
rubiks-7,ME3[DR>LU>FU],ME3[DR>LU>FU]#00,ME3[DR>LU>FU],ME3[DR>LU>FU],ME3[DR>LU>FU],11,2,10,1,L2 S U L2 U' S' U L2 U' L2
rubiks-7,ME3[DR>LU>UF],ME3[DR>LU>UF]#00,ME3[DR>LU>UF],ME3[DR>LU>UF],ME3[DR>LU>UF],11,2,9,1,D' M D S' D2 S D M' D
rubiks-7,ME3[DR>UF>LU],ME3[DR>UF>LU]#00,ME3[DR>UF>LU],ME3[DR>UF>LU],ME3[DR>UF>LU],11,2,9,1,D' M D' S' D2 S D' M' D
rubiks-7,ME3[DR>UF>UL],ME3[DR>UF>UL]#00,ME3[DR>UF>UL],ME3[DR>UF>UL],ME3[DR>UF>UL],11,0,7,1,L2 D' M D2 M' D' L2
rubiks-7,ME3[DR>UL>FU],ME3[DR>UL>FU]#00,ME3[DR>UL>FU],ME3[DR>UL>FU],ME3[DR>UL>FU],3,2,8,1,R F R' S2 R F' R' S2
rubiks-7,ME3[DR>UL>UF],ME3[DR>UL>UF]#00,ME3[DR>UL>UF],ME3[DR>UL>UF],ME3[DR>UL>UF],11,0,7,1,L2 D M D2 M' D L2
rubiks-7,ME3[FL>LU>RU],ME3[FL>LU>RU]#00,ME3[FL>LU>RU],ME3[FL>LU>RU],ME3[FL>LU>RU],11,2,7,1,S R E R2 E' R S'
rubiks-7,ME3[FL>LU>UR],ME3[FL>LU>UR]#00,ME3[FL>LU>UR],ME3[FL>LU>UR],ME3[FL>LU>UR],11,2,8,1,S L' U2 L S' L' U2 L
rubiks-7,ME3[FL>RU>LU],ME3[FL>RU>LU]#00,ME3[FL>RU>LU],ME3[FL>RU>LU],ME3[FL>RU>LU],11,2,7,1,S R' E R2 E' R' S'
rubiks-7,ME3[FL>RU>UL],ME3[FL>RU>UL]#00,ME3[FL>RU>UL],ME3[FL>RU>UL],ME3[FL>RU>UL],3,2,8,1,U M' U' L' U M U' L
rubiks-7,ME3[FL>UL>RU],ME3[FL>UL>RU]#00,ME3[FL>UL>RU],ME3[FL>UL>RU],ME3[FL>UL>RU],3,2,8,1,L' U M' U' L U M U'
rubiks-7,ME3[FL>UL>UR],ME3[FL>UL>UR]#00,ME3[FL>UL>UR],ME3[FL>UL>UR],ME3[FL>UL>UR],11,0,8,1,R' E R2 E' R S R2 S'
rubiks-7,ME3[FL>UR>LU],ME3[FL>UR>LU]#00,ME3[FL>UR>LU],ME3[FL>UR>LU],ME3[FL>UR>LU],11,2,8,1,L' U2 L S L' U2 L S'
rubiks-7,ME3[FL>UR>UL],ME3[FL>UR>UL]#00,ME3[FL>UR>UL],ME3[FL>UR>UL],ME3[FL>UR>UL],11,0,8,1,S R2 S' R' E R2 E' R
rubiks-7,ME3[RF>FU>LU],ME3[RF>FU>LU]#00,ME3[RF>FU>LU],ME3[RF>FU>LU],ME3[RF>FU>LU],3,2,8,1,U L' E2 L U' L' E2 L
rubiks-7,ME3[RF>FU>UL],ME3[RF>FU>UL]#00,ME3[RF>FU>UL],ME3[RF>FU>UL],ME3[RF>FU>UL],11,2,9,1,E L' B M' B2 M B L E'
rubiks-7,ME3[RF>FU>UR],ME3[RF>FU>UR]#00,ME3[RF>FU>UR],ME3[RF>FU>UR],ME3[RF>FU>UR],3,2,12,1,S2 L' E R U' R' E' R U R' L S2
rubiks-7,ME3[RF>UF>LU],ME3[RF>UF>LU]#00,ME3[RF>UF>LU],ME3[RF>UF>LU],ME3[RF>UF>LU],3,2,8,1,R' S2 R F R' S2 R F'
rubiks-7,ME3[RF>UF>RU],ME3[RF>UF>RU]#00,ME3[RF>UF>RU],ME3[RF>UF>RU],ME3[RF>UF>RU],11,2,9,1,E2 R B' M' B2 M B' R' E2
rubiks-7,ME3[RF>UF>UL],ME3[RF>UF>UL]#00,ME3[RF>UF>UL],ME3[RF>UF>UL],ME3[RF>UF>UL],3,0,8,1,R S R' F R S' R' F'
rubiks-7,ME3[UF>LU>RU],ME3[UF>LU>RU]#00,ME3[UF>LU>RU],ME3[UF>LU>RU],ME3[UF>LU>RU],11,2,7,1,M U M' U2 M U M'
rubiks-7,ME3[UF>LU>UR],ME3[UF>LU>UR]#00,ME3[UF>LU>UR],ME3[UF>LU>UR],ME3[UF>LU>UR],11,2,9,1,S' U L2 U' S' U L2 U' S2
rubiks-7,ME3[UF>UL>RU],ME3[UF>UL>RU]#00,ME3[UF>UL>RU],ME3[UF>UL>RU],ME3[UF>UL>RU],11,2,9,1,S2 U' R2 U S' U' R2 U S'
rubiks-7,ME3[UF>UL>UR],ME3[UF>UL>UR]#00,ME3[UF>UL>UR],ME3[UF>UL>UR],ME3[UF>UL>UR],11,0,7,1,M2 U' M U2 M' U' M2
rubiks-7,ME4[DB>BD;DF>FD;DL>LD;DR>RD]~v01,ME4[DB>BD;DF>FD;DL>LD;DR>RD]~v01#00,ME4[DB>BD;DF>FD;DL>LD;DR>RD]~v01,ME4[DB>BD;DF>FD;DL>LD;DR>RD]~v01,ME4[DB>BD;DF>FD;DL>LD;DR>RD],12,4,19,2,M D M' D2 M D M' S2 D S D2 S' L2 D S' D' L2 D S'
rubiks-7,ME4[DB>BD;DF>FD;DL>LD;DR>RD]~v02,ME4[DB>BD;DF>FD;DL>LD;DR>RD]~v02#00,ME4[DB>BD;DF>FD;DL>LD;DR>RD]~v02,ME4[DB>BD;DF>FD;DL>LD;DR>RD]~v02,ME4[DB>BD;DF>FD;DL>LD;DR>RD],12,4,19,2,S D' L2 D S D' L2 S D2 S' D' S2 M D' M' D2 M D' M'
rubiks-7,ME4[DB>BD;DF>FD;UB>BU;UF>FU]~v01,ME4[DB>BD;DF>FD;UB>BU;UF>FU]~v01#00,ME4[DB>BD;DF>FD;UB>BU;UF>FU]~v01,ME4[DB>BD;DF>FD;UB>BU;UF>FU]~v01,ME4[DB>BD;DF>FD;UB>BU;UF>FU],12,4,19,2,F2 M' F' M' F' D2 F M F' M2 B' M B D2 B' M' B' M' B2
rubiks-7,ME4[DB>BD;DF>FD;UB>BU;UF>FU]~v02,ME4[DB>BD;DF>FD;UB>BU;UF>FU]~v02#00,ME4[DB>BD;DF>FD;UB>BU;UF>FU]~v02,ME4[DB>BD;DF>FD;UB>BU;UF>FU]~v02,ME4[DB>BD;DF>FD;UB>BU;UF>FU],12,4,19,2,B2 M B M B D2 B' M' B M2 F M' F' D2 F M F M F2
rubiks-7,ME4[DB>BD;DF>FD;UL>LU;UR>RU]~v01,ME4[DB>BD;DF>FD;UL>LU;UR>RU]~v01#00,ME4[DB>BD;DF>FD;UL>LU;UR>RU]~v01,ME4[DB>BD;DF>FD;UL>LU;UR>RU]~v01,ME4[DB>BD;DF>FD;UL>LU;UR>RU],20,4,18,2,M' U' M' U2 M U' M2 U B2 U' M' U B2 M D2 M' D2 U'
rubiks-7,ME4[DB>BD;DF>FD;UL>LU;UR>RU]~v02,ME4[DB>BD;DF>FD;UL>LU;UR>RU]~v02#00,ME4[DB>BD;DF>FD;UL>LU;UR>RU]~v02,ME4[DB>BD;DF>FD;UL>LU;UR>RU]~v02,ME4[DB>BD;DF>FD;UL>LU;UR>RU],20,4,18,2,U D2 M D2 M' B2 U' M U B2 U' M2 U M' U2 M U M
rubiks-7,ME4[DB>DF;DF>FU;UB>BU;UF>DB],ME4[DB>DF;DF>FU;UB>BU;UF>DB]#00,ME4[DB>DF;DF>FU;UB>BU;UF>DB],ME4[DB>DF;DF>FU;UB>BU;UF>DB],ME4[DB>DF;DF>FU;UB>BU;UF>DB],12,2,11,1,M2 D2 M2 D' M' D' B2 D M D' B2
rubiks-7,ME4[DB>DF;DF>UF;UB>BU;UF>BD],ME4[DB>DF;DF>UF;UB>BU;UF>BD]#00,ME4[DB>DF;DF>UF;UB>BU;UF>BD],ME4[DB>DF;DF>UF;UB>BU;UF>BD],ME4[DB>DF;DF>UF;UB>BU;UF>BD],20,2,11,1,M D2 B M B' D2 B M' B M' B2
rubiks-7,ME4[DB>DF;UB>FU],ME4[DB>DF;UB>FU]#00,ME4[DB>DF;UB>FU],ME4[DB>DF;UB>FU],ME4[DB>DF;UB>FU],12,2,12,1,M D2 B M B' D2 B M' B' D2 M' D2
rubiks-7,ME4[DB>FD;DF>DB;UB>FU;UF>UB],ME4[DB>FD;DF>DB;UB>FU;UF>UB]#00,ME4[DB>FD;DF>DB;UB>FU;UF>UB],ME4[DB>FD;DF>DB;UB>FU;UF>UB],ME4[DB>FD;DF>DB;UB>FU;UF>UB],12,2,12,1,D2 M B' M B D2 B' M' B F2 M' F2
rubiks-7,ME4[DB>FD;DF>DB;UB>UF;UF>BU],ME4[DB>FD;DF>DB;UB>UF;UF>BU]#00,ME4[DB>FD;DF>DB;UB>UF;UF>BU],ME4[DB>FD;DF>DB;UB>UF;UF>BU],ME4[DB>FD;DF>DB;UB>UF;UF>BU],12,2,12,1,M' B' M' B U2 B' M B F2 M F2 U2
rubiks-7,ME4[DB>FD;DF>FU;UB>BU;UF>BD],ME4[DB>FD;DF>FU;UB>BU;UF>BD]#00,ME4[DB>FD;DF>FU;UB>BU;UF>BD],ME4[DB>FD;DF>FU;UB>BU;UF>BD],ME4[DB>FD;DF>FU;UB>BU;UF>BD],20,4,17,1,U' M' U F2 U' M U M' U' M' U F2 U' M U' M U2
rubiks-7,ME4[DB>FD;DF>UF;UB>BU;UF>DB],ME4[DB>FD;DF>UF;UB>BU;UF>DB]#00,ME4[DB>FD;DF>UF;UB>BU;UF>DB],ME4[DB>FD;DF>UF;UB>BU;UF>DB],ME4[DB>FD;DF>UF;UB>BU;UF>DB],12,2,12,1,U2 M U2 D2 B' M B D2 B' M' B M'
rubiks-7,ME4[DB>FD;UB>FU],ME4[DB>FD;UB>FU]#00,ME4[DB>FD;UB>FU],ME4[DB>FD;UB>FU],ME4[DB>FD;UB>FU],12,4,16,1,F2 D' M D F2 D' M' D U M' U' F2 U M U' F2
rubiks-7,ME4[DB>FU;DF>BU],ME4[DB>FU;DF>BU]#00,ME4[DB>FU;DF>BU],ME4[DB>FU;DF>BU],ME4[DB>FU;DF>BU],12,4,14,1,B M B' D2 B M' B' F M' F' D2 F M F'
rubiks-7,ME4[DB>FU;DF>UB;UB>FD;UF>DB],ME4[DB>FU;DF>UB;UB>FD;UF>DB]#00,ME4[DB>FU;DF>UB;UB>FD;UF>DB],ME4[DB>FU;DF>UB;UB>FD;UF>DB],ME4[DB>FU;DF>UB;UB>FD;UF>DB],12,2,12,1,M' F2 U M' U' F2 U M U' B2 M B2
rubiks-7,ME4[DB>FU;DL>RU;UF>DB;UR>DL],ME4[DB>FU;DL>RU;UF>DB;UR>DL]#00,ME4[DB>FU;DL>RU;UF>DB;UR>DL],ME4[DB>FU;DL>RU;UF>DB;UR>DL],ME4[DB>FU;DL>RU;UF>DB;UR>DL],12,2,27,1,L2 B2 S2 U' S U2 L2 S' U' S U L2 U' S B2 L2 S' R S' R' D2 R S R S R2 D2
rubiks-7,ME4[DB>FU;DL>RU],ME4[DB>FU;DL>RU]#00,ME4[DB>FU;DL>RU],ME4[DB>FU;DL>RU],ME4[DB>FU;DL>RU],12,4,20,1,L2 B2 M' U B2 U' M' U M2 B2 M2 B2 U' M U B2 U' M B2 L2
rubiks-7,ME4[DB>FU;DL>UR;UF>DB;UR>LD],ME4[DB>FU;DL>UR;UF>DB;UR>LD]#00,ME4[DB>FU;DL>UR;UF>DB;UR>LD],ME4[DB>FU;DL>UR;UF>DB;UR>LD],ME4[DB>FU;DL>UR;UF>DB;UR>LD],12,2,16,1,L2 B2 S2 U' S U2 L2 S' U' S U L2 U' S B2 L2
rubiks-7,ME4[DB>FU;DL>UR],ME4[DB>FU;DL>UR]#00,ME4[DB>FU;DL>UR],ME4[DB>FU;DL>UR],ME4[DB>FU;DL>UR],12,2,19,1,L2 B2 M2 U' M U2 M' U' M U B2 U' M' U B2 U' M2 B2 L2
rubiks-7,ME4[DB>UF;DF>BU],ME4[DB>UF;DF>BU]#00,ME4[DB>UF;DF>BU],ME4[DB>UF;DF>BU],ME4[DB>UF;DF>BU],12,2,12,1,F' M' F D2 F' M F D2 M D2 M' D2
rubiks-7,ME4[DF>DR;DR>FD;UB>LU;UL>UB],ME4[DF>DR;DR>FD;UB>LU;UL>UB]#00,ME4[DF>DR;DR>FD;UB>LU;UL>UB],ME4[DF>DR;DR>FD;UB>LU;UL>UB],ME4[DF>DR;DR>FD;UB>LU;UL>UB],20,2,16,1,M U' S' U2 S U' B2 M' B2 L2 D' M' D2 M D' L2
rubiks-7,ME4[DF>DR;DR>FD;UB>UL;UL>BU],ME4[DF>DR;DR>FD;UB>UL;UL>BU]#00,ME4[DF>DR;DR>FD;UB>UL;UL>BU],ME4[DF>DR;DR>FD;UB>UL;UL>BU],ME4[DF>DR;DR>FD;UB>UL;UL>BU],20,2,21,1,U' M' U2 M U' S' U2 S U2 M U B2 U' M U M' B2 U2 M U M2
rubiks-7,ME4[DF>FU;DR>RU;UF>DF;UR>DR],ME4[DF>FU;DR>RU;UF>DF;UR>DR]#00,ME4[DF>FU;DR>RU;UF>DF;UR>DR],ME4[DF>FU;DR>RU;UF>DF;UR>DR],ME4[DF>FU;DR>RU;UF>DF;UR>DR],12,2,16,1,S2 D' L2 D S D' L2 D S M' U' S' U2 S U' M
rubiks-7,ME4[DF>FU;DR>RU],ME4[DF>FU;DR>RU]#00,ME4[DF>FU;DR>RU],ME4[DF>FU;DR>RU],ME4[DF>FU;DR>RU],12,4,22,1,D2 L2 B2 M' U B2 U' M' U M2 B2 M2 B2 U' M U B2 U' M B2 L2 D2
rubiks-7,ME4[DF>FU;DR>UR;UF>DF;UR>RD],ME4[DF>FU;DR>UR;UF>DF;UR>RD]#00,ME4[DF>FU;DR>UR;UF>DF;UR>RD],ME4[DF>FU;DR>UR;UF>DF;UR>RD],ME4[DF>FU;DR>UR;UF>DF;UR>RD],12,2,18,1,D2 L2 B2 S2 U' S U2 L2 S' U' S U L2 U' S B2 L2 D2
rubiks-7,ME4[DF>FU;DR>UR],ME4[DF>FU;DR>UR]#00,ME4[DF>FU;DR>UR],ME4[DF>FU;DR>UR],ME4[DF>FU;DR>UR],12,2,19,1,S' U2 S U2 S2 U S2 U2 S2 U S2 B M' B' U2 B M B' U2
rubiks-7,ME4[DF>RD;UB>LU],ME4[DF>RD;UB>LU]#00,ME4[DF>RD;UB>LU],ME4[DF>RD;UB>LU],ME4[DF>RD;UB>LU],12,4,15,1,M' D' M D2 M' D' M S' D' M' D2 M D S D2
rubiks-7,ME4[DF>RD;UB>UL],ME4[DF>RD;UB>UL]#00,ME4[DF>RD;UB>UL],ME4[DF>RD;UB>UL],ME4[DF>RD;UB>UL],12,2,15,1,M' U' S' U2 S U M U2 S2 U' S' U2 S U' S2
rubiks-7,ME4[DF>RU;DL>BU],ME4[DF>RU;DL>BU]#00,ME4[DF>RU;DL>BU],ME4[DF>RU;DL>BU],ME4[DF>RU;DL>BU],12,4,16,1,S' D' S' D2 S D' U S' U2 S U S M2 D2 M2 D2
rubiks-7,ME4[DF>RU;DL>UB],ME4[DF>RU;DL>UB]#00,ME4[DF>RU;DL>UB],ME4[DF>RU;DL>UB],ME4[DF>RU;DL>UB],12,2,14,1,M D' S D2 S' D' F2 M' U S U2 S' U F2
rubiks-7,ME4[DF>UR;DL>BU;UB>DL;UR>FD],ME4[DF>UR;DL>BU;UB>DL;UR>FD]#00,ME4[DF>UR;DL>BU;UB>DL;UR>FD],ME4[DF>UR;DL>BU;UB>DL;UR>FD],ME4[DF>UR;DL>BU;UB>DL;UR>FD],20,2,19,1,L2 D R2 D' S D R2 D' S' L2 U' S U2 S' U' M' U2 M U2
rubiks-7,ME4[DF>UR;DL>UB;UB>LD;UR>FD],ME4[DF>UR;DL>UB;UB>LD;UR>FD]#00,ME4[DF>UR;DL>UB;UB>LD;UR>FD],ME4[DF>UR;DL>UB;UB>LD;UR>FD],ME4[DF>UR;DL>UB;UB>LD;UR>FD],20,2,18,1,S U S' U2 S U S' M' U2 M U2 R2 D' M' D2 M D' R2
rubiks-7,ME4[DL>BU;DR>FU;UB>DL;UF>DR],ME4[DL>BU;DR>FU;UB>DL;UF>DR]#00,ME4[DL>BU;DR>FU;UB>DL;UF>DR],ME4[DL>BU;DR>FU;UB>DL;UF>DR],ME4[DL>BU;DR>FU;UB>DL;UF>DR],20,2,13,1,D M D2 M' D M' D' B2 D M D' B2 D
rubiks-7,ME4[DL>BU;DR>FU],ME4[DL>BU;DR>FU]#00,ME4[DL>BU;DR>FU],ME4[DL>BU;DR>FU],ME4[DL>BU;DR>FU],4,4,13,1,M' D M' D2 M D M2 D' M D2 M' D' M'
rubiks-7,ME4[DL>DR;DR>FU;UB>BU;UF>DL],ME4[DL>DR;DR>FU;UB>BU;UF>DL]#00,ME4[DL>DR;DR>FU;UB>BU;UF>DL],ME4[DL>DR;DR>FU;UB>BU;UF>DL],ME4[DL>DR;DR>FU;UB>BU;UF>DL],12,2,11,1,M D' F2 D M' D' F2 M2 D2 M2 D'
rubiks-7,ME4[DL>DR;DR>LD;UB>FU;UF>UB],ME4[DL>DR;DR>LD;UB>FU;UF>UB]#00,ME4[DL>DR;DR>LD;UB>FU;UF>UB],ME4[DL>DR;DR>LD;UB>FU;UF>UB],ME4[DL>DR;DR>LD;UB>FU;UF>UB],12,2,11,1,S U' L2 U S' U' S L2 U2 S' U'
rubiks-7,ME4[DL>DR;DR>UF;UB>BU;UF>LD],ME4[DL>DR;DR>UF;UB>BU;UF>LD]#00,ME4[DL>DR;DR>UF;UB>BU;UF>LD],ME4[DL>DR;DR>UF;UB>BU;UF>LD],ME4[DL>DR;DR>UF;UB>BU;UF>LD],12,2,11,1,D' M2 D2 M2 F2 D' M D F2 D' M'
rubiks-7,ME4[DL>DR;UB>FU],ME4[DL>DR;UB>FU]#00,ME4[DL>DR;UB>FU],ME4[DL>DR;UB>FU],ME4[DL>DR;UB>FU],12,2,13,1,D M D2 M' D M D' F2 D M' D' F2 D
rubiks-7,ME4[DL>RD;DR>FU;UB>BU;UF>LD],ME4[DL>RD;DR>FU;UB>BU;UF>LD]#00,ME4[DL>RD;DR>FU;UB>BU;UF>LD],ME4[DL>RD;DR>FU;UB>BU;UF>LD],ME4[DL>RD;DR>FU;UB>BU;UF>LD],12,4,14,1,S U' S U2 S' U' S2 U R2 U' S U R2 U'
rubiks-7,ME4[DL>RD;DR>UF;UB>BU;UF>DL],ME4[DL>RD;DR>UF;UB>BU;UF>DL]#00,ME4[DL>RD;DR>UF;UB>BU;UF>DL],ME4[DL>RD;DR>UF;UB>BU;UF>DL],ME4[DL>RD;DR>UF;UB>BU;UF>DL],20,2,11,1,S' U R2 U' S U R2 S U2 S' U
rubiks-7,ME4[DL>RD;UB>FU],ME4[DL>RD;UB>FU]#00,ME4[DL>RD;UB>FU],ME4[DL>RD;UB>FU],ME4[DL>RD;UB>FU],12,4,13,1,S U L2 U' S2 U R2 U' S U L2 R2 U'
rubiks-7,ME4[DL>UB;DR>FU;UB>LD;UF>DR],ME4[DL>UB;DR>FU;UB>LD;UF>DR]#00,ME4[DL>UB;DR>FU;UB>LD;UF>DR],ME4[DL>UB;DR>FU;UB>LD;UF>DR],ME4[DL>UB;DR>FU;UB>LD;UF>DR],12,2,12,1,U S U2 S' U M' D M' D2 M D M
rubiks-7,ME4[DL>UB;DR>FU],ME4[DL>UB;DR>FU]#00,ME4[DL>UB;DR>FU],ME4[DL>UB;DR>FU],ME4[DL>UB;DR>FU],12,2,12,1,M' D M' D2 M2 B2 M' D M D' B2 D
rubiks-7,ME4[UB>BU;UF>LU;UL>RU;UR>FU],ME4[UB>BU;UF>LU;UL>RU;UR>FU]#00,ME4[UB>BU;UF>LU;UL>RU;UR>FU],ME4[UB>BU;UF>LU;UL>RU;UR>FU],ME4[UB>BU;UF>LU;UL>RU;UR>FU],12,4,15,1,S2 U R2 U' S' U R2 U' S2 U S U2 S' U S
rubiks-7,ME4[UB>BU;UF>LU;UL>UR;UR>UF],ME4[UB>BU;UF>LU;UL>UR;UR>UF]#00,ME4[UB>BU;UF>LU;UL>UR;UR>UF],ME4[UB>BU;UF>LU;UL>UR;UR>UF],ME4[UB>BU;UF>LU;UL>UR;UR>UF],12,2,12,1,M2 U' M2 U2 M2 B2 U' M U B2 U' M
rubiks-7,ME4[UB>BU;UF>UL;UL>RU;UR>UF],ME4[UB>BU;UF>UL;UL>RU;UR>UF]#00,ME4[UB>BU;UF>UL;UL>RU;UR>UF],ME4[UB>BU;UF>UL;UL>RU;UR>UF],ME4[UB>BU;UF>UL;UL>RU;UR>UF],20,2,12,1,S' U' L2 U S' U' L2 S' U2 S U' S2
rubiks-7,ME4[UB>BU;UF>UL;UL>UR;UR>FU],ME4[UB>BU;UF>UL;UL>UR;UR>FU]#00,ME4[UB>BU;UF>UL;UL>UR;UR>FU],ME4[UB>BU;UF>UL;UL>UR;UR>FU],ME4[UB>BU;UF>UL;UL>UR;UR>FU],12,2,12,1,M' U' B2 U M' U' B2 M2 U2 M2 U' M2
rubiks-7,ME4[UB>FU;UF>UB;UL>UR;UR>LU],ME4[UB>FU;UF>UB;UL>UR;UR>LU]#00,ME4[UB>FU;UF>UB;UL>UR;UR>LU],ME4[UB>FU;UF>UB;UL>UR;UR>LU],ME4[UB>FU;UF>UB;UL>UR;UR>LU],12,2,12,1,S2 U' S U2 L2 S' U' S U L2 U' S
rubiks-7,ME4[UB>FU;UL>RU],ME4[UB>FU;UL>RU]#00,ME4[UB>FU;UL>RU],ME4[UB>FU;UL>RU],ME4[UB>FU;UL>RU],12,4,16,1,M' U B2 U' M' U M2 B2 M2 B2 U' M U B2 U' M
rubiks-7,ME4[UB>FU;UL>UR],ME4[UB>FU;UL>UR]#00,ME4[UB>FU;UL>UR],ME4[UB>FU;UL>UR],ME4[UB>FU;UL>UR],12,2,15,1,M2 U' M U2 M' U' M U B2 U' M' U B2 U' M2
rubiks-7,ME4[UB>LU;UF>RU],ME4[UB>LU;UF>RU]#00,ME4[UB>LU;UF>RU],ME4[UB>LU;UF>RU],ME4[UB>LU;UF>RU],4,4,13,1,S' U' S U2 S' U' S2 U S' U2 S U S'
rubiks-7,ME4[UB>LU;UF>UR;UL>UB;UR>FU],ME4[UB>LU;UF>UR;UL>UB;UR>FU]#00,ME4[UB>LU;UF>UR;UL>UB;UR>FU],ME4[UB>LU;UF>UR;UL>UB;UR>FU],ME4[UB>LU;UF>UR;UL>UB;UR>FU],12,2,12,1,M2 U' M' F2 U2 M U' M' U' F2 U M'
rubiks-7,ME4[UB>UL;UF>RU],ME4[UB>UL;UF>RU]#00,ME4[UB>UL;UF>RU],ME4[UB>UL;UF>RU],ME4[UB>UL;UF>RU],12,2,13,1,M2 U' M' U2 M U' M' U' M' U2 M U' M'
rubiks-7,ME4[UB>UL;UF>UR;UL>BU;UR>FU],ME4[UB>UL;UF>UR;UL>BU;UR>FU]#00,ME4[UB>UL;UF>UR;UL>BU;UR>FU],ME4[UB>UL;UF>UR;UL>BU;UR>FU],ME4[UB>UL;UF>UR;UL>BU;UR>FU],20,2,15,1,M2 U M U2 M' U M' U' F2 U M U' F2 U M2
rubiks-7,ME4s[DB<>DF;UB<>UF],ME4s[DB<>DF;UB<>UF]#00,ME4s[DB<>DF;UB<>UF],ME4s[DB<>DF;UB<>UF],ME4s[DB<>DF;UB<>UF],12,0,4,1,M2 U2 M2 U2
rubiks-7,ME4s[DB<>UF;DF<>UB],ME4s[DB<>UF;DF<>UB]#00,ME4s[DB<>UF;DF<>UB],ME4s[DB<>UF;DF<>UB],ME4s[DB<>UF;DF<>UB],12,0,6,1,F2 M2 U2 M2 U2 F2
rubiks-7,ME4s[DB<>UF;DL<>UR],ME4s[DB<>UF;DL<>UR]#00,ME4s[DB<>UF;DL<>UR],ME4s[DB<>UF;DL<>UR],ME4s[DB<>UF;DL<>UR],12,0,11,1,L2 B2 M2 U M2 U2 M2 U M2 B2 L2
rubiks-7,ME4s[DF<>DR;UB<>UL],ME4s[DF<>DR;UB<>UL]#00,ME4s[DF<>DR;UB<>UL],ME4s[DF<>DR;UB<>UL],ME4s[DF<>DR;UB<>UL],20,0,14,1,L2 D' M' D2 M D' L2 R2 U' M' U2 M U' R2
rubiks-7,ME4s[DF<>UF;DR<>UR],ME4s[DF<>UF;DR<>UR]#00,ME4s[DF<>UF;DR<>UR],ME4s[DF<>UF;DR<>UR],ME4s[DF<>UF;DR<>UR],12,0,11,1,S' U2 S U2 M U' M2 U2 M2 U' M'
rubiks-7,ME4s[DF<>UR;DL<>UB],ME4s[DF<>UR;DL<>UB]#00,ME4s[DF<>UR;DL<>UB],ME4s[DF<>UR;DL<>UB],ME4s[DF<>UR;DL<>UB],12,0,13,1,U M' U2 M U S2 D2 S2 D' M' D2 M D
rubiks-7,ME4s[DL<>DR;UB<>UF],ME4s[DL<>DR;UB<>UF]#00,ME4s[DL<>DR;UB<>UF],ME4s[DL<>DR;UB<>UF],ME4s[DL<>DR;UB<>UF],12,0,5,1,U' S2 U2 S2 U'
rubiks-7,ME4s[DL<>UB;DR<>UF],ME4s[DL<>UB;DR<>UF]#00,ME4s[DL<>UB;DR<>UF],ME4s[DL<>UB;DR<>UF],ME4s[DL<>UB;DR<>UF],12,0,6,1,D' F2 M2 F2 M2 D
rubiks-7,ME4s[UB<>UF;UL<>UR],ME4s[UB<>UF;UL<>UR]#00,ME4s[UB<>UF;UL<>UR],ME4s[UB<>UF;UL<>UR],ME4s[UB<>UF;UL<>UR],12,0,7,1,M2 U M2 U2 M2 U M2
rubiks-7,ME4s[UB<>UL;UF<>UR],ME4s[UB<>UL;UF<>UR]#00,ME4s[UB<>UL;UF<>UR],ME4s[UB<>UL;UF<>UR],ME4s[UB<>UL;UF<>UR],12,0,8,1,M2 U' F2 M2 F2 M2 U M2
rubiks-7,MidCenterBar(HH),MidCenterBar(HH)#00,CtrMidBar6p[3x2][F@D>F@L>U@L;F@R>U@R>F@U],CtrMidBar6p[3x2][F@D>F@L>U@L;F@R>U@R>F@U],CtrMidBar6p[3x2][F@D>F@L>U@L;F@R>U@R>F@U],12,0,12,1,M R' L F' M' F M' R L' U' M U
rubiks-7,MidCenterBar(HV),MidCenterBar(HV)#00,CtrMidBar6p[3x2][F@D>F@L>U@F;F@R>U@B>F@U],CtrMidBar6p[3x2][F@D>F@L>U@F;F@R>U@B>F@U],CtrMidBar6p[3x2][F@D>F@L>U@F;F@R>U@B>F@U],12,0,12,1,U M R' L F' M' F M' R L' U' M
rubiks-7,MidCenterBar(VV),MidCenterBar(VV)#00,CtrMidBar6p[3x2][F@D>U@F>F@L;F@R>F@U>U@B],CtrMidBar6p[3x2][F@D>U@F>F@L;F@R>F@U>U@B],CtrMidBar6p[3x2][F@D>U@F>F@L;F@R>F@U>U@B],12,0,12,1,M' U L R' M F' M F L' R M' U'
rubiks-7,MidCenterBar-Adjacent3Center-A,MidCenterBar-Adjacent3Center-A#00,CtrMidBar6p[3x2][B@D>F@U>U@B;B@U>F@D>U@F],CtrMidBar6p[3x2][B@D>F@U>U@B;B@U>F@D>U@F],CtrMidBar6p[3x2][B@D>F@U>U@B;B@U>F@D>U@F],12,0,14,1,F U L R' M F' M F L' R M' U' M' F'
rubiks-7,MidCenterBar-Adjacent3Center-B,MidCenterBar-Adjacent3Center-B#00,CtrMidBar6p[3x2][B@D>F@R>U@B;B@U>F@L>U@F],CtrMidBar6p[3x2][B@D>F@R>U@B;B@U>F@L>U@F],CtrMidBar6p[3x2][B@D>F@R>U@B;B@U>F@L>U@F],12,0,12,1,U L R' M F' M F L' R M' U' M'
rubiks-7,MidCenterBar-Adjacent3Center-C,MidCenterBar-Adjacent3Center-C#00,CtrMidBar6p[3x2][B@D>F@U>U@R;B@U>F@D>U@L],CtrMidBar6p[3x2][B@D>F@U>U@R;B@U>F@D>U@L],CtrMidBar6p[3x2][B@D>F@U>U@R;B@U>F@D>U@L],12,0,14,1,F L R' M F' M F L' R M' U' M' U F'
rubiks-7,MidCenterBar-Adjacent3Center-D,MidCenterBar-Adjacent3Center-D#00,CtrMidBar6p[3x2][B@D>F@R>U@R;B@U>F@L>U@L],CtrMidBar6p[3x2][B@D>F@R>U@R;B@U>F@L>U@L],CtrMidBar6p[3x2][B@D>F@R>U@R;B@U>F@L>U@L],12,0,12,1,L R' M F' M F L' R M' U' M' U
rubiks-7,MidCenterBar-Adjacent3Center-E,MidCenterBar-Adjacent3Center-E#00,CtrMidBar6p[3x2][B@L>F@D>U@F;B@R>F@U>U@B],CtrMidBar6p[3x2][B@L>F@D>U@F;B@R>F@U>U@B],CtrMidBar6p[3x2][B@L>F@D>U@F;B@R>F@U>U@B],12,0,16,1,B' F U L R' M F' M F L' R M' U' M' F' B
rubiks-7,MidCenterBar-Adjacent3Center-F,MidCenterBar-Adjacent3Center-F#00,CtrMidBar6p[3x2][B@L>F@L>U@F;B@R>F@R>U@B],CtrMidBar6p[3x2][B@L>F@L>U@F;B@R>F@R>U@B],CtrMidBar6p[3x2][B@L>F@L>U@F;B@R>F@R>U@B],12,0,14,1,B' U L R' M F' M F L' R M' U' M' B
rubiks-7,MidCenterBar-Adjacent3Center-G,MidCenterBar-Adjacent3Center-G#00,CtrMidBar6p[3x2][B@L>F@U>U@L;B@R>F@D>U@R],CtrMidBar6p[3x2][B@L>F@U>U@L;B@R>F@D>U@R],CtrMidBar6p[3x2][B@L>F@U>U@L;B@R>F@D>U@R],12,0,16,1,B F' R' L M F M F' R L' M' U M' U' F B'
rubiks-7,MidCenterBar-Adjacent3Center-H,MidCenterBar-Adjacent3Center-H#00,CtrMidBar6p[3x2][B@L>F@L>U@L;B@R>F@R>U@R],CtrMidBar6p[3x2][B@L>F@L>U@L;B@R>F@R>U@R],CtrMidBar6p[3x2][B@L>F@L>U@L;B@R>F@R>U@R],12,0,14,1,B' L R' M F' M F L' R M' U' M' U B
rubiks-7,MidCenterBar-Adjacent3Center-OA,MidCenterBar-Adjacent3Center-OA#00,CtrMidBar6p[3x2][F@D>U@L>R@D;F@U>U@R>R@U],CtrMidBar6p[3x2][F@D>U@L>R@D;F@U>U@R>R@U],CtrMidBar6p[3x2][F@D>U@L>R@D;F@U>U@R>R@U],12,0,14,1,E' U' M' U L R' M F' M F L' R M' E
rubiks-7,MidCenterBar-Adjacent3Center-OB,MidCenterBar-Adjacent3Center-OB#00,CtrMidBar6p[3x2][F@D>R@D>U@L;F@U>R@U>U@R],CtrMidBar6p[3x2][F@D>R@D>U@L;F@U>R@U>U@R],CtrMidBar6p[3x2][F@D>R@D>U@L;F@U>R@U>U@R],12,0,14,1,E' M R' L F' M' F M' R L' U' M U E
rubiks-7,MidCenterBar-Adjacent3Center-OC,MidCenterBar-Adjacent3Center-OC#00,CtrMidBar6p[3x2][F@D>U@F>R@D;F@U>U@B>R@U],CtrMidBar6p[3x2][F@D>U@F>R@D;F@U>U@B>R@U],CtrMidBar6p[3x2][F@D>U@F>R@D;F@U>U@B>R@U],12,0,14,1,E' M' U L R' M F' M F L' R M' U' E
rubiks-7,MidCenterBar-Adjacent3Center-OD,MidCenterBar-Adjacent3Center-OD#00,CtrMidBar6p[3x2][F@D>R@D>U@F;F@U>R@U>U@B],CtrMidBar6p[3x2][F@D>R@D>U@F;F@U>R@U>U@B],CtrMidBar6p[3x2][F@D>R@D>U@F;F@U>R@U>U@B],12,0,14,1,E' U M R' L F' M' F M' R L' U' M E
rubiks-7,MidCenterBar-Opp(HV),MidCenterBar-Opp(HV)#00,CtrMidBar6p[3x2][D@B>D@L>U@F;D@F>D@R>U@B],CtrMidBar6p[3x2][D@B>D@L>U@F;D@F>D@R>U@B],CtrMidBar6p[3x2][D@B>D@L>U@F;D@F>D@R>U@B],12,0,12,1,U M2 R2 L2 D' M2 D M2 R2 L2 U' M2
rubiks-7,MidCenterBar-Opp(VV),MidCenterBar-Opp(VV)#00,CtrMidBar6p[3x2][D@B>U@F>D@L;D@F>U@B>D@R],CtrMidBar6p[3x2][D@B>U@F>D@L;D@F>U@B>D@R],CtrMidBar6p[3x2][D@B>U@F>D@L;D@F>U@B>D@R],12,0,12,1,M2 U L2 R2 M2 D' M2 D L2 R2 M2 U'
rubiks-7,MidCommutator00,MidCommutator00#00,CtrPlus12p[3x4]+ME5[DF>FU>FR>LF>BL],CtrPlus12p[3x4]+ME5[DF>FU>FR>LF>BL],CtrPlus12p[3x4]+ME5[DF>FU>FR>LF>BL],17,2,4,1,F E F' E'
rubiks-7,MidCommutator01,MidCommutator01#00,CtrPlus12p[3x4]+ME5[DF>FU>LB>FL>RF],CtrPlus12p[3x4]+ME5[DF>FU>LB>FL>RF],CtrPlus12p[3x4]+ME5[DF>FU>LB>FL>RF],17,2,4,1,E F' E' F
rubiks-7,MidCommutator02,MidCommutator02#00,CtrPlus12p[3x4]+ME5[DF>BL>RF>FL>FU],CtrPlus12p[3x4]+ME5[DF>BL>RF>FL>FU],CtrPlus12p[3x4]+ME5[DF>BL>RF>FL>FU],17,4,5,1,F2 E F' E' F'
rubiks-7,MidCommutator03,MidCommutator03#00,CtrPlus12p[3x4]+ME5[DF>LF>FR>LB>FU],CtrPlus12p[3x4]+ME5[DF>LF>FR>LB>FU],CtrPlus12p[3x4]+ME5[DF>LF>FR>LB>FU],17,4,5,1,F' E F' E' F2
rubiks-7,MidCommutator04,MidCommutator04#00,CtrPlus12p[3x4]+ME6[BR>FD>FL;LB>UF>RF],CtrPlus12p[3x4]+ME6[BR>FD>FL;LB>UF>RF],CtrPlus12p[3x4]+ME6[BR>FD>FL;LB>UF>RF],18,2,4,1,F E2 F' E2
rubiks-7,MidCommutator05,MidCommutator05#00,CtrPlus12p[3x4]+ME6[BR>FL>FU;DF>LB>RF],CtrPlus12p[3x4]+ME6[BR>FL>FU;DF>LB>RF],CtrPlus12p[3x4]+ME6[BR>FL>FU;DF>LB>RF],18,2,4,1,E2 F' E2 F
rubiks-7,MidCommutator06,MidCommutator06#00,CtrPlus12p[3x4]+ME6[BR>FR>FD;FL>FU>BL],CtrPlus12p[3x4]+ME6[BR>FR>FD;FL>FU>BL],CtrPlus12p[3x4]+ME6[BR>FR>FD;FL>FU>BL],18,4,5,1,F2 E2 F' E2 F'
rubiks-7,MidCommutator07,MidCommutator07#00,CtrPlus12p[3x4]+ME6[BR>FU>FR;DF>LF>LB],CtrPlus12p[3x4]+ME6[BR>FU>FR;DF>LF>LB],CtrPlus12p[3x4]+ME6[BR>FU>FR;DF>LF>LB],18,4,5,1,F' E2 F' E2 F2
rubiks-7,MidEdge3-I-A,MidEdge3-I-A#00,ME3[DB>DF>UF],ME3[DB>DF>UF],ME3[DB>DF>UF],11,0,4,1,M D2 M' D2
rubiks-7,MidEdge3-I-B,MidEdge3-I-B#00,ME3[DB>FD>FU],ME3[DB>FD>FU],ME3[DB>FD>FU],11,2,8,1,U' M' U F2 U' M U F2
rubiks-7,MidEdge3-I-C,MidEdge3-I-C#00,ME3[DB>FD>UF],ME3[DB>FD>UF],ME3[DB>FD>UF],3,2,9,1,F' E' F' D2 F E F' D2 F2
rubiks-7,MidEdge3-I-D,MidEdge3-I-D#00,ME3[DB>DF>FU],ME3[DB>DF>FU],ME3[DB>DF>FU],11,2,8,1,D2 B' M B D2 B' M' B
rubiks-7,MidEdge3-N-A,MidEdge3-N-A#00,ME3[RF>FU>LU],ME3[RF>FU>LU],ME3[RF>FU>LU],3,2,8,1,U L' E2 L U' L' E2 L
rubiks-7,MidEdge3-N-B,MidEdge3-N-B#00,ME3[RF>UF>LU],ME3[RF>UF>LU],ME3[RF>UF>LU],3,2,8,1,R' S2 R F R' S2 R F'
rubiks-7,MidEdge3-N-C,MidEdge3-N-C#00,ME3[RF>UF>UL],ME3[RF>UF>UL],ME3[RF>UF>UL],3,0,8,1,R S R' F R S' R' F'
rubiks-7,MidEdge3-N-D,MidEdge3-N-D#00,ME3[RF>FU>UL],ME3[RF>FU>UL],ME3[RF>FU>UL],11,2,9,1,E L' B M' B2 M B L E'
rubiks-7,MidEdge3-O-A,MidEdge3-O-A#00,ME3[BR>DF>LU],ME3[BR>DF>LU],ME3[BR>DF>LU],11,2,10,1,R' S D R2 D' S' D R2 D' R
rubiks-7,MidEdge3-O-B,MidEdge3-O-B#00,ME3[DR>FL>BU],ME3[DR>FL>BU],ME3[DR>FL>BU],11,2,7,1,B L' S L2 S' L' B'
rubiks-7,MidEdge3-P-A,MidEdge3-P-A#00,ME3[FL>LU>RU],ME3[FL>LU>RU],ME3[FL>LU>RU],11,2,7,1,S R E R2 E' R S'
rubiks-7,MidEdge3-P-B,MidEdge3-P-B#00,ME3[FL>UL>UR],ME3[FL>UL>UR],ME3[FL>UL>UR],11,0,8,1,R' E R2 E' R S R2 S'
rubiks-7,MidEdge3-P-C,MidEdge3-P-C#00,ME3[FL>LU>UR],ME3[FL>LU>UR],ME3[FL>LU>UR],11,2,8,1,S L' U2 L S' L' U2 L
rubiks-7,MidEdge3-P-D,MidEdge3-P-D#00,ME3[FL>UL>RU],ME3[FL>UL>RU],ME3[FL>UL>RU],3,2,8,1,L' U M' U' L U M U'
rubiks-7,MidEdge3-P-E,MidEdge3-P-E#00,ME3[FL>RU>LU],ME3[FL>RU>LU],ME3[FL>RU>LU],11,2,7,1,S R' E R2 E' R' S'
rubiks-7,MidEdge3-P-F,MidEdge3-P-F#00,ME3[FL>UR>UL],ME3[FL>UR>UL],ME3[FL>UR>UL],11,0,8,1,S R2 S' R' E R2 E' R
rubiks-7,MidEdge3-P-G,MidEdge3-P-G#00,ME3[FL>UR>LU],ME3[FL>UR>LU],ME3[FL>UR>LU],11,2,8,1,L' U2 L S L' U2 L S'
rubiks-7,MidEdge3-P-H,MidEdge3-P-H#00,ME3[FL>RU>UL],ME3[FL>RU>UL],ME3[FL>RU>UL],3,2,8,1,U M' U' L' U M U' L
rubiks-7,MidEdge3-Q-A,MidEdge3-Q-A#00,ME3[BR>UF>UL],ME3[BR>UF>UL],ME3[BR>UF>UL],3,0,8,1,U L E2 L' U' L E2 L'
rubiks-7,MidEdge3-Q-B,MidEdge3-Q-B#00,ME3[BR>FU>UL],ME3[BR>FU>UL],ME3[BR>FU>UL],11,2,7,1,L' B M' B2 M B L
rubiks-7,MidEdge3-Q-C,MidEdge3-Q-C#00,ME3[BR>FU>LU],ME3[BR>FU>LU],ME3[BR>FU>LU],3,2,8,1,F' E2 F U' F' E2 F U
rubiks-7,MidEdge3-Q-D,MidEdge3-Q-D#00,ME3[BR>UF>LU],ME3[BR>UF>LU],ME3[BR>UF>LU],11,2,9,1,S' R D' M D2 M' D' R' S
rubiks-7,MidEdge3-R-A,MidEdge3-R-A#00,ME3[DR>UF>UL],ME3[DR>UF>UL],ME3[DR>UF>UL],11,0,7,1,L2 D' M D2 M' D' L2
rubiks-7,MidEdge3-R-B,MidEdge3-R-B#00,ME3[DR>FU>UL],ME3[DR>FU>UL],ME3[DR>FU>UL],3,2,8,1,S2 R F R' S2 R F' R'
rubiks-7,MidEdge3-R-C,MidEdge3-R-C#00,ME3[DR>FU>LU],ME3[DR>FU>LU],ME3[DR>FU>LU],11,2,10,1,L2 U L2 U' S U L2 U' S' L2
rubiks-7,MidEdge3-R-D,MidEdge3-R-D#00,ME3[DR>UF>LU],ME3[DR>UF>LU],ME3[DR>UF>LU],11,2,9,1,D' M D' S' D2 S D' M' D
rubiks-7,MidEdge3-R-E,MidEdge3-R-E#00,ME3[DR>UL>UF],ME3[DR>UL>UF],ME3[DR>UL>UF],11,0,7,1,L2 D M D2 M' D L2
rubiks-7,MidEdge3-R-F,MidEdge3-R-F#00,ME3[DR>UL>FU],ME3[DR>UL>FU],ME3[DR>UL>FU],3,2,8,1,R F R' S2 R F' R' S2
rubiks-7,MidEdge3-R-G,MidEdge3-R-G#00,ME3[DR>LU>FU],ME3[DR>LU>FU],ME3[DR>LU>FU],11,2,10,1,L2 S U L2 U' S' U L2 U' L2
rubiks-7,MidEdge3-R-H,MidEdge3-R-H#00,ME3[DR>LU>UF],ME3[DR>LU>UF],ME3[DR>LU>UF],11,2,9,1,D' M D S' D2 S D M' D
rubiks-7,MidEdge3-U-A,MidEdge3-U-A#00,ME3[UF>UL>UR],ME3[UF>UL>UR],ME3[UF>UL>UR],11,0,7,1,M2 U' M U2 M' U' M2
rubiks-7,MidEdge3-U-B,MidEdge3-U-B#00,ME3[UF>LU>RU],ME3[UF>LU>RU],ME3[UF>LU>RU],11,2,7,1,M U M' U2 M U M'
rubiks-7,MidEdge3-U-C,MidEdge3-U-C#00,ME3[UF>UL>RU],ME3[UF>UL>RU],ME3[UF>UL>RU],11,2,9,1,S2 U' R2 U S' U' R2 U S'
rubiks-7,MidEdge3-U-D,MidEdge3-U-D#00,ME3[UF>LU>UR],ME3[UF>LU>UR],ME3[UF>LU>UR],11,2,9,1,S' U L2 U' S' U L2 U' S2
rubiks-7,MidEdge3-V-A,MidEdge3-V-A#00,ME3[DL>DR>UF],ME3[DL>DR>UF],ME3[DL>DR>UF],11,0,5,1,D' M D2 M' D'
rubiks-7,MidEdge3-V-B,MidEdge3-V-B#00,ME3[DL>DR>FU],ME3[DL>DR>FU],ME3[DL>DR>FU],11,2,7,1,M' D M' D2 M D M
rubiks-7,MidEdge3-V-C,MidEdge3-V-C#00,ME3[DL>RD>UF],ME3[DL>RD>UF],ME3[DL>RD>UF],11,2,8,1,U L2 U' S U L2 U' S'
rubiks-7,MidEdge3-V-D,MidEdge3-V-D#00,ME3[DL>RD>FU],ME3[DL>RD>FU],ME3[DL>RD>FU],11,2,8,1,S' U' R2 U S U' R2 U
rubiks-7,MidEdge3-Y-A,MidEdge3-Y-A#00,ME3[RF>FU>UR],ME3[RF>FU>UR],ME3[RF>FU>UR],3,2,12,1,S2 L' E R U' R' E' R U R' L S2
rubiks-7,MidEdge3-Y-B,MidEdge3-Y-B#00,ME3[RF>UF>RU],ME3[RF>UF>RU],ME3[RF>UF>RU],11,2,9,1,E2 R B' M' B2 M B' R' E2
rubiks-7,MidEdge4-A-A,MidEdge4-A-A#00,ME4s[DF<>UF;DR<>UR],ME4s[DF<>UF;DR<>UR],ME4s[DF<>UF;DR<>UR],12,0,11,1,S' U2 S U2 M U' M2 U2 M2 U' M'
rubiks-7,MidEdge4-A-B,MidEdge4-A-B#00,ME4[DF>FU;DR>RU;UF>DF;UR>DR],ME4[DF>FU;DR>RU;UF>DF;UR>DR],ME4[DF>FU;DR>RU;UF>DF;UR>DR],12,2,16,1,S2 D' L2 D S D' L2 D S M' U' S' U2 S U' M
rubiks-7,MidEdge4-A-C,MidEdge4-A-C#00,ME4[DF>FU;DR>UR;UF>DF;UR>RD],ME4[DF>FU;DR>UR;UF>DF;UR>RD],ME4[DF>FU;DR>UR;UF>DF;UR>RD],12,2,18,1,D2 L2 B2 S2 U' S U2 L2 S' U' S U L2 U' S B2 L2 D2
rubiks-7,MidEdge4-A-D,MidEdge4-A-D#00,ME4[DF>FU;DR>UR],ME4[DF>FU;DR>UR],ME4[DF>FU;DR>UR],12,2,19,1,S' U2 S U2 S2 U S2 U2 S2 U S2 B M' B' U2 B M B' U2
rubiks-7,MidEdge4-A-E,MidEdge4-A-E#00,ME4[DF>FU;DR>RU],ME4[DF>FU;DR>RU],ME4[DF>FU;DR>RU],12,4,22,1,D2 L2 B2 M' U B2 U' M' U M2 B2 M2 B2 U' M U B2 U' M B2 L2 D2
rubiks-7,MidEdge4-B-A,MidEdge4-B-A#00,ME4s[DF<>DR;UB<>UL],ME4s[DF<>DR;UB<>UL],ME4s[DF<>DR;UB<>UL],20,0,14,1,L2 D' M' D2 M D' L2 R2 U' M' U2 M U' R2
rubiks-7,MidEdge4-B-B,MidEdge4-B-B#00,ME4[DF>DR;DR>FD;UB>UL;UL>BU],ME4[DF>DR;DR>FD;UB>UL;UL>BU],ME4[DF>DR;DR>FD;UB>UL;UL>BU],20,2,21,1,U' M' U2 M U' S' U2 S U2 M U B2 U' M U M' B2 U2 M U M2
rubiks-7,MidEdge4-B-C,MidEdge4-B-C#00,ME4[DF>DR;DR>FD;UB>LU;UL>UB],ME4[DF>DR;DR>FD;UB>LU;UL>UB],ME4[DF>DR;DR>FD;UB>LU;UL>UB],20,2,16,1,M U' S' U2 S U' B2 M' B2 L2 D' M' D2 M D' L2
rubiks-7,MidEdge4-B-D,MidEdge4-B-D#00,ME4[DF>RD;UB>UL],ME4[DF>RD;UB>UL],ME4[DF>RD;UB>UL],12,2,15,1,M' U' S' U2 S U M U2 S2 U' S' U2 S U' S2
rubiks-7,MidEdge4-B-E,MidEdge4-B-E#00,ME4[DF>RD;UB>LU],ME4[DF>RD;UB>LU],ME4[DF>RD;UB>LU],12,4,15,1,M' D' M D2 M' D' M S' D' M' D2 M D S D2
rubiks-7,MidEdge4-C-A,MidEdge4-C-A#00,ME4s[DF<>UR;DL<>UB],ME4s[DF<>UR;DL<>UB],ME4s[DF<>UR;DL<>UB],12,0,13,1,U M' U2 M U S2 D2 S2 D' M' D2 M D
rubiks-7,MidEdge4-C-B,MidEdge4-C-B#00,ME4[DF>UR;DL>BU;UB>DL;UR>FD],ME4[DF>UR;DL>BU;UB>DL;UR>FD],ME4[DF>UR;DL>BU;UB>DL;UR>FD],20,2,19,1,L2 D R2 D' S D R2 D' S' L2 U' S U2 S' U' M' U2 M U2
rubiks-7,MidEdge4-C-C,MidEdge4-C-C#00,ME4[DF>UR;DL>UB;UB>LD;UR>FD],ME4[DF>UR;DL>UB;UB>LD;UR>FD],ME4[DF>UR;DL>UB;UB>LD;UR>FD],20,2,18,1,S U S' U2 S U S' M' U2 M U2 R2 D' M' D2 M D' R2
rubiks-7,MidEdge4-C-D,MidEdge4-C-D#00,ME4[DF>RU;DL>UB],ME4[DF>RU;DL>UB],ME4[DF>RU;DL>UB],12,2,14,1,M D' S D2 S' D' F2 M' U S U2 S' U F2
rubiks-7,MidEdge4-C-E,MidEdge4-C-E#00,ME4[DF>RU;DL>BU],ME4[DF>RU;DL>BU],ME4[DF>RU;DL>BU],12,4,16,1,S' D' S' D2 S D' U S' U2 S U S M2 D2 M2 D2
rubiks-7,MidEdge4-D-A,MidEdge4-D-A#00,ME4s[DB<>UF;DL<>UR],ME4s[DB<>UF;DL<>UR],ME4s[DB<>UF;DL<>UR],12,0,11,1,L2 B2 M2 U M2 U2 M2 U M2 B2 L2
rubiks-7,MidEdge4-D-B,MidEdge4-D-B#00,ME4[DB>FU;DL>RU;UF>DB;UR>DL],ME4[DB>FU;DL>RU;UF>DB;UR>DL],ME4[DB>FU;DL>RU;UF>DB;UR>DL],12,2,27,1,L2 B2 S2 U' S U2 L2 S' U' S U L2 U' S B2 L2 S' R S' R' D2 R S R S R2 D2
rubiks-7,MidEdge4-D-C,MidEdge4-D-C#00,ME4[DB>FU;DL>UR;UF>DB;UR>LD],ME4[DB>FU;DL>UR;UF>DB;UR>LD],ME4[DB>FU;DL>UR;UF>DB;UR>LD],12,2,16,1,L2 B2 S2 U' S U2 L2 S' U' S U L2 U' S B2 L2
rubiks-7,MidEdge4-D-D,MidEdge4-D-D#00,ME4[DB>FU;DL>UR],ME4[DB>FU;DL>UR],ME4[DB>FU;DL>UR],12,2,19,1,L2 B2 M2 U' M U2 M' U' M U B2 U' M' U B2 U' M2 B2 L2
rubiks-7,MidEdge4-D-E,MidEdge4-D-E#00,ME4[DB>FU;DL>RU],ME4[DB>FU;DL>RU],ME4[DB>FU;DL>RU],12,4,20,1,L2 B2 M' U B2 U' M' U M2 B2 M2 B2 U' M U B2 U' M B2 L2
rubiks-7,MidEdge4-F-A,MidEdge4-F-A#00,ME4s[DB<>DF;UB<>UF],ME4s[DB<>DF;UB<>UF],ME4s[DB<>DF;UB<>UF],12,0,4,1,M2 U2 M2 U2
rubiks-7,MidEdge4-F-B,MidEdge4-F-B#00,ME4[DB>DF;UB>FU],ME4[DB>DF;UB>FU],ME4[DB>DF;UB>FU],12,2,12,1,M D2 B M B' D2 B M' B' D2 M' D2
rubiks-7,MidEdge4-F-C,MidEdge4-F-C#00,ME4[DB>FD;DF>DB;UB>FU;UF>UB],ME4[DB>FD;DF>DB;UB>FU;UF>UB],ME4[DB>FD;DF>DB;UB>FU;UF>UB],12,2,12,1,D2 M B' M B D2 B' M' B F2 M' F2
rubiks-7,MidEdge4-F-D,MidEdge4-F-D#00,ME4[DB>FD;DF>DB;UB>UF;UF>BU],ME4[DB>FD;DF>DB;UB>UF;UF>BU],ME4[DB>FD;DF>DB;UB>UF;UF>BU],12,2,12,1,M' B' M' B U2 B' M B F2 M F2 U2
rubiks-7,MidEdge4-F-E,MidEdge4-F-E#00,ME4[DB>FD;UB>FU],ME4[DB>FD;UB>FU],ME4[DB>FD;UB>FU],12,4,16,1,F2 D' M D F2 D' M' D U M' U' F2 U M U' F2
rubiks-7,MidEdge4-H-A,MidEdge4-H-A#00,ME4s[UB<>UF;UL<>UR],ME4s[UB<>UF;UL<>UR],ME4s[UB<>UF;UL<>UR],12,0,7,1,M2 U M2 U2 M2 U M2
rubiks-7,MidEdge4-H-B,MidEdge4-H-B#00,ME4[UB>FU;UL>UR],ME4[UB>FU;UL>UR],ME4[UB>FU;UL>UR],12,2,15,1,M2 U' M U2 M' U' M U B2 U' M' U B2 U' M2
rubiks-7,MidEdge4-H-C,MidEdge4-H-C#00,ME4[UB>FU;UF>UB;UL>UR;UR>LU],ME4[UB>FU;UF>UB;UL>UR;UR>LU],ME4[UB>FU;UF>UB;UL>UR;UR>LU],12,2,12,1,S2 U' S U2 L2 S' U' S U L2 U' S
rubiks-7,MidEdge4-H-D,MidEdge4-H-D#00,ME4[UB>FU;UL>RU],ME4[UB>FU;UL>RU],ME4[UB>FU;UL>RU],12,4,16,1,M' U B2 U' M' U M2 B2 M2 B2 U' M U B2 U' M
rubiks-7,MidEdge4-II-A,MidEdge4-II-A#00,ME4[DB>DF;DF>FU;UB>BU;UF>DB],ME4[DB>DF;DF>FU;UB>BU;UF>DB],ME4[DB>DF;DF>FU;UB>BU;UF>DB],12,2,11,1,M2 D2 M2 D' M' D' B2 D M D' B2
rubiks-7,MidEdge4-II-B,MidEdge4-II-B#00,ME4[DB>FD;DF>FU;UB>BU;UF>BD],ME4[DB>FD;DF>FU;UB>BU;UF>BD],ME4[DB>FD;DF>FU;UB>BU;UF>BD],20,4,17,1,U' M' U F2 U' M U M' U' M' U F2 U' M U' M U2
rubiks-7,MidEdge4-II-C,MidEdge4-II-C#00,ME4[DB>FD;DF>UF;UB>BU;UF>DB],ME4[DB>FD;DF>UF;UB>BU;UF>DB],ME4[DB>FD;DF>UF;UB>BU;UF>DB],12,2,12,1,U2 M U2 D2 B' M B D2 B' M' B M'
rubiks-7,MidEdge4-II-D,MidEdge4-II-D#00,ME4[DB>DF;DF>UF;UB>BU;UF>BD],ME4[DB>DF;DF>UF;UB>BU;UF>BD],ME4[DB>DF;DF>UF;UB>BU;UF>BD],20,2,11,1,M D2 B M B' D2 B M' B M' B2
rubiks-7,MidEdge4-S-A,MidEdge4-S-A#00,ME4s[DL<>UB;DR<>UF],ME4s[DL<>UB;DR<>UF],ME4s[DL<>UB;DR<>UF],12,0,6,1,D' F2 M2 F2 M2 D
rubiks-7,MidEdge4-S-B,MidEdge4-S-B#00,ME4[DL>BU;DR>FU;UB>DL;UF>DR],ME4[DL>BU;DR>FU;UB>DL;UF>DR],ME4[DL>BU;DR>FU;UB>DL;UF>DR],20,2,13,1,D M D2 M' D M' D' B2 D M D' B2 D
rubiks-7,MidEdge4-S-C,MidEdge4-S-C#00,ME4[DL>UB;DR>FU;UB>LD;UF>DR],ME4[DL>UB;DR>FU;UB>LD;UF>DR],ME4[DL>UB;DR>FU;UB>LD;UF>DR],12,2,12,1,U S U2 S' U M' D M' D2 M D M
rubiks-7,MidEdge4-S-D,MidEdge4-S-D#00,ME4[DL>UB;DR>FU],ME4[DL>UB;DR>FU],ME4[DL>UB;DR>FU],12,2,12,1,M' D M' D2 M2 B2 M' D M D' B2 D
rubiks-7,MidEdge4-S-E,MidEdge4-S-E#00,ME4[DL>BU;DR>FU],ME4[DL>BU;DR>FU],ME4[DL>BU;DR>FU],4,4,13,1,M' D M' D2 M D M2 D' M D2 M' D' M'
rubiks-7,MidEdge4-T-A,MidEdge4-T-A#00,ME4s[DL<>DR;UB<>UF],ME4s[DL<>DR;UB<>UF],ME4s[DL<>DR;UB<>UF],12,0,5,1,U' S2 U2 S2 U'
rubiks-7,MidEdge4-T-B,MidEdge4-T-B#00,ME4[DL>DR;UB>FU],ME4[DL>DR;UB>FU],ME4[DL>DR;UB>FU],12,2,13,1,D M D2 M' D M D' F2 D M' D' F2 D
rubiks-7,MidEdge4-T-C,MidEdge4-T-C#00,ME4[DL>DR;DR>LD;UB>FU;UF>UB],ME4[DL>DR;DR>LD;UB>FU;UF>UB],ME4[DL>DR;DR>LD;UB>FU;UF>UB],12,2,11,1,S U' L2 U S' U' S L2 U2 S' U'
rubiks-7,MidEdge4-T-D,MidEdge4-T-D#00,ME4[DL>RD;UB>FU],ME4[DL>RD;UB>FU],ME4[DL>RD;UB>FU],12,4,13,1,S U L2 U' S2 U R2 U' S U L2 R2 U'
rubiks-7,MidEdge4-UU-A,MidEdge4-UU-A#00,ME4[UB>BU;UF>UL;UL>UR;UR>FU],ME4[UB>BU;UF>UL;UL>UR;UR>FU],ME4[UB>BU;UF>UL;UL>UR;UR>FU],12,2,12,1,M' U' B2 U M' U' B2 M2 U2 M2 U' M2
rubiks-7,MidEdge4-UU-B,MidEdge4-UU-B#00,ME4[UB>BU;UF>LU;UL>UR;UR>UF],ME4[UB>BU;UF>LU;UL>UR;UR>UF],ME4[UB>BU;UF>LU;UL>UR;UR>UF],12,2,12,1,M2 U' M2 U2 M2 B2 U' M U B2 U' M
rubiks-7,MidEdge4-UU-C,MidEdge4-UU-C#00,ME4[UB>BU;UF>UL;UL>RU;UR>UF],ME4[UB>BU;UF>UL;UL>RU;UR>UF],ME4[UB>BU;UF>UL;UL>RU;UR>UF],20,2,12,1,S' U' L2 U S' U' L2 S' U2 S U' S2
rubiks-7,MidEdge4-UU-D,MidEdge4-UU-D#00,ME4[UB>BU;UF>LU;UL>RU;UR>FU],ME4[UB>BU;UF>LU;UL>RU;UR>FU],ME4[UB>BU;UF>LU;UL>RU;UR>FU],12,4,15,1,S2 U R2 U' S' U R2 U' S2 U S U2 S' U S
rubiks-7,MidEdge4-VV-A,MidEdge4-VV-A#00,ME4[DL>DR;DR>FU;UB>BU;UF>DL],ME4[DL>DR;DR>FU;UB>BU;UF>DL],ME4[DL>DR;DR>FU;UB>BU;UF>DL],12,2,11,1,M D' F2 D M' D' F2 M2 D2 M2 D'
rubiks-7,MidEdge4-VV-B,MidEdge4-VV-B#00,ME4[DL>DR;DR>UF;UB>BU;UF>LD],ME4[DL>DR;DR>UF;UB>BU;UF>LD],ME4[DL>DR;DR>UF;UB>BU;UF>LD],12,2,11,1,D' M2 D2 M2 F2 D' M D F2 D' M'
rubiks-7,MidEdge4-VV-C,MidEdge4-VV-C#00,ME4[DL>RD;DR>UF;UB>BU;UF>DL],ME4[DL>RD;DR>UF;UB>BU;UF>DL],ME4[DL>RD;DR>UF;UB>BU;UF>DL],20,2,11,1,S' U R2 U' S U R2 S U2 S' U
rubiks-7,MidEdge4-VV-D,MidEdge4-VV-D#00,ME4[DL>RD;DR>FU;UB>BU;UF>LD],ME4[DL>RD;DR>FU;UB>BU;UF>LD],ME4[DL>RD;DR>FU;UB>BU;UF>LD],12,4,14,1,S U' S U2 S' U' S2 U R2 U' S U R2 U'
rubiks-7,MidEdge4-X-A,MidEdge4-X-A#00,ME4s[DB<>UF;DF<>UB],ME4s[DB<>UF;DF<>UB],ME4s[DB<>UF;DF<>UB],12,0,6,1,F2 M2 U2 M2 U2 F2
rubiks-7,MidEdge4-X-B,MidEdge4-X-B#00,ME4[DB>UF;DF>BU],ME4[DB>UF;DF>BU],ME4[DB>UF;DF>BU],12,2,12,1,F' M' F D2 F' M F D2 M D2 M' D2
rubiks-7,MidEdge4-X-C,MidEdge4-X-C#00,ME4[DB>FU;DF>UB;UB>FD;UF>DB],ME4[DB>FU;DF>UB;UB>FD;UF>DB],ME4[DB>FU;DF>UB;UB>FD;UF>DB],12,2,12,1,M' F2 U M' U' F2 U M U' B2 M B2
rubiks-7,MidEdge4-X-D,MidEdge4-X-D#00,ME4[DB>FU;DF>BU],ME4[DB>FU;DF>BU],ME4[DB>FU;DF>BU],12,4,14,1,B M B' D2 B M' B' F M' F' D2 F M F'
rubiks-7,MidEdge4-Z-A,MidEdge4-Z-A#00,ME4s[UB<>UL;UF<>UR],ME4s[UB<>UL;UF<>UR],ME4s[UB<>UL;UF<>UR],12,0,8,1,M2 U' F2 M2 F2 M2 U M2
rubiks-7,MidEdge4-Z-B,MidEdge4-Z-B#00,ME4[UB>UL;UF>UR;UL>BU;UR>FU],ME4[UB>UL;UF>UR;UL>BU;UR>FU],ME4[UB>UL;UF>UR;UL>BU;UR>FU],20,2,15,1,M2 U M U2 M' U M' U' F2 U M U' F2 U M2
rubiks-7,MidEdge4-Z-C,MidEdge4-Z-C#00,ME4[UB>LU;UF>UR;UL>UB;UR>FU],ME4[UB>LU;UF>UR;UL>UB;UR>FU],ME4[UB>LU;UF>UR;UL>UB;UR>FU],12,2,12,1,M2 U' M' F2 U2 M U' M' U' F2 U M'
rubiks-7,MidEdge4-Z-D,MidEdge4-Z-D#00,ME4[UB>UL;UF>RU],ME4[UB>UL;UF>RU],ME4[UB>UL;UF>RU],12,2,13,1,M2 U' M' U2 M U' M' U' M' U2 M U' M'
rubiks-7,MidEdge4-Z-E,MidEdge4-Z-E#00,ME4[UB>LU;UF>RU],ME4[UB>LU;UF>RU],ME4[UB>LU;UF>RU],4,4,13,1,S' U' S U2 S' U' S2 U S' U2 S U S'
rubiks-7,MidEdgeFlip-A2,MidEdgeFlip-A2#00,ME2[UB>BU;UF>FU]~v01,ME2[UB>BU;UF>FU]~v01,ME2[UB>BU;UF>FU],10,2,11,2,U2 M' U M' U F2 U' M U M F2
rubiks-7,MidEdgeFlip-A2I,MidEdgeFlip-A2I#00,ME2[UB>BU;UF>FU]~v02,ME2[UB>BU;UF>FU]~v02,ME2[UB>BU;UF>FU],10,2,11,2,F2 M' U' M' U F2 U' M U' M U2
rubiks-7,MidEdgeFlip-B2,MidEdgeFlip-B2#00,ME2[UF>FU;UR>RU]~v01,ME2[UF>FU;UR>RU]~v01,ME2[UF>FU;UR>RU],10,2,12,2,M U M' U2 B2 M U M U' B2 U M2
rubiks-7,MidEdgeFlip-B2I,MidEdgeFlip-B2I#00,ME2[UF>FU;UR>RU]~v02,ME2[UF>FU;UR>RU]~v02,ME2[UF>FU;UR>RU],10,2,12,2,M2 U' B2 U M' U' M' B2 U2 M U' M'
rubiks-7,MidEdgeFlip-C2,MidEdgeFlip-C2#00,ME2[BR>RB;DF>FD]~v01,ME2[BR>RB;DF>FD]~v01,ME2[BR>RB;DF>FD],10,2,11,2,E F E F2 R2 E' F E' F' R2 F
rubiks-7,MidEdgeFlip-C2I,MidEdgeFlip-C2I#00,ME2[BR>RB;DF>FD]~v02,ME2[BR>RB;DF>FD]~v02,ME2[BR>RB;DF>FD],10,2,11,2,F' R2 F E F' E R2 F2 E' F' E'
rubiks-7,MidEdgeFlip-D2,MidEdgeFlip-D2#00,ME2[BR>RB;FL>LF]~v01,ME2[BR>RB;FL>LF]~v01,ME2[BR>RB;FL>LF],10,2,11,2,E R E R' F2 R E' R E' R2 F2
rubiks-7,MidEdgeFlip-D2I,MidEdgeFlip-D2I#00,ME2[BR>RB;FL>LF]~v02,ME2[BR>RB;FL>LF]~v02,ME2[BR>RB;FL>LF],10,2,11,2,F2 R2 E R' E R' F2 R E' R' E'
rubiks-7,MidEdgeFlip-E4,MidEdgeFlip-E4#00,ME4[DB>BD;DF>FD;DL>LD;DR>RD]~v01,ME4[DB>BD;DF>FD;DL>LD;DR>RD]~v01,ME4[DB>BD;DF>FD;DL>LD;DR>RD],12,4,19,2,M D M' D2 M D M' S2 D S D2 S' L2 D S' D' L2 D S'
rubiks-7,MidEdgeFlip-E4I,MidEdgeFlip-E4I#00,ME4[DB>BD;DF>FD;DL>LD;DR>RD]~v02,ME4[DB>BD;DF>FD;DL>LD;DR>RD]~v02,ME4[DB>BD;DF>FD;DL>LD;DR>RD],12,4,19,2,S D' L2 D S D' L2 S D2 S' D' S2 M D' M' D2 M D' M'
rubiks-7,MidEdgeFlip-F4,MidEdgeFlip-F4#00,ME4[DB>BD;DF>FD;UB>BU;UF>FU]~v01,ME4[DB>BD;DF>FD;UB>BU;UF>FU]~v01,ME4[DB>BD;DF>FD;UB>BU;UF>FU],12,4,19,2,F2 M' F' M' F' D2 F M F' M2 B' M B D2 B' M' B' M' B2
rubiks-7,MidEdgeFlip-F4I,MidEdgeFlip-F4I#00,ME4[DB>BD;DF>FD;UB>BU;UF>FU]~v02,ME4[DB>BD;DF>FD;UB>BU;UF>FU]~v02,ME4[DB>BD;DF>FD;UB>BU;UF>FU],12,4,19,2,B2 M B M B D2 B' M' B M2 F M' F' D2 F M F M F2
rubiks-7,MidEdgeFlip-G4,MidEdgeFlip-G4#00,ME4[DB>BD;DF>FD;UL>LU;UR>RU]~v01,ME4[DB>BD;DF>FD;UL>LU;UR>RU]~v01,ME4[DB>BD;DF>FD;UL>LU;UR>RU],20,4,18,2,M' U' M' U2 M U' M2 U B2 U' M' U B2 M D2 M' D2 U'
rubiks-7,MidEdgeFlip-G4I,MidEdgeFlip-G4I#00,ME4[DB>BD;DF>FD;UL>LU;UR>RU]~v02,ME4[DB>BD;DF>FD;UL>LU;UR>RU]~v02,ME4[DB>BD;DF>FD;UL>LU;UR>RU],20,4,18,2,U D2 M D2 M' B2 U' M U B2 U' M2 U M' U2 M U M
rubiks-7,Oblique-Center-4A,Oblique-Center-4A#00,CtrObl6p[3x2][B@2L.3U>B@2R.3D>U@2R.3B;D@2R.3B>F@2L.3U>F@2R.3D],CtrObl6p[3x2][B@2L.3U>B@2R.3D>U@2R.3B;D@2R.3B>F@2L.3U>F@2R.3D],CtrObl6p[3x2][B@2L.3U>B@2R.3D>U@2R.3B;D@2R.3B>F@2L.3U>F@2R.3D],6,0,5,1,2R2 3U2 2R 3U2 2R
rubiks-7,Oblique-Center-4B,Oblique-Center-4B#00,CtrObl6p[3x2][B@2L.3U>D@2R.3F>B@2R.3D;F@2L.3U>U@2R.3F>F@2R.3D],CtrObl6p[3x2][B@2L.3U>D@2R.3F>B@2R.3D;F@2L.3U>U@2R.3F>F@2R.3D],CtrObl6p[3x2][B@2L.3U>D@2R.3F>B@2R.3D;F@2L.3U>U@2R.3F>F@2R.3D],6,0,5,1,2R 3U2 2R 3U2 2R2
rubiks-7,Oblique-Center-4C,Oblique-Center-4C#00,CtrObl6p[3x2][B@2R.3D>B@3R.2U>D@2R.3F;F@2R.3D>F@3R.2U>U@2R.3F],CtrObl6p[3x2][B@2R.3D>B@3R.2U>D@2R.3F;F@2R.3D>F@3R.2U>U@2R.3F],CtrObl6p[3x2][B@2R.3D>B@3R.2U>D@2R.3F;F@2R.3D>F@3R.2U>U@2R.3F],6,0,6,1,2U 3F 2R 3F' 2R' 2U'
rubiks-7,Oblique-Center-4D,Oblique-Center-4D#00,CtrObl6p[3x2][B@2R.3D>D@2R.3F>D@3L.2F;F@2R.3D>U@2R.3F>U@3L.2F],CtrObl6p[3x2][B@2R.3D>D@2R.3F>D@3L.2F;F@2R.3D>U@2R.3F>U@3L.2F],CtrObl6p[3x2][B@2R.3D>D@2R.3F>D@3L.2F;F@2R.3D>U@2R.3F>U@3L.2F],6,0,6,1,2F' 3D 2R' 3D' 2R 2F
rubiks-7,Oblique-Center-4WA,Oblique-Center-4WA#00,CtrObl6p[3x2][B@2R.3U>U@2R.3F>U@2L.3B;D@2L.3B>F@2R.3U>D@3L.2F],CtrObl6p[3x2][B@2R.3U>U@2R.3F>U@2L.3B;D@2L.3B>F@2R.3U>D@3L.2F],CtrObl6p[3x2][B@2R.3U>U@2R.3F>U@2L.3B;D@2L.3B>F@2R.3U>D@3L.2F],6,0,8,1,2L 3U2 D 2R 3U2 2R' D' 2L'
rubiks-7,Oblique-Center-4WB,Oblique-Center-4WB#00,CtrObl6p[3x2][B@2R.3U>U@3L.2F>U@2L.3B;D@2L.3B>F@2R.3U>D@2R.3F],CtrObl6p[3x2][B@2R.3U>U@3L.2F>U@2L.3B;D@2L.3B>F@2R.3U>D@2R.3F],CtrObl6p[3x2][B@2R.3U>U@3L.2F>U@2L.3B;D@2L.3B>F@2R.3U>D@2R.3F],6,0,8,1,2L 3U2 U' 2R 3U2 2R' U 2L'
rubiks-7,Oblique-Center-4XA,Oblique-Center-4XA#00,CtrObl6p[3x2][B@2R.3D>D@2L.3B>D@2R.3F;F@2R.3D>U@2L.3B>U@3R.2B],CtrObl6p[3x2][B@2R.3D>D@2L.3B>D@2R.3F;F@2R.3D>U@2L.3B>U@3R.2B],CtrObl6p[3x2][B@2R.3D>D@2L.3B>D@2R.3F;F@2R.3D>U@2L.3B>U@3R.2B],6,0,8,1,2L' U 2R' 3D2 2R U' 3D2 2L
rubiks-7,Oblique-Center-4XB,Oblique-Center-4XB#00,CtrObl6p[3x2][B@2R.3D>D@2L.3B>D@3R.2B;F@2R.3D>U@2L.3B>U@2R.3F],CtrObl6p[3x2][B@2R.3D>D@2L.3B>D@3R.2B;F@2R.3D>U@2L.3B>U@2R.3F],CtrObl6p[3x2][B@2R.3D>D@2L.3B>D@3R.2B;F@2R.3D>U@2L.3B>U@2R.3F],6,0,8,1,2L' D' 2R' 3D2 2R D 3D2 2L
rubiks-7,Oblique-Center-4YA,Oblique-Center-4YA#00,CtrObl6p[3x2][B@2R.3U>U@3R.2B>U@3L.2F;D@2R.3F>F@2R.3U>D@3R.2B],CtrObl6p[3x2][B@2R.3U>U@3R.2B>U@3L.2F;D@2R.3F>F@2R.3U>D@3R.2B],CtrObl6p[3x2][B@2R.3U>U@3R.2B>U@3L.2F;D@2R.3F>F@2R.3U>D@3R.2B],6,0,8,1,2B U' 2R 3U 2R' U 3U' 2B'
rubiks-7,Oblique-Center-4YB,Oblique-Center-4YB#00,CtrObl6p[3x2][B@2R.3U>U@3R.2B>U@2R.3F;D@3L.2F>F@2R.3U>D@3R.2B],CtrObl6p[3x2][B@2R.3U>U@3R.2B>U@2R.3F;D@3L.2F>F@2R.3U>D@3R.2B],CtrObl6p[3x2][B@2R.3U>U@3R.2B>U@2R.3F;D@3L.2F>F@2R.3U>D@3R.2B],6,0,8,1,2B D 2R 3U 2R' D' 3U' 2B'
rubiks-7,Oblique-Center-4YC,Oblique-Center-4YC#00,CtrObl6p[3x2][B@2R.3U>U@2L.3B>U@3L.2F;D@2L.3B>D@2R.3F>F@2R.3U],CtrObl6p[3x2][B@2R.3U>U@2L.3B>U@3L.2F;D@2L.3B>D@2R.3F>F@2R.3U],CtrObl6p[3x2][B@2R.3U>U@2L.3B>U@3L.2F;D@2L.3B>D@2R.3F>F@2R.3U],6,0,8,1,2L U' 2R 3U2 2R' U 3U2 2L'
rubiks-7,Oblique-Center-4YD,Oblique-Center-4YD#00,CtrObl6p[3x2][B@2R.3U>U@2L.3B>U@2R.3F;D@2L.3B>D@3L.2F>F@2R.3U],CtrObl6p[3x2][B@2R.3U>U@2L.3B>U@2R.3F;D@2L.3B>D@3L.2F>F@2R.3U],CtrObl6p[3x2][B@2R.3U>U@2L.3B>U@2R.3F;D@2L.3B>D@3L.2F>F@2R.3U],6,0,8,1,2L D 2R 3U2 2R' D' 3U2 2L'
rubiks-7,Oblique-Center-4ZA,Oblique-Center-4ZA#00,CtrObl6p[3x2][B@2L.3U>D@2R.3F>B@2R.3D;F@2L.3U>U@2L.3B>F@2R.3D],CtrObl6p[3x2][B@2L.3U>D@2R.3F>B@2R.3D;F@2L.3U>U@2L.3B>F@2R.3D],CtrObl6p[3x2][B@2L.3U>D@2R.3F>B@2R.3D;F@2L.3U>U@2L.3B>F@2R.3D],6,0,7,1,U2 2R 3U2 2R 3U2 2R2 U2
rubiks-7,Oblique-Center-4ZB,Oblique-Center-4ZB#00,CtrObl6p[3x2][B@2L.3U>D@2L.3B>B@2R.3D;F@2L.3U>U@2R.3F>F@2R.3D],CtrObl6p[3x2][B@2L.3U>D@2L.3B>B@2R.3D;F@2L.3U>U@2R.3F>F@2R.3D],CtrObl6p[3x2][B@2L.3U>D@2L.3B>B@2R.3D;F@2L.3U>U@2R.3F>F@2R.3D],6,0,7,1,D2 2R 3U2 2R 3U2 2R2 D2
rubiks-7,Oblique-Center-4ZC,Oblique-Center-4ZC#00,CtrObl8s~v01,CtrObl8s~v01,CtrObl8s,8,0,8,8,U2 2R 3U2 2R' U2 2L2 3U2 2L2
rubiks-7,Oblique-Center-4ZD,Oblique-Center-4ZD#00,CtrObl8s~v02,CtrObl8s~v02,CtrObl8s,8,0,8,8,D2 2R 3U2 2R' D2 2L2 3U2 2L2
rubiks-7,Oblique-Center-6A,Oblique-Center-6A#00,CtrObl6p[3x2][B@2R.3U>L@3F.2U>U@2R.3F;D@2R.3F>F@2R.3U>R@3F.2U],CtrObl6p[3x2][B@2R.3U>L@3F.2U>U@2R.3F;D@2R.3F>F@2R.3U>R@3F.2U],CtrObl6p[3x2][B@2R.3U>L@3F.2U>U@2R.3F;D@2R.3F>F@2R.3U>R@3F.2U],6,0,4,1,2R 3U 2R' 3U'
rubiks-7,Oblique-Center-6B,Oblique-Center-6B#00,CtrObl6p[3x2][B@2R.3U>R@3F.2D>U@2R.3F;D@2R.3F>F@2R.3U>L@3F.2D],CtrObl6p[3x2][B@2R.3U>R@3F.2D>U@2R.3F;D@2R.3F>F@2R.3U>L@3F.2D],CtrObl6p[3x2][B@2R.3U>R@3F.2D>U@2R.3F;D@2R.3F>F@2R.3U>L@3F.2D],6,0,4,1,2R 3U' 2R' 3U
rubiks-7,Oblique-Center-6C,Oblique-Center-6C#00,CtrObl6p[3x2][B@2L.3U>D@2R.3F>F@2R.3U;B@2R.3U>F@2L.3U>U@2R.3F],CtrObl6p[3x2][B@2L.3U>D@2R.3F>F@2R.3U;B@2R.3U>F@2L.3U>U@2R.3F],CtrObl6p[3x2][B@2L.3U>D@2R.3F>F@2R.3U;B@2R.3U>F@2L.3U>U@2R.3F],6,0,4,1,2R 3U2 2R' 3U2
rubiks-7,Oblique-Center-6D,Oblique-Center-6D#00,CtrObl6p[3x2][B@2R.3D>F@2R.3U>R@3F.2U;B@2R.3U>L@3F.2U>F@2R.3D],CtrObl6p[3x2][B@2R.3D>F@2R.3U>R@3F.2U;B@2R.3U>L@3F.2U>F@2R.3D],CtrObl6p[3x2][B@2R.3D>F@2R.3U>R@3F.2U;B@2R.3U>L@3F.2U>F@2R.3D],6,0,4,1,2R2 3U 2R2 3U'
rubiks-7,Oblique-Center-6E,Oblique-Center-6E#00,CtrObl10p[5x2]~v01,CtrObl10p[5x2]~v01,CtrObl10p[5x2],10,0,11,3,2R' 3F' 2U' 3F 2U 2R 3L 2F2 3L 2F2 3L2
rubiks-7,Oblique-Center-6F,Oblique-Center-6F#00,CtrObl10p[5x2]~v02,CtrObl10p[5x2]~v02,CtrObl10p[5x2],10,0,11,3,3L 2F' 3D 2F 3D' 2L 3L' 3B2 2L 3B2 2L2
rubiks-7,Oblique-Center-6G,Oblique-Center-6G#00,CtrObl6p[3x2][B@2R.3D>R@3F.2U>D@2R.3F;F@2R.3D>L@3F.2U>U@2R.3F],CtrObl6p[3x2][B@2R.3D>R@3F.2U>D@2R.3F;F@2R.3D>L@3F.2U>U@2R.3F],CtrObl6p[3x2][B@2R.3D>R@3F.2U>D@2R.3F;F@2R.3D>L@3F.2U>U@2R.3F],6,0,5,1,2R 3U 2R 3U' 2R2
rubiks-7,Oblique-Center-6H,Oblique-Center-6H#00,CtrObl6p[3x2][B@2R.3D>L@3F.2D>D@2R.3F;F@2R.3D>R@3F.2D>U@2R.3F],CtrObl6p[3x2][B@2R.3D>L@3F.2D>D@2R.3F;F@2R.3D>R@3F.2D>U@2R.3F],CtrObl6p[3x2][B@2R.3D>L@3F.2D>D@2R.3F;F@2R.3D>R@3F.2D>U@2R.3F],6,0,5,1,2R 3U' 2R 3U 2R2
rubiks-7,Oblique-Center-6I,Oblique-Center-6I#00,CtrObl6p[3x2][B@2R.3D>D@2R.3F>R@3F.2U;F@2R.3D>U@2R.3F>L@3F.2U],CtrObl6p[3x2][B@2R.3D>D@2R.3F>R@3F.2U;F@2R.3D>U@2R.3F>L@3F.2U],CtrObl6p[3x2][B@2R.3D>D@2R.3F>R@3F.2U;F@2R.3D>U@2R.3F>L@3F.2U],6,0,5,1,2R2 3U 2R' 3U' 2R'
rubiks-7,Oblique-Center-6J,Oblique-Center-6J#00,CtrObl6p[3x2][B@2R.3D>D@2R.3F>L@3F.2D;F@2R.3D>U@2R.3F>R@3F.2D],CtrObl6p[3x2][B@2R.3D>D@2R.3F>L@3F.2D;F@2R.3D>U@2R.3F>R@3F.2D],CtrObl6p[3x2][B@2R.3D>D@2R.3F>L@3F.2D;F@2R.3D>U@2R.3F>R@3F.2D],6,0,5,1,2R2 3U' 2R' 3U 2R'
rubiks-7,Oblique-Center-6K,Oblique-Center-6K#00,CtrObl6p[3x2][B@2L.3U>F@2R.3U>R@3F.2U;B@2R.3U>L@3F.2U>F@2L.3U],CtrObl6p[3x2][B@2L.3U>F@2R.3U>R@3F.2U;B@2R.3U>L@3F.2U>F@2L.3U],CtrObl6p[3x2][B@2L.3U>F@2R.3U>R@3F.2U;B@2R.3U>L@3F.2U>F@2L.3U],6,0,7,1,2R2 3U 2R2 3U 2R2 3U2 2R2
rubiks-7,Oblique-Center-6L,Oblique-Center-6L#00,CtrObl6p[3x2][B@2L.3U>L@3F.2D>F@2R.3U;B@2R.3U>F@2L.3U>R@3F.2D],CtrObl6p[3x2][B@2L.3U>L@3F.2D>F@2R.3U;B@2R.3U>F@2L.3U>R@3F.2D],CtrObl6p[3x2][B@2L.3U>L@3F.2D>F@2R.3U;B@2R.3U>F@2L.3U>R@3F.2D],6,0,7,1,2R2 3U2 2R2 3U 2R2 3U 2R2
rubiks-7,Oblique-Center-6M,Oblique-Center-6M#00,CtrObl6p[3x2][B@3R.2D>R@2F.3U>L@2F.3D;F@3R.2D>L@2F.3U>R@2F.3D],CtrObl6p[3x2][B@3R.2D>R@2F.3U>L@2F.3D;F@3R.2D>L@2F.3U>R@2F.3D],CtrObl6p[3x2][B@3R.2D>R@2F.3U>L@2F.3D;F@3R.2D>L@2F.3U>R@2F.3D],6,0,5,1,2U 3R2 2U2 3R2 2U
rubiks-7,Oblique-Center-6N,Oblique-Center-6N#00,CtrObl6p[3x2][B@3R.2D>R@3F.2D>L@3B.2D;F@3R.2D>L@3F.2D>R@3B.2D],CtrObl6p[3x2][B@3R.2D>R@3F.2D>L@3B.2D;F@3R.2D>L@3F.2D>R@3B.2D],CtrObl6p[3x2][B@3R.2D>R@3F.2D>L@3B.2D;F@3R.2D>L@3F.2D>R@3B.2D],6,0,5,1,2F 3R 2F2 3R' 2F
rubiks-7,Oblique-Center-6O,Oblique-Center-6O#00,CtrObl6p[3x2][B@3R.2D>L@3B.2D>R@3F.2D;F@3R.2D>R@3B.2D>L@3F.2D],CtrObl6p[3x2][B@3R.2D>L@3B.2D>R@3F.2D;F@3R.2D>R@3B.2D>L@3F.2D],CtrObl6p[3x2][B@3R.2D>L@3B.2D>R@3F.2D;F@3R.2D>R@3B.2D>L@3F.2D],6,0,5,1,2F' 3R 2F2 3R' 2F'
rubiks-7,Oblique-Center-8,Oblique-Center-8#00,CtrObl10p[5x2]~v03,CtrObl10p[5x2]~v03,CtrObl10p[5x2],10,0,9,3,3U2 2R2 3U' 2R2 3U' 2R2 3U' 2R2 3U
rubiks-7,Oblique-Center-Adjacent3Center-AAA,Oblique-Center-Adjacent3Center-AAA#00,CtrObl3[F@2R.3U>U@3R.2F>R@2F.3D],CtrObl3[F@2R.3U>U@3R.2F>R@2F.3D],CtrObl3[F@2R.3U>U@3R.2F>R@2F.3D],3,0,10,1,F 2D R2 2D' 3R' 2D R2 2D' 3R F'
rubiks-7,Oblique-Center-Adjacent3Center-AAB,Oblique-Center-Adjacent3Center-AAB#00,CtrObl3[F@2L.3U>U@2R.3F>R@3F.2D],CtrObl3[F@2L.3U>U@2R.3F>R@3F.2D],CtrObl3[F@2L.3U>U@2R.3F>R@3F.2D],3,0,8,1,3U 2L' U2 2L 3U' 2L' U2 2L
rubiks-7,Oblique-Center-Adjacent3Center-AAC,Oblique-Center-Adjacent3Center-AAC#00,CtrObl3[F@2L.3D>U@3R.2F>R@2F.3D],CtrObl3[F@2L.3D>U@3R.2F>R@2F.3D],CtrObl3[F@2L.3D>U@3R.2F>R@2F.3D],3,0,10,1,F' 2D R2 2D' 3R' 2D R2 2D' 3R F
rubiks-7,Oblique-Center-Adjacent3Center-AAD,Oblique-Center-Adjacent3Center-AAD#00,CtrObl3[F@3R.2D>U@3R.2F>R@2F.3D],CtrObl3[F@3R.2D>U@3R.2F>R@2F.3D],CtrObl3[F@3R.2D>U@3R.2F>R@2F.3D],3,0,8,1,2D R2 2D' 3R' 2D R2 2D' 3R
rubiks-7,Oblique-Center-Adjacent3Center-ABC,Oblique-Center-Adjacent3Center-ABC#00,CtrObl3[F@2L.3D>U@2R.3B>R@2F.3D],CtrObl3[F@2L.3D>U@2R.3B>R@2F.3D],CtrObl3[F@2L.3D>U@2R.3B>R@2F.3D],3,0,10,1,U2 2L' D' 3F' D 2L D' 3F D U2
rubiks-7,Oblique-Center-Adjacent3Center-ADC,Oblique-Center-Adjacent3Center-ADC#00,CtrObl3[F@2L.3D>U@2L.3F>R@2F.3D],CtrObl3[F@2L.3D>U@2L.3F>R@2F.3D],CtrObl3[F@2L.3D>U@2L.3F>R@2F.3D],3,0,8,1,2L' D' 3F' D 2L D' 3F D
rubiks-7,Oblique-Center-Adjacent3Center-BAD,Oblique-Center-Adjacent3Center-BAD#00,CtrObl3[F@2R.3D>U@2R.3F>R@2B.3D],CtrObl3[F@2R.3D>U@2R.3F>R@2B.3D],CtrObl3[F@2R.3D>U@2R.3F>R@2B.3D],3,0,8,1,2R D 3F' D' 2R' D 3F D'
rubiks-7,Oblique-Center-Adjacent3Center-BBA,Oblique-Center-Adjacent3Center-BBA#00,CtrObl3[F@3R.2U>U@3R.2B>R@2B.3D],CtrObl3[F@3R.2U>U@3R.2B>R@2B.3D],CtrObl3[F@3R.2U>U@3R.2B>R@2B.3D],3,0,8,1,2U' R2 2U 3R' 2U' R2 2U 3R
rubiks-7,Oblique-Center-Adjacent3Center-BBB,Oblique-Center-Adjacent3Center-BBB#00,CtrObl3[F@3L.2U>U@2R.3B>R@3B.2D],CtrObl3[F@3L.2U>U@2R.3B>R@3B.2D],CtrObl3[F@3L.2U>U@2R.3B>R@3B.2D],3,0,10,1,F' 3D' 2L' U2 2L 3D 2L' U2 2L F
rubiks-7,Oblique-Center-Adjacent3Center-BBC,Oblique-Center-Adjacent3Center-BBC#00,CtrObl3[F@2L.3D>U@2R.3B>R@3B.2D],CtrObl3[F@2L.3D>U@2R.3B>R@3B.2D],CtrObl3[F@2L.3D>U@2R.3B>R@3B.2D],3,0,8,1,3D' 2L' U2 2L 3D 2L' U2 2L
rubiks-7,Oblique-Center-Adjacent3Center-BBD,Oblique-Center-Adjacent3Center-BBD#00,CtrObl3[F@3R.2D>U@2R.3B>R@3B.2D],CtrObl3[F@3R.2D>U@2R.3B>R@3B.2D],CtrObl3[F@3R.2D>U@2R.3B>R@3B.2D],3,0,10,1,F 3D' 2L' U2 2L 3D 2L' U2 2L F'
rubiks-7,Oblique-Center-Adjacent3Center-BCD,Oblique-Center-Adjacent3Center-BCD#00,CtrObl3[F@2R.3D>U@2L.3B>R@2B.3D],CtrObl3[F@2R.3D>U@2L.3B>R@2B.3D],CtrObl3[F@2R.3D>U@2L.3B>R@2B.3D],3,0,10,1,U2 2R D 3F' D' 2R' D 3F D' U2
rubiks-7,Oblique-Center-Adjacent3Center-CBA,Oblique-Center-Adjacent3Center-CBA#00,CtrObl3[F@2R.3U>U@2R.3B>R@2B.3U],CtrObl3[F@2R.3U>U@2R.3B>R@2B.3U],CtrObl3[F@2R.3U>U@2R.3B>R@2B.3U],3,0,8,1,2R D' 3B D 2R' D' 3B' D
rubiks-7,Oblique-Center-Adjacent3Center-CCA,Oblique-Center-Adjacent3Center-CCA#00,CtrObl3[F@2R.3U>U@3L.2B>R@2B.3U],CtrObl3[F@2R.3U>U@3L.2B>R@2B.3U],CtrObl3[F@2R.3U>U@3L.2B>R@2B.3U],3,0,10,1,F' 2U' R2 2U 3L 2U' R2 2U 3L' F
rubiks-7,Oblique-Center-Adjacent3Center-CCB,Oblique-Center-Adjacent3Center-CCB#00,CtrObl3[F@3L.2U>U@3L.2B>R@2B.3U],CtrObl3[F@3L.2U>U@3L.2B>R@2B.3U],CtrObl3[F@3L.2U>U@3L.2B>R@2B.3U],3,0,8,1,2U' R2 2U 3L 2U' R2 2U 3L'
rubiks-7,Oblique-Center-Adjacent3Center-CCC,Oblique-Center-Adjacent3Center-CCC#00,CtrObl3[F@2L.3D>U@3L.2B>R@2B.3U],CtrObl3[F@2L.3D>U@3L.2B>R@2B.3U],CtrObl3[F@2L.3D>U@3L.2B>R@2B.3U],3,0,10,1,F 2U' R2 2U 3L 2U' R2 2U 3L' F'
rubiks-7,Oblique-Center-Adjacent3Center-CCD,Oblique-Center-Adjacent3Center-CCD#00,CtrObl3[F@2R.3D>U@2L.3B>R@3B.2U],CtrObl3[F@2R.3D>U@2L.3B>R@3B.2U],CtrObl3[F@2R.3D>U@2L.3B>R@3B.2U],3,0,8,1,3D' 2R U2 2R' 3D 2R U2 2R'
rubiks-7,Oblique-Center-Adjacent3Center-CDA,Oblique-Center-Adjacent3Center-CDA#00,CtrObl3[F@2R.3U>U@2L.3F>R@2B.3U],CtrObl3[F@2R.3U>U@2L.3F>R@2B.3U],CtrObl3[F@2R.3U>U@2L.3F>R@2B.3U],3,0,10,1,U2 2R D' 3B D 2R' D' 3B' D U2
rubiks-7,Oblique-Center-Adjacent3Center-DAB,Oblique-Center-Adjacent3Center-DAB#00,CtrObl3[F@2L.3U>U@2R.3F>R@2F.3U],CtrObl3[F@2L.3U>U@2R.3F>R@2F.3U],CtrObl3[F@2L.3U>U@2R.3F>R@2F.3U],3,0,10,1,U2 2L' D 3B D' 2L D 3B' D' U2
rubiks-7,Oblique-Center-Adjacent3Center-DCB,Oblique-Center-Adjacent3Center-DCB#00,CtrObl3[F@2L.3U>U@2L.3B>R@2F.3U],CtrObl3[F@2L.3U>U@2L.3B>R@2F.3U],CtrObl3[F@2L.3U>U@2L.3B>R@2F.3U],3,0,8,1,2L' D 3B D' 2L D 3B' D'
rubiks-7,Oblique-Center-Adjacent3Center-DDA,Oblique-Center-Adjacent3Center-DDA#00,CtrObl3[F@2R.3U>U@2L.3F>R@3F.2U],CtrObl3[F@2R.3U>U@2L.3F>R@3F.2U],CtrObl3[F@2R.3U>U@2L.3F>R@3F.2U],3,0,8,1,3U 2R U2 2R' 3U' 2R U2 2R'
rubiks-7,Oblique-Center-Adjacent3Center-DDB,Oblique-Center-Adjacent3Center-DDB#00,CtrObl3[F@3L.2U>U@2L.3F>R@3F.2U],CtrObl3[F@3L.2U>U@2L.3F>R@3F.2U],CtrObl3[F@3L.2U>U@2L.3F>R@3F.2U],3,0,10,1,F 3U 2R U2 2R' 3U' 2R U2 2R' F'
rubiks-7,Oblique-Center-Adjacent3Center-DDC,Oblique-Center-Adjacent3Center-DDC#00,CtrObl3[F@3L.2D>U@3L.2F>R@2F.3U],CtrObl3[F@3L.2D>U@3L.2F>R@2F.3U],CtrObl3[F@3L.2D>U@3L.2F>R@2F.3U],3,0,8,1,2D R2 2D' 3L 2D R2 2D' 3L'
rubiks-7,Oblique-Center-Adjacent3Center-DDD,Oblique-Center-Adjacent3Center-DDD#00,CtrObl3[F@3R.2D>U@2L.3F>R@3F.2U],CtrObl3[F@3R.2D>U@2L.3F>R@3F.2U],CtrObl3[F@3R.2D>U@2L.3F>R@3F.2U],3,0,10,1,F' 3U 2R U2 2R' 3U' 2R U2 2R' F
rubiks-7,Oblique-Center-InIn-Diagonal,Oblique-Center-InIn-Diagonal#00,CtrObl3[F@2L.3U>U@2L.3B>U@2R.3F],CtrObl3[F@2L.3U>U@2L.3B>U@2R.3F],CtrObl3[F@2L.3U>U@2L.3B>U@2R.3F],3,0,8,1,U2 2R 3U2 2R' U2 2R 3U2 2R'
rubiks-7,Oblique-Center-InIn-Vertical,Oblique-Center-InIn-Vertical#00,CtrObl3[F@3R.2U>U@2L.3B>U@2R.3F],CtrObl3[F@3R.2U>U@2L.3B>U@2R.3F],CtrObl3[F@3R.2U>U@2L.3B>U@2R.3F],3,0,8,1,U2 3F' 2U 3F U2 3F' 2U' 3F
rubiks-7,Oblique-Center-InOut-Diagonal,Oblique-Center-InOut-Diagonal#00,CtrObl3[F@3R.2U>U@2R.3F>U@2L.3B]~v01,CtrObl3[F@3R.2U>U@2R.3F>U@2L.3B]~v01,CtrObl3[F@3R.2U>U@2R.3F>U@2L.3B],3,0,8,2,3F' 2U 3F U2 3F' 2U' 3F U2
rubiks-7,Oblique-Center-InOut-Diagonal01,Oblique-Center-InOut-Diagonal01#00,CtrObl3[B@3R.2U>D@2R.3F>D@2L.3B]~v01,CtrObl3[B@3R.2U>D@2R.3F>D@2L.3B]~v01,CtrObl3[B@3R.2U>D@2R.3F>D@2L.3B],3,0,8,2,3F' 2U 3F D2 3F' 2U' 3F D2
rubiks-7,Oblique-Center-InOut-Diagonal02,Oblique-Center-InOut-Diagonal02#00,CtrObl3[F@2R.3D>F@3L.2D>U@2R.3F],CtrObl3[F@2R.3D>F@3L.2D>U@2R.3F],CtrObl3[F@2R.3D>F@3L.2D>U@2R.3F],3,0,8,1,U 3L' U' 2R U 3L U' 2R'
rubiks-7,Oblique-Center-InOut-Diagonal03,Oblique-Center-InOut-Diagonal03#00,CtrObl3[F@2L.3U>F@3R.2U>U@2L.3B],CtrObl3[F@2L.3U>F@3R.2U>U@2L.3B],CtrObl3[F@2L.3U>F@3R.2U>U@2L.3B],3,0,8,1,U 3R U' 2L' U 3R' U' 2L
rubiks-7,Oblique-Center-InOut-Diagonal04,Oblique-Center-InOut-Diagonal04#00,CtrObl3[F@3R.2U>U@2R.3F>U@2L.3B]~v02,CtrObl3[F@3R.2U>U@2R.3F>U@2L.3B]~v02,CtrObl3[F@3R.2U>U@2R.3F>U@2L.3B],3,0,8,2,U2 3B' 2U' 3B U2 3B' 2U 3B
rubiks-7,Oblique-Center-InOut-Diagonal05,Oblique-Center-InOut-Diagonal05#00,CtrObl3[B@3R.2U>D@2R.3F>D@2L.3B]~v02,CtrObl3[B@3R.2U>D@2R.3F>D@2L.3B]~v02,CtrObl3[B@3R.2U>D@2R.3F>D@2L.3B],3,0,8,2,D2 3B' 2U' 3B D2 3B' 2U 3B
rubiks-7,Oblique-Center-InOut-Vertical,Oblique-Center-InOut-Vertical#00,CtrObl3[F@2L.3U>U@2R.3F>U@2L.3B],CtrObl3[F@2L.3U>U@2R.3F>U@2L.3B],CtrObl3[F@2L.3U>U@2R.3F>U@2L.3B],3,0,8,1,2R 3U2 2R' U2 2R 3U2 2R' U2
rubiks-7,Oblique-Center-InOut-Vertical01,Oblique-Center-InOut-Vertical01#00,CtrObl3[B@2L.3U>D@2R.3F>D@2L.3B],CtrObl3[B@2L.3U>D@2R.3F>D@2L.3B],CtrObl3[B@2L.3U>D@2R.3F>D@2L.3B],3,0,8,1,2R 3U2 2R' D2 2R 3U2 2R' D2
rubiks-7,Oblique-Center-InOut-Vertical02,Oblique-Center-InOut-Vertical02#00,CtrObl3[F@2R.3D>U@2R.3F>F@3L.2D],CtrObl3[F@2R.3D>U@2R.3F>F@3L.2D],CtrObl3[F@2R.3D>U@2R.3F>F@3L.2D],3,0,8,1,2R U 3L' U' 2R' U 3L U'
rubiks-7,Oblique-Center-InOut-Vertical03,Oblique-Center-InOut-Vertical03#00,CtrObl3[F@2L.3U>U@2L.3B>F@3R.2U],CtrObl3[F@2L.3U>U@2L.3B>F@3R.2U],CtrObl3[F@2L.3U>U@2L.3B>F@3R.2U],3,0,8,1,2L' U 3R U' 2L U 3R' U'
rubiks-7,Oblique-Center-InOut-Vertical04,Oblique-Center-InOut-Vertical04#00,CtrObl3[F@2R.3U>U@2R.3B>F@3R.2D],CtrObl3[F@2R.3U>U@2R.3B>F@3R.2D],CtrObl3[F@2R.3U>U@2R.3B>F@3R.2D],3,0,8,1,2R U 3R U' 2R' U 3R' U'
rubiks-7,Oblique-Center-InOut-Vertical05,Oblique-Center-InOut-Vertical05#00,CtrObl3[F@2L.3D>U@2L.3F>F@3L.2U],CtrObl3[F@2L.3D>U@2L.3F>F@3L.2U],CtrObl3[F@2L.3D>U@2L.3F>F@3L.2U],3,0,8,1,2L' U 3L' U' 2L U 3L U'
rubiks-7,Oblique-Center-Line3Center-AAA,Oblique-Center-Line3Center-AAA#00,CtrObl3[B@2R.3U>F@2R.3D>U@2R.3F],CtrObl3[B@2R.3U>F@2R.3D>U@2R.3F],CtrObl3[B@2R.3U>F@2R.3D>U@2R.3F],3,0,10,1,3U2 2L 3F2 2L' F2 2L 3F2 2L' F2 3U2
rubiks-7,Oblique-Center-Line3Center-AAB,Oblique-Center-Line3Center-AAB#00,CtrObl3[B@2R.3D>F@3R.2D>U@3R.2F],CtrObl3[B@2R.3D>F@3R.2D>U@3R.2F],CtrObl3[B@2R.3D>F@3R.2D>U@3R.2F],3,0,11,1,2F2 F' 2R2 F' 3L' F 2R2 F' 3L 2F2 F2
rubiks-7,Oblique-Center-Line3Center-AAC,Oblique-Center-Line3Center-AAC#00,CtrObl3[B@2L.3D>F@2R.3D>U@2R.3F],CtrObl3[B@2L.3D>F@2R.3D>U@2R.3F],CtrObl3[B@2L.3D>F@2R.3D>U@2R.3F],3,0,8,1,2L U2 2L' 3D2 2L U2 2L' 3D2
rubiks-7,Oblique-Center-Line3Center-AAD,Oblique-Center-Line3Center-AAD#00,CtrObl3[B@3L.2U>F@2R.3D>U@2R.3F],CtrObl3[B@3L.2U>F@2R.3D>U@2R.3F],CtrObl3[B@3L.2U>F@2R.3D>U@2R.3F],3,0,8,1,2R U 3L U' 2R' U 3L' U'
rubiks-7,Oblique-Center-Line3Center-ABA,Oblique-Center-Line3Center-ABA#00,CtrObl3[B@3R.2U>F@2R.3U>U@3R.2F],CtrObl3[B@3R.2U>F@2R.3U>U@3R.2F],CtrObl3[B@3R.2U>F@2R.3U>U@3R.2F],3,0,11,1,B2 2F2 3L B 2R2 B' 3L' B 2R2 B 2F2
rubiks-7,Oblique-Center-Line3Center-ABB,Oblique-Center-Line3Center-ABB#00,CtrObl3[B@2R.3D>F@2R.3U>U@3R.2F],CtrObl3[B@2R.3D>F@2R.3U>U@3R.2F],CtrObl3[B@2R.3D>F@2R.3U>U@3R.2F],3,0,10,1,2F2 2R2 F' 3L' F 2R2 F' 3L 2F2 F
rubiks-7,Oblique-Center-Line3Center-ABC,Oblique-Center-Line3Center-ABC#00,CtrObl3[B@2L.3D>F@3R.2U>U@2R.3F],CtrObl3[B@2L.3D>F@3R.2U>U@2R.3F],CtrObl3[B@2L.3D>F@3R.2U>U@2R.3F],3,0,10,1,3F2 2L F 3D2 F' 2L' F 3D2 3F2 F'
rubiks-7,Oblique-Center-Line3Center-ABD,Oblique-Center-Line3Center-ABD#00,CtrObl3[B@2L.3U>F@2R.3U>U@3R.2F],CtrObl3[B@2L.3U>F@2R.3U>U@3R.2F],CtrObl3[B@2L.3U>F@2R.3U>U@3R.2F],3,0,8,1,2L U 2L' 3U2 2L U' 2L' 3U2
rubiks-7,Oblique-Center-Line3Center-ACA,Oblique-Center-Line3Center-ACA#00,CtrObl3[B@2L.3U>U@2R.3B>F@2R.3U],CtrObl3[B@2L.3U>U@2R.3B>F@2R.3U],CtrObl3[B@2L.3U>U@2R.3B>F@2R.3U],3,0,8,1,3U2 2L U2 2L' 3U2 2L U2 2L'
rubiks-7,Oblique-Center-Line3Center-ACB,Oblique-Center-Line3Center-ACB#00,CtrObl3[B@3R.2D>F@2L.3U>U@2R.3F],CtrObl3[B@3R.2D>F@2L.3U>U@2R.3F],CtrObl3[B@3R.2D>F@2L.3U>U@2R.3F],3,0,10,1,3F2 2L D 3R D' 2L' D 3R' D' 3F2
rubiks-7,Oblique-Center-Line3Center-ACC,Oblique-Center-Line3Center-ACC#00,CtrObl3[B@2L.3D>F@2L.3U>U@2R.3F],CtrObl3[B@2L.3D>F@2L.3U>U@2R.3F],CtrObl3[B@2L.3D>F@2L.3U>U@2R.3F],3,0,10,1,3U2 2L' 3F2 2L B2 2L' 3F2 2L B2 3U2
rubiks-7,Oblique-Center-Line3Center-ADA,Oblique-Center-Line3Center-ADA#00,CtrObl3[B@2R.3U>F@3L.2D>U@2R.3F],CtrObl3[B@2R.3U>F@3L.2D>U@2R.3F],CtrObl3[B@2R.3U>F@3L.2D>U@2R.3F],3,0,8,1,2R F 3U2 F' 2R' F 3U2 F'
rubiks-7,Oblique-Center-Line3Center-ADB,Oblique-Center-Line3Center-ADB#00,CtrObl3[B@2R.3D>F@2L.3D>U@3R.2F],CtrObl3[B@2R.3D>F@2L.3D>U@3R.2F],CtrObl3[B@2R.3D>F@2L.3D>U@3R.2F],3,0,8,1,3D2 2L' U 2L 3D2 2L' U' 2L
rubiks-7,Oblique-Center-Line3Center-ADD,Oblique-Center-Line3Center-ADD#00,CtrObl3[B@2L.3U>F@2L.3D>U@3R.2F],CtrObl3[B@2L.3U>F@2L.3D>U@3R.2F],CtrObl3[B@2L.3U>F@2L.3D>U@3R.2F],3,0,8,1,2L2 F' 3R' F 2L2 F' 3R F
rubiks-7,Oblique-Center-Line3Center-CAA,Oblique-Center-Line3Center-CAA#00,CtrObl3[B@2R.3U>F@2R.3D>U@2L.3B],CtrObl3[B@2R.3U>F@2R.3D>U@2L.3B],CtrObl3[B@2R.3U>F@2R.3D>U@2L.3B],3,0,10,1,3D2 2R 3B2 2R' B2 2R 3B2 2R' B2 3D2
rubiks-7,Oblique-Center-Line3Center-CAC,Oblique-Center-Line3Center-CAC#00,CtrObl3[B@2R.3D>U@2L.3F>F@2L.3D],CtrObl3[B@2R.3D>U@2L.3F>F@2L.3D],CtrObl3[B@2R.3D>U@2L.3F>F@2L.3D],3,0,8,1,3D2 2R' U2 2R 3D2 2R' U2 2R
rubiks-7,Oblique-Center-Line3Center-CAD,Oblique-Center-Line3Center-CAD#00,CtrObl3[B@3L.2U>F@2R.3D>U@2L.3B],CtrObl3[B@3L.2U>F@2R.3D>U@2L.3B],CtrObl3[B@3L.2U>F@2R.3D>U@2L.3B],3,0,10,1,3B2 2R' D 3L' D' 2R D 3L D' 3B2
rubiks-7,Oblique-Center-Line3Center-CBB,Oblique-Center-Line3Center-CBB#00,CtrObl3[B@2R.3D>F@2R.3U>U@3L.2B],CtrObl3[B@2R.3D>F@2R.3U>U@3L.2B],CtrObl3[B@2R.3D>F@2R.3U>U@3L.2B],3,0,8,1,2R2 F' 3L F 2R2 F' 3L' F
rubiks-7,Oblique-Center-Line3Center-CBC,Oblique-Center-Line3Center-CBC#00,CtrObl3[B@2L.3D>F@3R.2U>U@2L.3B],CtrObl3[B@2L.3D>F@3R.2U>U@2L.3B],CtrObl3[B@2L.3D>F@3R.2U>U@2L.3B],3,0,8,1,2L' F 3D2 F' 2L F 3D2 F'
rubiks-7,Oblique-Center-Line3Center-CBD,Oblique-Center-Line3Center-CBD#00,CtrObl3[B@2L.3U>F@2R.3U>U@3L.2B],CtrObl3[B@2L.3U>F@2R.3U>U@3L.2B],CtrObl3[B@2L.3U>F@2R.3U>U@3L.2B],3,0,8,1,3U2 2R U 2R' 3U2 2R U' 2R'
rubiks-7,Oblique-Center-Line3Center-CCA,Oblique-Center-Line3Center-CCA#00,CtrObl3[B@2R.3U>F@2L.3U>U@2L.3B],CtrObl3[B@2R.3U>F@2L.3U>U@2L.3B],CtrObl3[B@2R.3U>F@2L.3U>U@2L.3B],3,0,8,1,2R' U2 2R 3U2 2R' U2 2R 3U2
rubiks-7,Oblique-Center-Line3Center-CCB,Oblique-Center-Line3Center-CCB#00,CtrObl3[B@3R.2D>F@2L.3U>U@2L.3B],CtrObl3[B@3R.2D>F@2L.3U>U@2L.3B],CtrObl3[B@3R.2D>F@2L.3U>U@2L.3B],3,0,8,1,2L' U 3R' U' 2L U 3R U'
rubiks-7,Oblique-Center-Line3Center-CCC,Oblique-Center-Line3Center-CCC#00,CtrObl3[B@2L.3D>F@2L.3U>U@2L.3B],CtrObl3[B@2L.3D>F@2L.3U>U@2L.3B],CtrObl3[B@2L.3D>F@2L.3U>U@2L.3B],3,0,10,1,3D2 2R' 3B2 2R F2 2R' 3B2 2R F2 3D2
rubiks-7,Oblique-Center-Line3Center-CCD,Oblique-Center-Line3Center-CCD#00,CtrObl3[B@2L.3U>F@3L.2U>U@3L.2B],CtrObl3[B@2L.3U>F@3L.2U>U@3L.2B],CtrObl3[B@2L.3U>F@3L.2U>U@3L.2B],3,0,11,1,2B2 F' 2L2 F' 3R F 2L2 F' 3R' 2B2 F2
rubiks-7,Oblique-Center-Line3Center-CDA,Oblique-Center-Line3Center-CDA#00,CtrObl3[B@2R.3U>F@3L.2D>U@2L.3B],CtrObl3[B@2R.3U>F@3L.2D>U@2L.3B],CtrObl3[B@2R.3U>F@3L.2D>U@2L.3B],3,0,10,1,3B2 2R' F 3U2 F' 2R F 3U2 3B2 F'
rubiks-7,Oblique-Center-Line3Center-CDB,Oblique-Center-Line3Center-CDB#00,CtrObl3[B@2R.3D>F@2L.3D>U@3L.2B],CtrObl3[B@2R.3D>F@2L.3D>U@3L.2B],CtrObl3[B@2R.3D>F@2L.3D>U@3L.2B],3,0,8,1,2R' U 2R 3D2 2R' U' 2R 3D2
rubiks-7,Oblique-Center-Line3Center-CDC,Oblique-Center-Line3Center-CDC#00,CtrObl3[B@3L.2D>F@2L.3D>U@3L.2B],CtrObl3[B@3L.2D>F@2L.3D>U@3L.2B],CtrObl3[B@3L.2D>F@2L.3D>U@3L.2B],3,0,11,1,B2 2B2 3R' B 2L2 B' 3R B 2L2 B 2B2
rubiks-7,Oblique-Center-Line3Center-CDD,Oblique-Center-Line3Center-CDD#00,CtrObl3[B@2L.3U>F@2L.3D>U@3L.2B],CtrObl3[B@2L.3U>F@2L.3D>U@3L.2B],CtrObl3[B@2L.3U>F@2L.3D>U@3L.2B],3,0,10,1,2B2 2L2 F' 3R F 2L2 F' 3R' 2B2 F
rubiks-7,Oblique-Center-Opp2X,Oblique-Center-Opp2X#00,CtrObl3[D@2R.3F>U@2L.3F>U@3L.2B],CtrObl3[D@2R.3F>U@2L.3F>U@3L.2B],CtrObl3[D@2R.3F>U@2L.3F>U@3L.2B],3,0,8,1,U 2R2 U' 3F2 U 2R2 U' 3F2
rubiks-7,Oblique-Center-Opp2X01,Oblique-Center-Opp2X01#00,CtrObl6p[3x2][D@2R.3F>U@2R.3B>U@3L.2B;U@2L.3B>U@3R.2B>U@3L.2F],CtrObl6p[3x2][D@2R.3F>U@2R.3B>U@3L.2B;U@2L.3B>U@3R.2B>U@3L.2F],CtrObl6p[3x2][D@2R.3F>U@2R.3B>U@3L.2B;U@2L.3B>U@3R.2B>U@3L.2F],6,0,8,1,3B2 U 3B2 2R2 3B2 2R2 U' 3B2
rubiks-7,Oblique-Center-Opp2X02,Oblique-Center-Opp2X02#00,CtrObl3[D@2R.3F>U@2R.3B>U@3L.2B],CtrObl3[D@2R.3F>U@2R.3B>U@3L.2B],CtrObl3[D@2R.3F>U@2R.3B>U@3L.2B],3,0,8,1,D' 3L2 D 2R2 D' 3L2 D 2R2
rubiks-7,Oblique-Center-Opp2Y,Oblique-Center-Opp2Y#00,CtrObl3[D@2R.3F>U@3L.2B>U@2R.3B],CtrObl3[D@2R.3F>U@3L.2B>U@2R.3B],CtrObl3[D@2R.3F>U@3L.2B>U@2R.3B],3,0,8,1,2R2 U' 3F2 U 2R2 U' 3F2 U
rubiks-7,Oblique-Center-Opp2Y01,Oblique-Center-Opp2Y01#00,CtrObl3[D@2R.3F>U@3R.2F>U@2R.3B],CtrObl3[D@2R.3F>U@3R.2F>U@2R.3B],CtrObl3[D@2R.3F>U@3R.2F>U@2R.3B],3,0,8,1,2R2 U 3F2 U' 2R2 U 3F2 U'
rubiks-7,Oblique-Center-Opp2Y02,Oblique-Center-Opp2Y02#00,CtrObl6p[3x2][D@2L.3F>D@3L.2B>D@3R.2F;D@2R.3F>U@2R.3B>D@3L.2F],CtrObl6p[3x2][D@2L.3F>D@3L.2B>D@3R.2F;D@2R.3F>U@2R.3B>D@3L.2F],CtrObl6p[3x2][D@2L.3F>D@3L.2B>D@3R.2F;D@2R.3F>U@2R.3B>D@3L.2F],6,0,8,1,3F2 D 2R2 3F2 2R2 3F2 D' 3F2
rubiks-7,Oblique-Center-Opp2Y03,Oblique-Center-Opp2Y03#00,CtrObl6p[3x2][D@2R.3F>U@3R.2F>U@2R.3B;U@2L.3B>U@3R.2B>U@3L.2F],CtrObl6p[3x2][D@2R.3F>U@3R.2F>U@2R.3B;U@2L.3B>U@3R.2B>U@3L.2F],CtrObl6p[3x2][D@2R.3F>U@3R.2F>U@2R.3B;U@2L.3B>U@3R.2B>U@3L.2F],6,0,8,1,3B2 U' 2R2 3B2 2R2 3B2 U 3B2
rubiks-7,Oblique-Center-Opp2Y04,Oblique-Center-Opp2Y04#00,CtrObl3[D@2R.3F>U@2R.3B>D@3L.2F],CtrObl3[D@2R.3F>U@2R.3B>D@3L.2F],CtrObl3[D@2R.3F>U@2R.3B>D@3L.2F],3,0,8,1,2R2 U' 3L2 U 2R2 U' 3L2 U
rubiks-7,Oblique-Center-Opp2Y05,Oblique-Center-Opp2Y05#00,CtrObl3[D@2R.3F>U@2R.3B>D@3R.2B],CtrObl3[D@2R.3F>U@2R.3B>D@3R.2B],CtrObl3[D@2R.3F>U@2R.3B>D@3R.2B],3,0,8,1,2R2 U 3R2 U' 2R2 U 3R2 U'
rubiks-7,Oblique-Center-Opp2Z,Oblique-Center-Opp2Z#00,CtrObl3[D@2R.3F>U@2R.3B>U@3R.2F],CtrObl3[D@2R.3F>U@2R.3B>U@3R.2F],CtrObl3[D@2R.3F>U@2R.3B>U@3R.2F],3,0,8,1,U 3F2 U' 2R2 U 3F2 U' 2R2
rubiks-7,Oblique-Center-Opp2Z01,Oblique-Center-Opp2Z01#00,CtrObl6p[3x2][D@2R.3F>U@2R.3B>U@3R.2F;U@2L.3B>U@3L.2F>U@3R.2B],CtrObl6p[3x2][D@2R.3F>U@2R.3B>U@3R.2F;U@2L.3B>U@3L.2F>U@3R.2B],CtrObl6p[3x2][D@2R.3F>U@2R.3B>U@3R.2F;U@2L.3B>U@3L.2F>U@3R.2B],6,0,8,1,3B2 U' 3B2 2R2 3B2 2R2 U 3B2
rubiks-7,Oblique-Center-Opp2Z02,Oblique-Center-Opp2Z02#00,CtrObl3[D@2R.3F>U@3R.2F>D@3L.2F],CtrObl3[D@2R.3F>U@3R.2F>D@3L.2F],CtrObl3[D@2R.3F>U@3R.2F>D@3L.2F],3,0,8,1,U 3F2 U' 2F2 U 3F2 U' 2F2
rubiks-7,Oblique-Center-Opp4-T,Oblique-Center-Opp4-T#00,CtrObl8p[3+5]~v01,CtrObl8p[3+5]~v01,CtrObl8p[3+5],8,0,12,2,D' 2L2 D 3F2 2L2 3F2 2L2 3B2 D' 2L2 D 3B2
rubiks-7,Oblique-Center-Opp4-UA,Oblique-Center-Opp4-UA#00,CtrObl6p[3x2][D@2L.3B>U@3L.2B>D@3R.2B;D@3L.2B>U@3R.2B>U@2L.3B],CtrObl6p[3x2][D@2L.3B>U@3L.2B>D@3R.2B;D@3L.2B>U@3R.2B>U@2L.3B],CtrObl6p[3x2][D@2L.3B>U@3L.2B>D@3R.2B;D@3L.2B>U@3R.2B>U@2L.3B],6,0,7,1,2L 2B' 3U 2B2 3U' 2B' 2L'
rubiks-7,Oblique-Center-Opp4-UB,Oblique-Center-Opp4-UB#00,CtrObl6p[3x2][D@2L.3F>U@3R.2B>D@3L.2B;D@3R.2B>U@3L.2B>U@2L.3F],CtrObl6p[3x2][D@2L.3F>U@3R.2B>D@3L.2B;D@3R.2B>U@3L.2B>U@2L.3F],CtrObl6p[3x2][D@2L.3F>U@3R.2B>D@3L.2B;D@3R.2B>U@3L.2B>U@2L.3F],6,0,7,1,2L 2B' 3D' 2B2 3D 2B' 2L'
rubiks-7,Oblique-Center-Opp4-UC,Oblique-Center-Opp4-UC#00,CtrObl6p[3x2][D@2L.3B>U@2L.3F>D@3R.2B;D@3L.2B>U@2L.3B>U@3L.2F],CtrObl6p[3x2][D@2L.3B>U@2L.3F>D@3R.2B;D@3L.2B>U@2L.3B>U@3L.2F],CtrObl6p[3x2][D@2L.3B>U@2L.3F>D@3R.2B;D@3L.2B>U@2L.3B>U@3L.2F],6,0,9,1,U 2L 2B' 3U 2B2 3U' 2B' 2L' U'
rubiks-7,Oblique-Center-Opp4-UD,Oblique-Center-Opp4-UD#00,CtrObl6p[3x2][D@2L.3F>U@2L.3B>D@3L.2B;D@3R.2B>U@2L.3F>U@3R.2F],CtrObl6p[3x2][D@2L.3F>U@2L.3B>D@3L.2B;D@3R.2B>U@2L.3F>U@3R.2F],CtrObl6p[3x2][D@2L.3F>U@2L.3B>D@3L.2B;D@3R.2B>U@2L.3F>U@3R.2F],6,0,9,1,U 2L 2B' 3D' 2B2 3D 2B' 2L' U'
rubiks-7,Oblique-Center-Opp4-UE,Oblique-Center-Opp4-UE#00,CtrObl6p[3x2][D@2L.3B>U@3R.2F>D@3R.2B;D@3L.2B>U@3L.2F>U@2R.3F],CtrObl6p[3x2][D@2L.3B>U@3R.2F>D@3R.2B;D@3L.2B>U@3L.2F>U@2R.3F],CtrObl6p[3x2][D@2L.3B>U@3R.2F>D@3R.2B;D@3L.2B>U@3L.2F>U@2R.3F],6,0,9,1,U2 2L 2B' 3U 2B2 3U' 2B' 2L' U2
rubiks-7,Oblique-Center-Opp4-UF,Oblique-Center-Opp4-UF#00,CtrObl6p[3x2][D@2L.3F>U@3L.2F>D@3L.2B;D@3R.2B>U@3R.2F>U@2R.3B],CtrObl6p[3x2][D@2L.3F>U@3L.2F>D@3L.2B;D@3R.2B>U@3R.2F>U@2R.3B],CtrObl6p[3x2][D@2L.3F>U@3L.2F>D@3L.2B;D@3R.2B>U@3R.2F>U@2R.3B],6,0,9,1,U2 2L 2B' 3D' 2B2 3D 2B' 2L' U2
rubiks-7,Oblique-Center-Opp4-VA,Oblique-Center-Opp4-VA#00,CtrObl6p[3x2][D@2L.3B>U@3L.2B>U@3R.2F;D@2R.3B>U@2L.3B>U@3L.2F],CtrObl6p[3x2][D@2L.3B>U@3L.2B>U@3R.2F;D@2R.3B>U@2L.3B>U@3L.2F],CtrObl6p[3x2][D@2L.3B>U@3L.2B>U@3R.2F;D@2R.3B>U@2L.3B>U@3L.2F],6,0,10,1,2L2 U 2L2 3B2 2L2 U' 2L2 U 3B2 U'
rubiks-7,Oblique-Center-Opp4-VB,Oblique-Center-Opp4-VB#00,CtrObl6p[3x2][D@2L.3B>U@2R.3B>U@2L.3F;D@2R.3B>U@3R.2B>U@2L.3B],CtrObl6p[3x2][D@2L.3B>U@2R.3B>U@2L.3F;D@2R.3B>U@3R.2B>U@2L.3B],CtrObl6p[3x2][D@2L.3B>U@2R.3B>U@2L.3F;D@2R.3B>U@3R.2B>U@2L.3B],6,0,10,1,U' 2L2 U 2L2 3B2 2L2 U' 2L2 U 3B2
rubiks-7,Oblique-Center-Opp4-VC,Oblique-Center-Opp4-VC#00,CtrObl8p[3+5]~v02,CtrObl8p[3+5]~v02,CtrObl8p[3+5],8,0,10,2,2B2 3L2 2B2 3L2 U 3B2 2R2 3B2 2R2 U'
rubiks-7,Oblique-Center-Opp4-WA,Oblique-Center-Opp4-WA#00,CtrObl8s~v03,CtrObl8s~v03,CtrObl8s,8,0,9,8,2L2 3D2 2L' U 2R' 3D2 2R U' 2L'
rubiks-7,Oblique-Center-Opp4-WB,Oblique-Center-Opp4-WB#00,CtrObl8s~v04,CtrObl8s~v04,CtrObl8s,8,0,9,8,2R2 3U2 2R U 2L 3U2 2L' U' 2R
rubiks-7,Oblique-Center-Opp4-WC,Oblique-Center-Opp4-WC#00,CtrObl8s~v05,CtrObl8s~v05,CtrObl8s,8,0,9,8,2L2 3U2 2L' U 2R' 3U2 2R U' 2L'
rubiks-7,Oblique-Center-Opp4-WD,Oblique-Center-Opp4-WD#00,CtrObl8s~v06,CtrObl8s~v06,CtrObl8s,8,0,9,8,2R2 3D2 2R U 2L 3D2 2L' U' 2R
rubiks-7,Oblique-Center-Opp4-XA,Oblique-Center-Opp4-XA#00,CtrObl6p[3x2][D@2L.3F>D@2R.3B>U@2R.3F;D@2R.3F>U@2L.3F>U@2R.3B],CtrObl6p[3x2][D@2L.3F>D@2R.3B>U@2R.3F;D@2R.3F>U@2L.3F>U@2R.3B],CtrObl6p[3x2][D@2L.3F>D@2R.3B>U@2R.3F;D@2R.3F>U@2L.3F>U@2R.3B],6,0,4,1,2R2 3F2 2R2 3F2
rubiks-7,Oblique-Center-Opp4-XB,Oblique-Center-Opp4-XB#00,CtrObl6p[3x2][D@2L.3F>D@2R.3B>U@3R.2B;D@2R.3F>U@3R.2F>U@3L.2B],CtrObl6p[3x2][D@2L.3F>D@2R.3B>U@3R.2B;D@2R.3F>U@3R.2F>U@3L.2B],CtrObl6p[3x2][D@2L.3F>D@2R.3B>U@3R.2B;D@2R.3F>U@3R.2F>U@3L.2B],6,0,6,1,U 2R2 3F2 2R2 3F2 U'
rubiks-7,Oblique-Center-Opp4-XC,Oblique-Center-Opp4-XC#00,CtrObl6p[3x2][D@2L.3F>D@2R.3B>U@2L.3B;D@2R.3F>U@2R.3B>U@2L.3F],CtrObl6p[3x2][D@2L.3F>D@2R.3B>U@2L.3B;D@2R.3F>U@2R.3B>U@2L.3F],CtrObl6p[3x2][D@2L.3F>D@2R.3B>U@2L.3B;D@2R.3F>U@2R.3B>U@2L.3F],6,0,6,1,U2 2R2 3F2 2R2 3F2 U2
rubiks-7,Oblique-Center-Opp4-YA,Oblique-Center-Opp4-YA#00,CtrObl4s[D@2L.3F<>U@2L.3B;D@3R.2F<>U@3R.2B],CtrObl4s[D@2L.3F<>U@2L.3B;D@3R.2F<>U@3R.2B],CtrObl4s[D@2L.3F<>U@2L.3B;D@3R.2F<>U@3R.2B],4,0,10,1,U' 2L2 2F2 U 3R2 U' 2F2 2L2 U 3R2
rubiks-7,Oblique-Center-Opp4-YB,Oblique-Center-Opp4-YB#00,CtrObl4s[D@2L.3F<>U@3L.2F;D@3R.2F<>U@2L.3B],CtrObl4s[D@2L.3F<>U@3L.2F;D@3R.2F<>U@2L.3B],CtrObl4s[D@2L.3F<>U@3L.2F;D@3R.2F<>U@2L.3B],4,0,10,1,2L2 2F2 U 3R2 U' 2F2 2L2 U 3R2 U'
rubiks-7,Oblique-Center-Opp4-YC,Oblique-Center-Opp4-YC#00,CtrObl4s[D@2L.3F<>U@2R.3F;D@3R.2F<>U@3L.2F],CtrObl4s[D@2L.3F<>U@2R.3F;D@3R.2F<>U@3L.2F],CtrObl4s[D@2L.3F<>U@2R.3F;D@3R.2F<>U@3L.2F],4,0,11,1,U 2L2 2F2 U 3R2 U' 2F2 2L2 U 3R2 U2
rubiks-7,Oblique-Center-Opp4-ZA,Oblique-Center-Opp4-ZA#00,CtrObl8s~v07,CtrObl8s~v07,CtrObl8s,8,0,10,8,3L2 2B2 3L2 2B2 U2 3R2 2B2 3R2 2B2 U2
rubiks-7,Oblique-Center-Opp4-ZB,Oblique-Center-Opp4-ZB#00,CtrObl8s~v08,CtrObl8s~v08,CtrObl8s,8,0,11,8,U 3L2 2B2 3L2 2B2 U2 3R2 2B2 3R2 2B2 U
rubiks-7,Oblique-Center-OutOut-Diagonal,Oblique-Center-OutOut-Diagonal#00,CtrObl3[B@2L.3U>D@2L.3B>D@2R.3F],CtrObl3[B@2L.3U>D@2L.3B>D@2R.3F],CtrObl3[B@2L.3U>D@2L.3B>D@2R.3F],3,0,8,1,D2 2R 3U2 2R' D2 2R 3U2 2R'
rubiks-7,Oblique-Center-OutOut-Vertical,Oblique-Center-OutOut-Vertical#00,CtrObl3[B@3R.2U>D@2L.3B>D@2R.3F],CtrObl3[B@3R.2U>D@2L.3B>D@2R.3F],CtrObl3[B@3R.2U>D@2L.3B>D@2R.3F],3,0,8,1,D2 3F' 2U 3F D2 3F' 2U' 3F
rubiks-7,OutCommutator00,OutCommutator00#00,C4[DLF>FLU;UBR>RFU;UFL>LFD;URF>UBR]+EAll3[FL>FU>RU],C4[DLF>FLU;UBR>RFU;UFL>LFD;URF>UBR]+EAll3[FL>FU>RU],C4[DLF>FLU;UBR>RFU;UFL>LFD;URF>UBR]+EAll3[FL>FU>RU],7,5,4,1,F U F' U'
rubiks-7,OutCommutator01,OutCommutator01#00,C4[DLF>BUL;UFL>FUR;ULB>FDL;URF>UFL]+EAll3[FL>FU>LU],C4[DLF>BUL;UFL>FUR;ULB>FDL;URF>UFL]+EAll3[FL>FU>LU],C4[DLF>BUL;UFL>FUR;ULB>FDL;URF>UFL]+EAll3[FL>FU>LU],7,5,4,1,F U' F' U
rubiks-7,OutCommutator02,OutCommutator02#00,C4[DFR>FDL;DLF>DFR;UBR>LUF;UFL>RUB]+EAll3[DF>LF>UR],C4[DFR>FDL;DLF>DFR;UBR>LUF;UFL>RUB]+EAll3[DF>LF>UR],C4[DFR>FDL;DLF>DFR;UBR>LUF;UFL>RUB]+EAll3[DF>LF>UR],7,5,5,1,F2 U F' U' F'
rubiks-7,OutCommutator03,OutCommutator03#00,C4[DFR>LBU;DLF>FLU;UFL>LFD;ULB>DFR]+EAll3[DF>LF>UL],C4[DFR>LBU;DLF>FLU;UFL>LFD;ULB>DFR]+EAll3[DF>LF>UL],C4[DFR>LBU;DLF>FLU;UFL>LFD;ULB>DFR]+EAll3[DF>LF>UL],7,5,5,1,F2 U' F' U F'
rubiks-7,OutCommutator04,OutCommutator04#00,C4[DFR>RFU;DLF>UBR;UBR>LFD;URF>FRD]+EAll3[DF>UR>RF],C4[DFR>RFU;DLF>UBR;UBR>LFD;URF>FRD]+EAll3[DF>UR>RF],C4[DFR>RFU;DLF>UBR;UBR>LFD;URF>FRD]+EAll3[DF>UR>RF],7,3,5,1,F' U F' U' F2
rubiks-7,OutCommutator05,OutCommutator05#00,C4[DFR>FDL;DLF>DFR;ULB>FUR;URF>BUL]+EAll3[DF>UL>RF],C4[DFR>FDL;DLF>DFR;ULB>FUR;URF>BUL]+EAll3[DF>UL>RF],C4[DFR>FDL;DLF>DFR;ULB>FUR;URF>BUL]+EAll3[DF>UL>RF],7,3,5,1,F' U' F' U F2
rubiks-7,OutCommutator06,OutCommutator06#00,C5[DFR>UFL>URF>UBR>DLF]+EAll3[DF>UF>UR],C5[DFR>UFL>URF>UBR>DLF]+EAll3[DF>UF>UR],C5[DFR>UFL>URF>UBR>DLF]+EAll3[DF>UF>UR],8,0,4,1,F2 U F2 U'
rubiks-7,OutCommutator07,OutCommutator07#00,C5[DFR>DLF>UBR>URF>UFL]+EAll3[DF>UR>UF],C5[DFR>DLF>UBR>URF>UFL]+EAll3[DF>UR>UF],C5[DFR>DLF>UBR>URF>UFL]+EAll3[DF>UR>UF],8,0,4,1,U F2 U' F2
rubiks-7,OutCommutator08,OutCommutator08#00,C5[DFR>RUB>UFL>LFD>RFU]+EAll3[FL>FR>RU],C5[DFR>RUB>UFL>LFD>RFU]+EAll3[FL>FR>RU],C5[DFR>RUB>UFL>LFD>RFU]+EAll3[FL>FR>RU],8,6,5,1,F U F2 U' F
rubiks-7,OutCommutator09,OutCommutator09#00,C5[DFR>RFU>BUL>LFD>UFL]+EAll3[FL>FR>LU],C5[DFR>RFU>BUL>LFD>UFL]+EAll3[FL>FR>LU],C5[DFR>RFU>BUL>LFD>UFL]+EAll3[FL>FR>LU],8,6,5,1,F U' F2 U F
rubiks-7,OutCommutator10,OutCommutator10#00,C5[DFR>RFU>LFD>UFL>RUB]+EAll3[FL>RU>FR],C5[DFR>RFU>LFD>UFL>RUB]+EAll3[FL>RU>FR],C5[DFR>RFU>LFD>UFL>RUB]+EAll3[FL>RU>FR],8,6,5,1,F' U F2 U' F'
rubiks-7,OutCommutator11,OutCommutator11#00,C5[DFR>UFL>LFD>BUL>RFU]+EAll3[FL>LU>FR],C5[DFR>UFL>LFD>BUL>RFU]+EAll3[FL>LU>FR],C5[DFR>UFL>LFD>BUL>RFU]+EAll3[FL>LU>FR],8,6,5,1,F' U' F2 U F'
rubiks-7,OuterCenterBar-A,OuterCenterBar-A#00,CtrBar3[F@2L>U@2R>U@2L],CtrBar3[F@2L>U@2R>U@2L],CtrBar3[F@2L>U@2R>U@2L],15,0,8,1,F2 2R F2 D2 B2 2L B2 D2
rubiks-7,OuterCenterBar-B,OuterCenterBar-B#00,CtrBar3[F@2L>U@2L>U@2R],CtrBar3[F@2L>U@2L>U@2R],CtrBar3[F@2L>U@2L>U@2R],15,0,8,1,D2 B2 2L' B2 D2 F2 2R' F2
rubiks-7,OuterCenterBar-C,OuterCenterBar-C#00,CtrBar3[F@2D>U@2R>U@2L],CtrBar3[F@2D>U@2R>U@2L],CtrBar3[F@2D>U@2R>U@2L],15,0,9,1,F' 2R F2 D2 B2 2L B2 D2 F'
rubiks-7,OuterCenterBar-D,OuterCenterBar-D#00,CtrBar3[F@2U>U@2R>U@2L],CtrBar3[F@2U>U@2R>U@2L],CtrBar3[F@2U>U@2R>U@2L],15,0,9,1,F 2R F2 D2 B2 2L B2 D2 F
rubiks-7,OuterCenterBar-E,OuterCenterBar-E#00,CtrBar3[F@2D>U@2B>U@2F],CtrBar3[F@2D>U@2B>U@2F],CtrBar3[F@2D>U@2B>U@2F],15,0,11,1,U F' 2R F2 D2 B2 2L B2 D2 F' U'
rubiks-7,OuterCenterBar-F,OuterCenterBar-F#00,CtrBar3[F@2U>U@2B>U@2F],CtrBar3[F@2U>U@2B>U@2F],CtrBar3[F@2U>U@2B>U@2F],15,0,11,1,U F 2R F2 D2 B2 2L B2 D2 F U'
rubiks-7,OuterCenterBar-G,OuterCenterBar-G#00,CtrBar3[F@2D>U@2F>U@2B],CtrBar3[F@2D>U@2F>U@2B],CtrBar3[F@2D>U@2F>U@2B],15,0,11,1,U' F' 2R F2 D2 B2 2L B2 D2 F' U
rubiks-7,OuterCenterBar-H,OuterCenterBar-H#00,CtrBar3[F@2U>U@2F>U@2B],CtrBar3[F@2U>U@2F>U@2B],CtrBar3[F@2U>U@2F>U@2B],15,0,11,1,U' F 2R F2 D2 B2 2L B2 D2 F U
rubiks-7,OuterCenterBar-IA,OuterCenterBar-IA#00,CtrBar3[B@2R>U@2R>F@2R],CtrBar3[B@2R>U@2R>F@2R],CtrBar3[B@2R>U@2R>F@2R],15,0,11,1,B2 2R U2 F2 D2 2L' D2 F2 U2 2R2 B2
rubiks-7,OuterCenterBar-IB,OuterCenterBar-IB#00,CtrBar3[B@2R>F@2R>U@2R],CtrBar3[B@2R>F@2R>U@2R],CtrBar3[B@2R>F@2R>U@2R],15,0,11,1,B2 2R2 U2 F2 D2 2L D2 F2 U2 2R' B2
rubiks-7,OuterCenterBar-JA,OuterCenterBar-JA#00,CtrBar3[B@2L>U@2R>F@2R],CtrBar3[B@2L>U@2R>F@2R],CtrBar3[B@2L>U@2R>F@2R],15,0,9,1,2R U2 F2 D2 2L' D2 F2 U2 2R2
rubiks-7,OuterCenterBar-JB,OuterCenterBar-JB#00,CtrBar3[B@2L>F@2R>U@2R],CtrBar3[B@2L>F@2R>U@2R],CtrBar3[B@2L>F@2R>U@2R],15,0,9,1,2R2 U2 F2 D2 2L D2 F2 U2 2R'
rubiks-7,OuterCenterBar-KA,OuterCenterBar-KA#00,CtrBar3[B@2L>U@2R>F@2L],CtrBar3[B@2L>U@2R>F@2L],CtrBar3[B@2L>U@2R>F@2L],15,0,9,1,2L' B2 D2 F2 2R2 F2 D2 B2 2L'
rubiks-7,OuterCenterBar-KB,OuterCenterBar-KB#00,CtrBar3[B@2L>F@2L>U@2R],CtrBar3[B@2L>F@2L>U@2R],CtrBar3[B@2L>F@2L>U@2R],15,0,9,1,2L B2 D2 F2 2R2 F2 D2 B2 2L
rubiks-7,OuterCenterBar-W,OuterCenterBar-W#00,CtrBar4s[F@2L<>U@2R;F@2R<>U@2L],CtrBar4s[F@2L<>U@2R;F@2R<>U@2L],CtrBar4s[F@2L<>U@2R;F@2R<>U@2L],20,0,10,1,2R F2 D2 B2 2L 2R B2 D2 F2 2L
rubiks-7,OuterCenterBar-WW,OuterCenterBar-WW#00,CtrBar4s[F@2D<>U@2R;F@2U<>U@2L],CtrBar4s[F@2D<>U@2R;F@2U<>U@2L],CtrBar4s[F@2D<>U@2R;F@2U<>U@2L],20,0,12,1,F 2R F2 D2 B2 2L 2R B2 D2 F2 2L F'
rubiks-7,OuterCenterBar-X,OuterCenterBar-X#00,CtrBar3[D@2L>U@2L>U@2R],CtrBar3[D@2L>U@2L>U@2R],CtrBar3[D@2L>U@2L>U@2R],15,0,8,1,2L2 F2 U2 F2 2L2 F2 U2 F2
rubiks-7,OuterCenterBar-XX,OuterCenterBar-XX#00,CtrBar4s[D@2L<>U@2L;D@2R<>U@2R],CtrBar4s[D@2L<>U@2L;D@2R<>U@2R],CtrBar4s[D@2L<>U@2L;D@2R<>U@2R],20,0,6,1,2R2 F2 B2 2L2 F2 B2
rubiks-7,OuterCenterBar-Y,OuterCenterBar-Y#00,CtrBar3[D@2L>U@2R>U@2L],CtrBar3[D@2L>U@2R>U@2L],CtrBar3[D@2L>U@2R>U@2L],15,0,8,1,F2 U2 F2 2L2 F2 U2 F2 2L2
rubiks-7,OuterCenterBar-Z,OuterCenterBar-Z#00,CtrBar3[D@2L>U@2F>U@2B],CtrBar3[D@2L>U@2F>U@2B],CtrBar3[D@2L>U@2F>U@2B],15,0,10,1,U 2L2 F2 U2 F2 2L2 F2 U2 F2 U'
rubiks-7,OuterCenterBar-ZZ,OuterCenterBar-ZZ#00,CtrBar4s[D@2L<>U@2F;D@2R<>U@2B],CtrBar4s[D@2L<>U@2F;D@2R<>U@2B],CtrBar4s[D@2L<>U@2F;D@2R<>U@2B],20,0,8,1,U 2R2 F2 B2 2L2 F2 B2 U'
rubiks-7,ParityCycle-QA0,ParityCycle-QA0#00,C4[UBR>URF>LBU>FLU]+ME2s[UL<>UR],C4[UBR>URF>LBU>FLU]+ME2s[UL<>UR],C4[UBR>URF>LBU>FLU]+ME2s[UL<>UR],50,2,23,1,F R U R' U' R U' R' U' R U R' F' 2F2 3F2 R2 U2 2F2 3F2 U2 R2 2F2 3F2
rubiks-7,ParityCycle-QA1,ParityCycle-QA1#00,C4[UBR>FLU>LBU>URF]+ME2s[UL<>UR],C4[UBR>FLU>LBU>URF]+ME2s[UL<>UR],C4[UBR>FLU>LBU>URF]+ME2s[UL<>UR],50,2,23,1,F R U' R' U R U R' U R U' R' F' 2F2 3F2 R2 U2 2F2 3F2 U2 R2 2F2 3F2
rubiks-7,ParityCycle-QB0,ParityCycle-QB0#00,C4[DFR>RUB>FDL>ULB]+ME2s[UL<>UR],C4[DFR>RUB>FDL>ULB]+ME2s[UL<>UR],C4[DFR>RUB>FDL>ULB]+ME2s[UL<>UR],50,2,23,1,F' R U R' U' R U' R' U' R U R' F 2F2 3F2 R2 U2 2F2 3F2 U2 R2 2F2 3F2
rubiks-7,ParityCycle-QB1,ParityCycle-QB1#00,C4[DFR>ULB>FDL>RUB]+ME2s[UL<>UR],C4[DFR>ULB>FDL>RUB]+ME2s[UL<>UR],C4[DFR>ULB>FDL>RUB]+ME2s[UL<>UR],50,2,23,1,F' R U' R' U R U R' U R U' R' F 2F2 3F2 R2 U2 2F2 3F2 U2 R2 2F2 3F2
rubiks-7,ParityCycle-QC0,ParityCycle-QC0#00,C4[DFR>ULB>FUR>RUB]+ME2s[UL<>UR],C4[DFR>ULB>FUR>RUB]+ME2s[UL<>UR],C4[DFR>ULB>FUR>RUB]+ME2s[UL<>UR],50,2,21,1,R U R' U' R U' R' U' R U R' 2F2 3F2 R2 U2 2F2 3F2 U2 R2 2F2 3F2
rubiks-7,ParityCycle-QC1,ParityCycle-QC1#00,C4[DFR>RUB>FUR>ULB]+ME2s[UL<>UR],C4[DFR>RUB>FUR>ULB]+ME2s[UL<>UR],C4[DFR>RUB>FUR>ULB]+ME2s[UL<>UR],50,2,21,1,R U' R' U R U R' U R U' R' 2F2 3F2 R2 U2 2F2 3F2 U2 R2 2F2 3F2
rubiks-7,ParitySwap-A0,ParitySwap-A0#00,C2[UBR>RFU]+ME2s[UL<>UR]~v01,C2[UBR>RFU]+ME2s[UL<>UR]~v01,C2[UBR>RFU]+ME2s[UL<>UR],68,2,20,2,F R' F D2 B' L B D2 F2 R 2F2 3F2 R2 U2 2F2 3F2 U2 R2 2F2 3F2
rubiks-7,ParitySwap-A1,ParitySwap-A1#00,C2[UBR>RFU]+ME2s[UL<>UR]~v02,C2[UBR>RFU]+ME2s[UL<>UR]~v02,C2[UBR>RFU]+ME2s[UL<>UR],68,2,20,2,R' F2 D2 B' L' B D2 F' R F' 2F2 3F2 R2 U2 2F2 3F2 U2 R2 2F2 3F2
rubiks-7,ParitySwap-A2,ParitySwap-A2#00,C2s[UFL<>URF]+ME2s[UL<>UR],C2s[UFL<>URF]+ME2s[UL<>UR],C2s[UFL<>URF]+ME2s[UL<>UR],68,0,26,1,2F2 3F2 R2 U2 2F2 3F2 U2 R2 2F2 3F2 R' F2 D2 B' L' B L D2 L' F' R F2 L' F' L F2
rubiks-7,ParitySwap-A3,ParitySwap-A3#00,C2s[DFR<>DLF]+ME2s[UL<>UR],C2s[DFR<>DLF]+ME2s[UL<>UR],C2s[DFR<>DLF]+ME2s[UL<>UR],68,0,26,1,2F2 3F2 R2 U2 2F2 3F2 U2 R2 2F2 3F2 F2 R' F2 D2 B' L' B L D2 L' F' R F2 L' F' L
rubiks-7,ParitySwap-A4,ParitySwap-A4#00,C2[UFL>FUR]+ME2s[UL<>UR],C2[UFL>FUR]+ME2s[UL<>UR],C2[UFL>FUR]+ME2s[UL<>UR],68,2,30,1,2F2 3F2 R2 U2 2F2 3F2 U2 R2 2F2 3F2 F2 U2 F2 U2 F R L' U2 R' L F' B U B' U R2 D' F D R2
rubiks-7,ParitySwap-A5,ParitySwap-A5#00,C2[DFR>FDL]+ME2s[UL<>UR],C2[DFR>FDL]+ME2s[UL<>UR],C2[DFR>FDL]+ME2s[UL<>UR],68,2,30,1,2F2 3F2 R2 U2 2F2 3F2 U2 R2 2F2 3F2 U2 F2 U2 F R L' U2 R' L F' B U B' U R2 D' F D R2 F2
rubiks-7,ParitySwap-B0,ParitySwap-B0#00,C2s[UBR<>UFL]+ME2s[UL<>UR]~v01,C2s[UBR<>UFL]+ME2s[UL<>UR]~v01,C2s[UBR<>UFL]+ME2s[UL<>UR],68,0,24,2,2F2 3F2 R2 U2 2F2 3F2 U2 R2 2F2 3F2 L2 F2 U2 L' U2 L2 F2 L' U2 L2 U2 F2 L' F2
rubiks-7,ParitySwap-B1,ParitySwap-B1#00,C2s[UBR<>UFL]+ME2s[UL<>UR]~v02,C2s[UBR<>UFL]+ME2s[UL<>UR]~v02,C2s[UBR<>UFL]+ME2s[UL<>UR],68,0,24,2,2F2 3F2 R2 U2 2F2 3F2 U2 R2 2F2 3F2 F2 L F2 U2 L2 U2 L F2 L2 U2 L U2 F2 L2
rubiks-7,ParitySwap-B2,ParitySwap-B2#00,C2s[DRB<>ULB]+ME2s[UL<>UR]~v01,C2s[DRB<>ULB]+ME2s[UL<>UR]~v01,C2s[DRB<>ULB]+ME2s[UL<>UR],48,0,24,2,R2 U2 B2 R' B2 R2 U2 R B2 R2 B2 U2 R U2 2F2 3F2 R2 U2 2F2 3F2 U2 R2 2F2 3F2
rubiks-7,ParitySwap-B3,ParitySwap-B3#00,C2s[DRB<>ULB]+ME2s[UL<>UR]~v02,C2s[DRB<>ULB]+ME2s[UL<>UR]~v02,C2s[DRB<>ULB]+ME2s[UL<>UR],48,0,24,2,U2 R' U2 B2 R2 B2 R' U2 R2 B2 R B2 U2 R2 2F2 3F2 R2 U2 2F2 3F2 U2 R2 2F2 3F2
rubiks-7,ParitySwap-F0,ParitySwap-F0#00,C2[DFR>BRU]+ME2s[UL<>UR]~v01,C2[DFR>BRU]+ME2s[UL<>UR]~v01,C2[DFR>BRU]+ME2s[UL<>UR],68,2,20,2,2F2 3F2 R2 U2 2F2 3F2 U2 R2 2F2 3F2 R' F D2 B' L B D2 F2 R F
rubiks-7,ParitySwap-F1,ParitySwap-F1#00,C2[DFR>BRU]+ME2s[UL<>UR]~v02,C2[DFR>BRU]+ME2s[UL<>UR]~v02,C2[DFR>BRU]+ME2s[UL<>UR],68,2,20,2,2F2 3F2 R2 U2 2F2 3F2 U2 R2 2F2 3F2 F' R' F2 D2 B' L' B D2 F' R
rubiks-7,ParitySwap-F2,ParitySwap-F2#00,C2[UBR>FLU]+ME2s[UL<>UR]~v01,C2[UBR>FLU]+ME2s[UL<>UR]~v01,C2[UBR>FLU]+ME2s[UL<>UR],48,2,21,2,B L' B2 D2 F' R' F D2 B' L B2 2F2 3F2 R2 U2 2F2 3F2 U2 R2 2F2 3F2
rubiks-7,ParitySwap-F3,ParitySwap-F3#00,C2[UBR>FLU]+ME2s[UL<>UR]~v02,C2[UBR>FLU]+ME2s[UL<>UR]~v02,C2[UBR>FLU]+ME2s[UL<>UR],48,2,21,2,B2 L' B D2 F' R F D2 B2 L B' 2F2 3F2 R2 U2 2F2 3F2 U2 R2 2F2 3F2
rubiks-7,ParitySwap-F4,ParitySwap-F4#00,C2[DFR>FLU]+ME2s[UL<>UR]~v01,C2[DFR>FLU]+ME2s[UL<>UR]~v01,C2[DFR>FLU]+ME2s[UL<>UR],68,2,22,2,U2 R' F D2 B' L B D2 F2 R F U2 2F2 3F2 R2 U2 2F2 3F2 U2 R2 2F2 3F2
rubiks-7,ParitySwap-F5,ParitySwap-F5#00,C2[DFR>FLU]+ME2s[UL<>UR]~v02,C2[DFR>FLU]+ME2s[UL<>UR]~v02,C2[DFR>FLU]+ME2s[UL<>UR],68,2,22,2,U2 F' R' F2 D2 B' L' B D2 F' R U2 2F2 3F2 R2 U2 2F2 3F2 U2 R2 2F2 3F2
rubiks-7,ParitySwap-J0,ParitySwap-J0#00,C2[DRB>LUF]+ME2s[UL<>UR]~v01,C2[DRB>LUF]+ME2s[UL<>UR]~v01,C2[DRB>LUF]+ME2s[UL<>UR],48,2,21,2,B2 L' B2 D2 F' R' F D2 B' L B 2F2 3F2 R2 U2 2F2 3F2 U2 R2 2F2 3F2
rubiks-7,ParitySwap-J1,ParitySwap-J1#00,C2[DRB>LUF]+ME2s[UL<>UR]~v02,C2[DRB>LUF]+ME2s[UL<>UR]~v02,C2[DRB>LUF]+ME2s[UL<>UR],48,2,21,2,B' L' B D2 F' R F D2 B2 L B2 2F2 3F2 R2 U2 2F2 3F2 U2 R2 2F2 3F2
rubiks-7,ParitySwap-J2,ParitySwap-J2#00,C2s[DLF<>UBR]+ME2s[UL<>UR]~v01,C2s[DLF<>UBR]+ME2s[UL<>UR]~v01,C2s[DLF<>UBR]+ME2s[UL<>UR],68,0,24,2,F2 R' F D2 B' L B D2 F L' F R F' L 2F2 3F2 R2 U2 2F2 3F2 U2 R2 2F2 3F2
rubiks-7,ParitySwap-J3,ParitySwap-J3#00,C2s[DLF<>UBR]+ME2s[UL<>UR]~v02,C2s[DLF<>UBR]+ME2s[UL<>UR]~v02,C2s[DLF<>UBR]+ME2s[UL<>UR],68,0,24,2,L' F R' F' L F' D2 B' L' B D2 F' R F2 2F2 3F2 R2 U2 2F2 3F2 U2 R2 2F2 3F2
rubiks-7,ParitySwap-J4,ParitySwap-J4#00,C2[DRB>FLU]+ME2s[UL<>UR]~v01,C2[DRB>FLU]+ME2s[UL<>UR]~v01,C2[DRB>FLU]+ME2s[UL<>UR],52,2,26,2,B2 L2 D2 F2 D2 L2 B' U2 L2 D F D' L2 U B' U' 2F2 3F2 R2 U2 2F2 3F2 U2 R2 2F2 3F2
rubiks-7,ParitySwap-J5,ParitySwap-J5#00,C2[DRB>FLU]+ME2s[UL<>UR]~v02,C2[DRB>FLU]+ME2s[UL<>UR]~v02,C2[DRB>FLU]+ME2s[UL<>UR],52,2,26,2,U B U' L2 D F' D' L2 U2 B L2 D2 F2 D2 L2 B2 2F2 3F2 R2 U2 2F2 3F2 U2 R2 2F2 3F2
rubiks-7,ParitySwap-JXB,ParitySwap-JXB#00,C2s[DLF<>UBR]+ME2[DF>FU],C2s[DLF<>UBR]+ME2[DF>FU],C2s[DLF<>UBR]+ME2[DF>FU],68,2,25,1,R2 U F' R 2F2 3F2 R2 U2 2F2 3F2 U2 R2 2F2 3F2 F R' F D2 B' L B D2 F' U' R2
rubiks-7,ParitySwap-JYB,ParitySwap-JYB#00,C2[DLF>BRU]+ME2[DF>FU],C2[DLF>BRU]+ME2[DF>FU],C2[DLF>BRU]+ME2[DF>FU],48,4,32,1,R2 U F' R 2F2 3F2 R2 U2 2F2 3F2 U2 R2 2F2 3F2 R U R' U' R' F R2 U' R' U' R U R' F' R' F U' R2
rubiks-7,ParitySwap-JZB,ParitySwap-JZB#00,C2[DBL>RFU]+ME2[DB>BU],C2[DBL>RFU]+ME2[DB>BU],C2[DBL>RFU]+ME2[DB>BU],68,4,31,1,U' B R' 2F2 3F2 R2 U2 2F2 3F2 U2 R2 2F2 3F2 B' R B' D2 F L' F' D2 B U L U2 L' D L U2 L' D'
rubiks-7,ParitySwap-K0,ParitySwap-K0#00,C2[UFL>RFU]+ME2s[UL<>UR],C2[UFL>RFU]+ME2s[UL<>UR],C2[UFL>RFU]+ME2s[UL<>UR],48,2,25,1,R' U2 L F2 L' F2 R2 U2 R U2 R' U2 F2 R2 F2 2F2 3F2 R2 U2 2F2 3F2 U2 R2 2F2 3F2
rubiks-7,ParitySwap-K1,ParitySwap-K1#00,C2[DFR>LFD]+ME2s[UL<>UR],C2[DFR>LFD]+ME2s[UL<>UR],C2[DFR>LFD]+ME2s[UL<>UR],48,2,25,1,R2 F2 U2 R U2 R' U2 R2 F2 L F2 L' U2 R F2 2F2 3F2 R2 U2 2F2 3F2 U2 R2 2F2 3F2
rubiks-7,ParitySwap-XB,ParitySwap-XB#00,C2s[DFR<>DLF]+ME2[DF>FU],C2s[DFR<>DLF]+ME2[DF>FU],C2s[DFR<>DLF]+ME2[DF>FU],68,2,23,1,U F' R 2F2 3F2 R2 U2 2F2 3F2 U2 R2 2F2 3F2 F R' F D2 B' L B D2 F' U'
rubiks-7,ParitySwap-XC,ParitySwap-XC#00,C2[DLF>LUF]+ME2s[FL<>UL],C2[DLF>LUF]+ME2s[FL<>UL],C2[DLF>LUF]+ME2s[FL<>UL],68,2,20,1,F2 R 2F2 3F2 R2 U2 2F2 3F2 U2 R2 2F2 3F2 F R' F D2 B' L B D2
rubiks-7,ParitySwap-XD,ParitySwap-XD#00,C2s[UFL<>URF]+ME2[UF>LU],C2s[UFL<>URF]+ME2[UF>LU],C2s[UFL<>URF]+ME2[UF>LU],68,2,21,1,F R 2F2 3F2 R2 U2 2F2 3F2 U2 R2 2F2 3F2 F R' F D2 B' L B D2 F
rubiks-7,ParitySwap-XE,ParitySwap-XE#00,C2[DFR>RFU]+ME2[RF>LU],C2[DFR>RFU]+ME2[RF>LU],C2[DFR>RFU]+ME2[RF>LU],68,4,20,1,R 2F2 3F2 R2 U2 2F2 3F2 U2 R2 2F2 3F2 F R' F D2 B' L B D2 F2
rubiks-7,ParitySwap-XF,ParitySwap-XF#00,C2s[DFR<>DLF]+ME2[DF>LU],C2s[DFR<>DLF]+ME2[DF>LU],C2s[DFR<>DLF]+ME2[DF>LU],68,2,21,1,F' R 2F2 3F2 R2 U2 2F2 3F2 U2 R2 2F2 3F2 F R' F D2 B' L B D2 F'
rubiks-7,ParitySwap-XG,ParitySwap-XG#00,C2[DFR>RBD]+ME2s[DR<>UL],C2[DFR>RBD]+ME2s[DR<>UL],C2[DFR>RBD]+ME2s[DR<>UL],68,2,22,1,R2 F R' F D2 B' L B D2 F2 R 2F2 3F2 R2 U2 2F2 3F2 U2 R2 2F2 3F2 R2
rubiks-7,ParitySwap-XH,ParitySwap-XH#00,C2s[DFR<>DLF]+ME2[DF>BU],C2s[DFR<>DLF]+ME2[DF>BU],C2s[DFR<>DLF]+ME2[DF>BU],68,2,26,1,U' F' R F R' F D2 B' L B D2 F2 R 2F2 3F2 R2 U2 2F2 3F2 U2 R2 2F2 3F2 R' F U
rubiks-7,ParitySwap-YA,ParitySwap-YA#00,C2s[UBR<>URF]+ME2s[UL<>UR],C2s[UBR<>URF]+ME2s[UL<>UR],C2s[UBR<>URF]+ME2s[UL<>UR],48,0,24,1,2F2 3F2 R2 U2 2F2 3F2 U2 R2 2F2 3F2 R U R' U' R' F R2 U' R' U' R U R' F'
rubiks-7,ParitySwap-YB,ParitySwap-YB#00,C2[DFR>FDL]+ME2[DF>FU],C2[DFR>FDL]+ME2[DF>FU],C2[DFR>FDL]+ME2[DF>FU],48,4,30,1,U F' R 2F2 3F2 R2 U2 2F2 3F2 U2 R2 2F2 3F2 R U R' U' R' F R2 U' R' U' R U R' F' R' F U'
rubiks-7,ParitySwap-YC,ParitySwap-YC#00,C2[DLF>FLU]+ME2s[FL<>UL],C2[DLF>FLU]+ME2s[FL<>UL],C2[DLF>FLU]+ME2s[FL<>UL],48,2,28,1,F2 R 2F2 3F2 R2 U2 2F2 3F2 U2 R2 2F2 3F2 R U R' U' R' F R2 U' R' U' R U R' F' R' F2
rubiks-7,ParitySwap-YD,ParitySwap-YD#00,C2[UFL>FUR]+ME2[UF>LU],C2[UFL>FUR]+ME2[UF>LU],C2[UFL>FUR]+ME2[UF>LU],48,4,28,1,F R 2F2 3F2 R2 U2 2F2 3F2 U2 R2 2F2 3F2 R U R' U' R' F R2 U' R' U' R U R' F' R' F'
rubiks-7,ParitySwap-YE,ParitySwap-YE#00,C2[DFR>FUR]+ME2[RF>LU],C2[DFR>FUR]+ME2[RF>LU],C2[DFR>FUR]+ME2[RF>LU],48,4,26,1,R 2F2 3F2 R2 U2 2F2 3F2 U2 R2 2F2 3F2 R U R' U' R' F R2 U' R' U' R U R' F' R'
rubiks-7,ParitySwap-YF,ParitySwap-YF#00,C2[DFR>FDL]+ME2[DF>LU],C2[DFR>FDL]+ME2[DF>LU],C2[DFR>FDL]+ME2[DF>LU],48,4,28,1,F' R 2F2 3F2 R2 U2 2F2 3F2 U2 R2 2F2 3F2 R U R' U' R' F R2 U' R' U' R U R' F' R' F
rubiks-7,ParitySwap-YG,ParitySwap-YG#00,C2s[DFR<>DRB]+ME2s[DR<>UL],C2s[DFR<>DRB]+ME2s[DR<>UL],C2s[DFR<>DRB]+ME2s[DR<>UL],48,0,26,1,R2 2F2 3F2 R2 U2 2F2 3F2 U2 R2 2F2 3F2 R U R' U' R' F R2 U' R' U' R U R' F' R2
rubiks-7,ParitySwap-YH,ParitySwap-YH#00,C2[DRB>BRU]+ME2[BR>LF],C2[DRB>BRU]+ME2[BR>LF],C2[DRB>BRU]+ME2[BR>LF],48,4,32,1,R' U' F U 2F2 3F2 R2 U2 2F2 3F2 U2 R2 2F2 3F2 R U R' U' R' F R2 U' R' U' R U R' F' U' F' U R
rubiks-7,ParitySwap-ZA,ParitySwap-ZA#00,C2[UBR>FUR]+ME2s[UL<>UR],C2[UBR>FUR]+ME2s[UL<>UR],C2[UBR>FUR]+ME2s[UL<>UR],52,2,25,1,2F2 3F2 R2 U2 2F2 3F2 U2 R2 2F2 3F2 U2 B' U2 B U2 D2 R' B' R D2 L' F L' F' L2
rubiks-7,ParitySwap-ZB,ParitySwap-ZB#00,C2[UBR>LBU]+ME2[UB>FU],C2[UBR>LBU]+ME2[UB>FU],C2[UBR>LBU]+ME2[UB>FU],52,4,30,1,F' U L' 2F2 3F2 R2 U2 2F2 3F2 U2 R2 2F2 3F2 U2 B' U2 B U2 D2 R' B' R D2 L' F L' F' L' U' F
rubiks-7,ParitySwap-ZC,ParitySwap-ZC#00,C2[UFL>BUL]+ME2[LB>LU],C2[UFL>BUL]+ME2[LB>LU],C2[UFL>BUL]+ME2[LB>LU],52,4,28,1,U2 L 2F2 3F2 R2 U2 2F2 3F2 U2 R2 2F2 3F2 U2 B' U2 B U2 D2 R' B' R D2 L' F L' F' L U2
rubiks-7,ParitySwap-ZD,ParitySwap-ZD#00,C2[UBR>LBU]+ME2[LB>BU],C2[UBR>LBU]+ME2[LB>BU],C2[UBR>LBU]+ME2[LB>BU],52,4,28,1,U L 2F2 3F2 R2 U2 2F2 3F2 U2 R2 2F2 3F2 U2 B' U2 B U2 D2 R' B' R D2 L' F L' F' L U'
rubiks-7,ParitySwap-ZE,ParitySwap-ZE#00,C2[UBR>FUR]+ME2[LB>RU],C2[UBR>FUR]+ME2[LB>RU],C2[UBR>FUR]+ME2[LB>RU],52,4,26,1,L 2F2 3F2 R2 U2 2F2 3F2 U2 R2 2F2 3F2 U2 B' U2 B U2 D2 R' B' R D2 L' F L' F' L
rubiks-7,ParitySwap-ZF,ParitySwap-ZF#00,C2[UFL>RFU]+ME2[LB>FU],C2[UFL>RFU]+ME2[LB>FU],C2[UFL>RFU]+ME2[LB>FU],52,4,28,1,U' L 2F2 3F2 R2 U2 2F2 3F2 U2 R2 2F2 3F2 U2 B' U2 B U2 D2 R' B' R D2 L' F L' F' L U
rubiks-7,ParitySwap-ZG,ParitySwap-ZG#00,C2[UBR>FUR]+ME2s[DL<>UR],C2[UBR>FUR]+ME2s[DL<>UR],C2[UBR>FUR]+ME2s[DL<>UR],52,2,25,1,L2 2F2 3F2 R2 U2 2F2 3F2 U2 R2 2F2 3F2 U2 B' U2 B U2 D2 R' B' R D2 L' F L' F'
rubiks-7,ParitySwap-ZH,ParitySwap-ZH#00,C2[UBR>LBU]+ME2[DF>BU],C2[UBR>LBU]+ME2[DF>BU],C2[UBR>LBU]+ME2[DF>BU],52,4,30,1,F U L' 2F2 3F2 R2 U2 2F2 3F2 U2 R2 2F2 3F2 U2 B' U2 B U2 D2 R' B' R D2 L' F L' F' L' U' F'
rubiks-7,Plus-Center-4A,Plus-Center-4A#00,CtrPlus6p[3x2][B@2L.E>B@2R.E>U@2R.S;D@2R.S>F@2L.E>F@2R.E],CtrPlus6p[3x2][B@2L.E>B@2R.E>U@2R.S;D@2R.S>F@2L.E>F@2R.E],CtrPlus6p[3x2][B@2L.E>B@2R.E>U@2R.S;D@2R.S>F@2L.E>F@2R.E],6,0,5,1,2R2 E2 2R E2 2R
rubiks-7,Plus-Center-4B,Plus-Center-4B#00,CtrPlus6p[3x2][B@2L.E>D@2R.S>B@2R.E;F@2L.E>U@2R.S>F@2R.E],CtrPlus6p[3x2][B@2L.E>D@2R.S>B@2R.E;F@2L.E>U@2R.S>F@2R.E],CtrPlus6p[3x2][B@2L.E>D@2R.S>B@2R.E;F@2L.E>U@2R.S>F@2R.E],6,0,5,1,2R E2 2R E2 2R2
rubiks-7,Plus-Center-4C,Plus-Center-4C#00,CtrPlus6p[3x2][B@2R.E>B@M.2U>D@2R.S;F@2R.E>F@M.2U>U@2R.S],CtrPlus6p[3x2][B@2R.E>B@M.2U>D@2R.S;F@2R.E>F@M.2U>U@2R.S],CtrPlus6p[3x2][B@2R.E>B@M.2U>D@2R.S;F@2R.E>F@M.2U>U@2R.S],6,0,6,1,2U S 2R S' 2R' 2U'
rubiks-7,Plus-Center-4D,Plus-Center-4D#00,CtrPlus8s~v01,CtrPlus8s~v01,CtrPlus8s,8,0,7,3,M' 2B' M2 2U' M' 2U 2B
rubiks-7,Plus-Center-4E,Plus-Center-4E#00,CtrPlus6p[3x2][B@M.2D>B@M.2U>D@M.2F;F@M.2D>F@M.2U>U@M.2F],CtrPlus6p[3x2][B@M.2D>B@M.2U>D@M.2F;F@M.2D>F@M.2U>U@M.2F],CtrPlus6p[3x2][B@M.2D>B@M.2U>D@M.2F;F@M.2D>F@M.2U>U@M.2F],6,0,7,1,2U M' 2U M' 2U' M2 2U'
rubiks-7,Plus-Center-4WA,Plus-Center-4WA#00,CtrPlus6p[3x2][B@2R.E>U@2R.S>U@2L.S;D@2L.S>F@2R.E>D@M.2F],CtrPlus6p[3x2][B@2R.E>U@2R.S>U@2L.S;D@2L.S>F@2R.E>D@M.2F],CtrPlus6p[3x2][B@2R.E>U@2R.S>U@2L.S;D@2L.S>F@2R.E>D@M.2F],6,0,8,1,2L E2 D 2R E2 2R' D' 2L'
rubiks-7,Plus-Center-4WB,Plus-Center-4WB#00,CtrPlus6p[3x2][B@2R.E>U@M.2F>U@2L.S;D@2L.S>F@2R.E>D@2R.S],CtrPlus6p[3x2][B@2R.E>U@M.2F>U@2L.S;D@2L.S>F@2R.E>D@2R.S],CtrPlus6p[3x2][B@2R.E>U@M.2F>U@2L.S;D@2L.S>F@2R.E>D@2R.S],6,0,8,1,2L E2 U' 2R E2 2R' U 2L'
rubiks-7,Plus-Center-4XA,Plus-Center-4XA#00,CtrPlus6p[3x2][B@2R.E>D@2L.S>D@2R.S;F@2R.E>U@2L.S>U@M.2B],CtrPlus6p[3x2][B@2R.E>D@2L.S>D@2R.S;F@2R.E>U@2L.S>U@M.2B],CtrPlus6p[3x2][B@2R.E>D@2L.S>D@2R.S;F@2R.E>U@2L.S>U@M.2B],6,0,8,1,2L' U 2R' E2 2R U' E2 2L
rubiks-7,Plus-Center-4XB,Plus-Center-4XB#00,CtrPlus6p[3x2][B@2R.E>D@2L.S>D@M.2B;F@2R.E>U@2L.S>U@2R.S],CtrPlus6p[3x2][B@2R.E>D@2L.S>D@M.2B;F@2R.E>U@2L.S>U@2R.S],CtrPlus6p[3x2][B@2R.E>D@2L.S>D@M.2B;F@2R.E>U@2L.S>U@2R.S],6,0,8,1,2L' D' 2R' E2 2R D E2 2L
rubiks-7,Plus-Center-4YA,Plus-Center-4YA#00,CtrPlus6p[3x2][B@2R.E>U@M.2B>U@M.2F;D@2R.S>F@2R.E>D@M.2B],CtrPlus6p[3x2][B@2R.E>U@M.2B>U@M.2F;D@2R.S>F@2R.E>D@M.2B],CtrPlus6p[3x2][B@2R.E>U@M.2B>U@M.2F;D@2R.S>F@2R.E>D@M.2B],6,0,8,1,2B U' 2R E' 2R' U E 2B'
rubiks-7,Plus-Center-4YB,Plus-Center-4YB#00,CtrPlus6p[3x2][B@2R.E>U@M.2B>U@2R.S;D@M.2B>D@M.2F>F@2R.E],CtrPlus6p[3x2][B@2R.E>U@M.2B>U@2R.S;D@M.2B>D@M.2F>F@2R.E],CtrPlus6p[3x2][B@2R.E>U@M.2B>U@2R.S;D@M.2B>D@M.2F>F@2R.E],6,0,8,1,2B D 2R E' 2R' D' E 2B'
rubiks-7,Plus-Center-4YC,Plus-Center-4YC#00,CtrPlus6p[3x2][B@2R.E>U@2L.S>U@M.2F;D@2L.S>D@2R.S>F@2R.E],CtrPlus6p[3x2][B@2R.E>U@2L.S>U@M.2F;D@2L.S>D@2R.S>F@2R.E],CtrPlus6p[3x2][B@2R.E>U@2L.S>U@M.2F;D@2L.S>D@2R.S>F@2R.E],6,0,8,1,2L U' 2R E2 2R' U E2 2L'
rubiks-7,Plus-Center-4YD,Plus-Center-4YD#00,CtrPlus6p[3x2][B@2R.E>U@2L.S>U@2R.S;D@2L.S>D@M.2F>F@2R.E],CtrPlus6p[3x2][B@2R.E>U@2L.S>U@2R.S;D@2L.S>D@M.2F>F@2R.E],CtrPlus6p[3x2][B@2R.E>U@2L.S>U@2R.S;D@2L.S>D@M.2F>F@2R.E],6,0,8,1,2L D 2R E2 2R' D' E2 2L'
rubiks-7,Plus-Center-4ZA,Plus-Center-4ZA#00,CtrPlus6p[3x2][B@2L.E>D@2R.S>B@2R.E;F@2L.E>U@2L.S>F@2R.E]~v01,CtrPlus6p[3x2][B@2L.E>D@2R.S>B@2R.E;F@2L.E>U@2L.S>F@2R.E]~v01,CtrPlus6p[3x2][B@2L.E>D@2R.S>B@2R.E;F@2L.E>U@2L.S>F@2R.E],6,0,7,2,U2 2R E2 2R E2 2R2 U2
rubiks-7,Plus-Center-4ZB,Plus-Center-4ZB#00,CtrPlus6p[3x2][B@2L.E>D@2L.S>B@2R.E;F@2L.E>U@2R.S>F@2R.E]~v01,CtrPlus6p[3x2][B@2L.E>D@2L.S>B@2R.E;F@2L.E>U@2R.S>F@2R.E]~v01,CtrPlus6p[3x2][B@2L.E>D@2L.S>B@2R.E;F@2L.E>U@2R.S>F@2R.E],6,0,7,2,D2 2R E2 2R E2 2R2 D2
rubiks-7,Plus-Center-4ZC,Plus-Center-4ZC#00,CtrPlus6p[3x2][B@2L.E>D@2R.S>B@2R.E;F@2L.E>U@2L.S>F@2R.E]~v02,CtrPlus6p[3x2][B@2L.E>D@2R.S>B@2R.E;F@2L.E>U@2L.S>F@2R.E]~v02,CtrPlus6p[3x2][B@2L.E>D@2R.S>B@2R.E;F@2L.E>U@2L.S>F@2R.E],6,0,8,2,U2 2R E2 2R' U2 2L2 E2 2L2
rubiks-7,Plus-Center-4ZD,Plus-Center-4ZD#00,CtrPlus6p[3x2][B@2L.E>D@2L.S>B@2R.E;F@2L.E>U@2R.S>F@2R.E]~v02,CtrPlus6p[3x2][B@2L.E>D@2L.S>B@2R.E;F@2L.E>U@2R.S>F@2R.E]~v02,CtrPlus6p[3x2][B@2L.E>D@2L.S>B@2R.E;F@2L.E>U@2R.S>F@2R.E],6,0,8,2,D2 2R E2 2R' D2 2L2 E2 2L2
rubiks-7,Plus-Center-6A,Plus-Center-6A#00,CtrPlus6p[3x2][B@2R.E>R@S.2D>U@2R.S;D@2R.S>F@2R.E>L@S.2D],CtrPlus6p[3x2][B@2R.E>R@S.2D>U@2R.S;D@2R.S>F@2R.E>L@S.2D],CtrPlus6p[3x2][B@2R.E>R@S.2D>U@2R.S;D@2R.S>F@2R.E>L@S.2D],6,0,4,1,2R E 2R' E'
rubiks-7,Plus-Center-6B,Plus-Center-6B#00,CtrPlus6p[3x2][B@2R.E>U@2R.S>R@S.2D;D@2R.S>L@S.2D>F@2R.E],CtrPlus6p[3x2][B@2R.E>U@2R.S>R@S.2D;D@2R.S>L@S.2D>F@2R.E],CtrPlus6p[3x2][B@2R.E>U@2R.S>R@S.2D;D@2R.S>L@S.2D>F@2R.E],6,0,4,1,E 2R E' 2R'
rubiks-7,Plus-Center-6C,Plus-Center-6C#00,CtrPlus6p[3x2][B@2L.E>D@2R.S>F@2R.E;B@2R.E>F@2L.E>U@2R.S],CtrPlus6p[3x2][B@2L.E>D@2R.S>F@2R.E;B@2R.E>F@2L.E>U@2R.S],CtrPlus6p[3x2][B@2L.E>D@2R.S>F@2R.E;B@2R.E>F@2L.E>U@2R.S],6,0,4,1,2R E2 2R' E2
rubiks-7,Plus-Center-6D,Plus-Center-6D#00,CtrPlus6p[3x2][B@2L.E>F@2R.E>U@2R.S;B@2R.E>D@2R.S>F@2L.E],CtrPlus6p[3x2][B@2L.E>F@2R.E>U@2R.S;B@2R.E>D@2R.S>F@2L.E],CtrPlus6p[3x2][B@2L.E>F@2R.E>U@2R.S;B@2R.E>D@2R.S>F@2L.E],6,0,4,1,E2 2R' E2 2R
rubiks-7,Plus-Center-6E,Plus-Center-6E#00,CtrPlus10p[5x2]~v01,CtrPlus10p[5x2]~v01,CtrPlus10p[5x2],10,0,11,2,2U M' 2B M 2B' 2U' E' 2F' E' 2F E2
rubiks-7,Plus-Center-6F,Plus-Center-6F#00,CtrPlus10p[5x2]~v02,CtrPlus10p[5x2]~v02,CtrPlus10p[5x2],10,0,10,2,2U S 2R S' E' 2F E 2F' 2R' 2U'
rubiks-7,Plus-Center-6G,Plus-Center-6G#00,CtrPlus6p[3x2][B@2R.E>L@S.2D>D@2R.S;F@2R.E>R@S.2D>U@2R.S],CtrPlus6p[3x2][B@2R.E>L@S.2D>D@2R.S;F@2R.E>R@S.2D>U@2R.S],CtrPlus6p[3x2][B@2R.E>L@S.2D>D@2R.S;F@2R.E>R@S.2D>U@2R.S],6,0,5,1,2R E 2R E' 2R2
rubiks-7,Plus-Center-6H,Plus-Center-6H#00,CtrPlus6p[3x2][B@2R.E>D@2R.S>R@S.2U;F@2R.E>U@2R.S>L@S.2U],CtrPlus6p[3x2][B@2R.E>D@2R.S>R@S.2U;F@2R.E>U@2R.S>L@S.2U],CtrPlus6p[3x2][B@2R.E>D@2R.S>R@S.2U;F@2R.E>U@2R.S>L@S.2U],6,0,5,1,2R2 E' 2R' E 2R'
rubiks-7,Plus-Center-6I,Plus-Center-6I#00,CtrPlus6p[3x2][B@M.2D>R@2F.E>U@M.2B;D@M.2B>F@M.2D>L@2F.E],CtrPlus6p[3x2][B@M.2D>R@2F.E>U@M.2B;D@M.2B>F@M.2D>L@2F.E],CtrPlus6p[3x2][B@M.2D>R@2F.E>U@M.2B;D@M.2B>F@M.2D>L@2F.E],6,0,5,1,M 2U M 2U' M2
rubiks-7,Plus-Center-6J,Plus-Center-6J#00,CtrPlus6p[3x2][B@M.2D>U@M.2B>L@2F.E;D@M.2B>R@2F.E>F@M.2D],CtrPlus6p[3x2][B@M.2D>U@M.2B>L@2F.E;D@M.2B>R@2F.E>F@M.2D],CtrPlus6p[3x2][B@M.2D>U@M.2B>L@2F.E;D@M.2B>R@2F.E>F@M.2D],6,0,5,1,M2 2U' M' 2U M'
rubiks-7,Plus-Center-Adjacent3Center-AAA,Plus-Center-Adjacent3Center-AAA#00,CtrPlus3[F@2R.E>U@M.2F>R@2F.E],CtrPlus3[F@2R.E>U@M.2F>R@2F.E],CtrPlus3[F@2R.E>U@M.2F>R@2F.E],3,0,10,1,F 2D R2 2D' M 2D R2 2D' M' F'
rubiks-7,Plus-Center-Adjacent3Center-AAB,Plus-Center-Adjacent3Center-AAB#00,CtrPlus3[F@M.2U>U@M.2F>R@2F.E],CtrPlus3[F@M.2U>U@M.2F>R@2F.E],CtrPlus3[F@M.2U>U@M.2F>R@2F.E],3,0,9,1,2U' F M' F' 2U' F M F' 2U2
rubiks-7,Plus-Center-Adjacent3Center-AAC,Plus-Center-Adjacent3Center-AAC#00,CtrPlus3[F@2L.E>U@M.2F>R@2F.E],CtrPlus3[F@2L.E>U@M.2F>R@2F.E],CtrPlus3[F@2L.E>U@M.2F>R@2F.E],3,0,10,1,F' 2D R2 2D' M 2D R2 2D' M' F
rubiks-7,Plus-Center-Adjacent3Center-AAD,Plus-Center-Adjacent3Center-AAD#00,CtrPlus3[F@M.2D>U@M.2F>R@2F.E],CtrPlus3[F@M.2D>U@M.2F>R@2F.E],CtrPlus3[F@M.2D>U@M.2F>R@2F.E],3,0,8,1,2D R2 2D' M 2D R2 2D' M'
rubiks-7,Plus-Center-Adjacent3Center-ABC,Plus-Center-Adjacent3Center-ABC#00,CtrPlus3[F@2L.E>U@2R.S>R@2F.E],CtrPlus3[F@2L.E>U@2R.S>R@2F.E],CtrPlus3[F@2L.E>U@2R.S>R@2F.E],3,0,10,1,U2 2L' D' S' D 2L D' S D U2
rubiks-7,Plus-Center-Adjacent3Center-ADC,Plus-Center-Adjacent3Center-ADC#00,CtrPlus3[F@2L.E>U@2L.S>R@2F.E],CtrPlus3[F@2L.E>U@2L.S>R@2F.E],CtrPlus3[F@2L.E>U@2L.S>R@2F.E],3,0,8,1,2L' D' S' D 2L D' S D
rubiks-7,Plus-Center-Adjacent3Center-BAD,Plus-Center-Adjacent3Center-BAD#00,CtrPlus3[F@M.2D>U@M.2F>R@S.2D],CtrPlus3[F@M.2D>U@M.2F>R@S.2D],CtrPlus3[F@M.2D>U@M.2F>R@S.2D],3,0,8,1,M' D 2F' D' M D 2F D'
rubiks-7,Plus-Center-Adjacent3Center-BBA,Plus-Center-Adjacent3Center-BBA#00,CtrPlus3[F@2R.E>U@2R.S>R@S.2D],CtrPlus3[F@2R.E>U@2R.S>R@S.2D],CtrPlus3[F@2R.E>U@2R.S>R@S.2D],3,0,9,1,2R2 F' E F 2R' F' E' F 2R'
rubiks-7,Plus-Center-Adjacent3Center-BBB,Plus-Center-Adjacent3Center-BBB#00,CtrPlus3[F@M.2U>U@2R.S>R@S.2D],CtrPlus3[F@M.2U>U@2R.S>R@S.2D],CtrPlus3[F@M.2U>U@2R.S>R@S.2D],3,0,10,1,F' E' 2L' U2 2L E 2L' U2 2L F
rubiks-7,Plus-Center-Adjacent3Center-BBC,Plus-Center-Adjacent3Center-BBC#00,CtrPlus3[F@2L.E>U@2R.S>R@S.2D],CtrPlus3[F@2L.E>U@2R.S>R@S.2D],CtrPlus3[F@2L.E>U@2R.S>R@S.2D],3,0,8,1,E' 2L' U2 2L E 2L' U2 2L
rubiks-7,Plus-Center-Adjacent3Center-BBD,Plus-Center-Adjacent3Center-BBD#00,CtrPlus3[F@M.2D>U@2R.S>R@S.2D],CtrPlus3[F@M.2D>U@2R.S>R@S.2D],CtrPlus3[F@M.2D>U@2R.S>R@S.2D],3,0,10,1,F E' 2L' U2 2L E 2L' U2 2L F'
rubiks-7,Plus-Center-Adjacent3Center-BCD,Plus-Center-Adjacent3Center-BCD#00,CtrPlus3[F@M.2D>U@M.2B>R@S.2D],CtrPlus3[F@M.2D>U@M.2B>R@S.2D],CtrPlus3[F@M.2D>U@M.2B>R@S.2D],3,0,11,1,U2 M' 2F' M U M' U' 2F U M U
rubiks-7,Plus-Center-Adjacent3Center-CBA,Plus-Center-Adjacent3Center-CBA#00,CtrPlus3[F@2R.E>U@2R.S>R@2B.E],CtrPlus3[F@2R.E>U@2R.S>R@2B.E],CtrPlus3[F@2R.E>U@2R.S>R@2B.E],3,0,8,1,2R D' S' D 2R' D' S D
rubiks-7,Plus-Center-Adjacent3Center-CCA,Plus-Center-Adjacent3Center-CCA#00,CtrPlus3[F@2R.E>U@M.2B>R@2B.E],CtrPlus3[F@2R.E>U@M.2B>R@2B.E],CtrPlus3[F@2R.E>U@M.2B>R@2B.E],3,0,10,1,F' 2U' R2 2U M 2U' R2 2U M' F
rubiks-7,Plus-Center-Adjacent3Center-CCB,Plus-Center-Adjacent3Center-CCB#00,CtrPlus3[F@M.2U>U@M.2B>R@2B.E],CtrPlus3[F@M.2U>U@M.2B>R@2B.E],CtrPlus3[F@M.2U>U@M.2B>R@2B.E],3,0,8,1,2U' R2 2U M 2U' R2 2U M'
rubiks-7,Plus-Center-Adjacent3Center-CCC,Plus-Center-Adjacent3Center-CCC#00,CtrPlus3[F@2L.E>U@M.2B>R@2B.E],CtrPlus3[F@2L.E>U@M.2B>R@2B.E],CtrPlus3[F@2L.E>U@M.2B>R@2B.E],3,0,10,1,F 2U' R2 2U M 2U' R2 2U M' F'
rubiks-7,Plus-Center-Adjacent3Center-CCD,Plus-Center-Adjacent3Center-CCD#00,CtrPlus3[F@M.2D>U@M.2B>R@2B.E],CtrPlus3[F@M.2D>U@M.2B>R@2B.E],CtrPlus3[F@M.2D>U@M.2B>R@2B.E],3,0,9,1,2D F M' F' 2D F M F' 2D2
rubiks-7,Plus-Center-Adjacent3Center-CDA,Plus-Center-Adjacent3Center-CDA#00,CtrPlus3[F@2R.E>U@2L.S>R@2B.E],CtrPlus3[F@2R.E>U@2L.S>R@2B.E],CtrPlus3[F@2R.E>U@2L.S>R@2B.E],3,0,10,1,U2 2R D' S' D 2R' D' S D U2
rubiks-7,Plus-Center-Adjacent3Center-DAB,Plus-Center-Adjacent3Center-DAB#00,CtrPlus3[F@M.2U>U@M.2F>R@S.2U],CtrPlus3[F@M.2U>U@M.2F>R@S.2U],CtrPlus3[F@M.2U>U@M.2F>R@S.2U],3,0,11,1,U2 M' 2B M U M' U' 2B' U M U
rubiks-7,Plus-Center-Adjacent3Center-DCB,Plus-Center-Adjacent3Center-DCB#00,CtrPlus3[F@M.2U>U@M.2B>R@S.2U],CtrPlus3[F@M.2U>U@M.2B>R@S.2U],CtrPlus3[F@M.2U>U@M.2B>R@S.2U],3,0,8,1,M' D 2B D' M D 2B' D'
rubiks-7,Plus-Center-Adjacent3Center-DDA,Plus-Center-Adjacent3Center-DDA#00,CtrPlus3[F@2R.E>U@2L.S>R@S.2U],CtrPlus3[F@2R.E>U@2L.S>R@S.2U],CtrPlus3[F@2R.E>U@2L.S>R@S.2U],3,0,8,1,E' 2R U2 2R' E 2R U2 2R'
rubiks-7,Plus-Center-Adjacent3Center-DDB,Plus-Center-Adjacent3Center-DDB#00,CtrPlus3[F@M.2U>U@2L.S>R@S.2U],CtrPlus3[F@M.2U>U@2L.S>R@S.2U],CtrPlus3[F@M.2U>U@2L.S>R@S.2U],3,0,10,1,F E' 2R U2 2R' E 2R U2 2R' F'
rubiks-7,Plus-Center-Adjacent3Center-DDC,Plus-Center-Adjacent3Center-DDC#00,CtrPlus3[F@2L.E>U@2L.S>R@S.2U],CtrPlus3[F@2L.E>U@2L.S>R@S.2U],CtrPlus3[F@2L.E>U@2L.S>R@S.2U],3,0,9,1,2L2 F' E F 2L F' E' F 2L
rubiks-7,Plus-Center-Adjacent3Center-DDD,Plus-Center-Adjacent3Center-DDD#00,CtrPlus3[F@M.2D>U@2L.S>R@S.2U],CtrPlus3[F@M.2D>U@2L.S>R@S.2U],CtrPlus3[F@M.2D>U@2L.S>R@S.2U],3,0,10,1,F' E' 2R U2 2R' E 2R U2 2R' F
rubiks-7,Plus-Center-InIn,Plus-Center-InIn#00,CtrPlus3[B@M.2U>U@M.2F>U@M.2B],CtrPlus3[B@M.2U>U@M.2F>U@M.2B],CtrPlus3[B@M.2U>U@M.2F>U@M.2B],3,0,10,1,2U M' 2U' M U2 M' 2U M 2U' U2
rubiks-7,Plus-Center-InOut,Plus-Center-InOut#00,CtrPlus3[B@M.2D>U@M.2F>U@M.2B],CtrPlus3[B@M.2D>U@M.2F>U@M.2B],CtrPlus3[B@M.2D>U@M.2F>U@M.2B],3,0,10,1,U2 2D' M' 2D M U2 M' 2D' M 2D
rubiks-7,Plus-Center-InOut01,Plus-Center-InOut01#00,CtrPlus3[B@M.2U>U@M.2B>U@M.2F],CtrPlus3[B@M.2U>U@M.2B>U@M.2F],CtrPlus3[B@M.2U>U@M.2B>U@M.2F],3,0,10,1,U2 2U M' 2U' M U2 M' 2U M 2U'
rubiks-7,Plus-Center-InOut02,Plus-Center-InOut02#00,CtrPlus3[F@2R.E>F@M.2U>U@M.2B],CtrPlus3[F@2R.E>F@M.2U>U@M.2B],CtrPlus3[F@2R.E>F@M.2U>U@M.2B],3,0,8,1,M' U 2R U' M U 2R' U'
rubiks-7,Plus-Center-InOut03,Plus-Center-InOut03#00,CtrPlus3[F@2L.E>F@M.2D>U@M.2F],CtrPlus3[F@2L.E>F@M.2D>U@M.2F],CtrPlus3[F@2L.E>F@M.2D>U@M.2F],3,0,8,1,M' U 2L' U' M U 2L U'
rubiks-7,Plus-Center-Line3Center-AAA,Plus-Center-Line3Center-AAA#00,CtrPlus3[B@M.2U>F@M.2D>U@M.2F],CtrPlus3[B@M.2U>F@M.2D>U@M.2F],CtrPlus3[B@M.2U>F@M.2D>U@M.2F],3,0,9,1,B2 2D2 B M B' 2D2 B M' B
rubiks-7,Plus-Center-Line3Center-AAB,Plus-Center-Line3Center-AAB#00,CtrPlus3[B@2R.E>F@M.2D>U@M.2F],CtrPlus3[B@2R.E>F@M.2D>U@M.2F],CtrPlus3[B@2R.E>F@M.2D>U@M.2F],3,0,8,1,M' U' 2R' U M U' 2R U
rubiks-7,Plus-Center-Line3Center-AAC,Plus-Center-Line3Center-AAC#00,CtrPlus3[B@M.2D>F@M.2D>U@M.2F],CtrPlus3[B@M.2D>F@M.2D>U@M.2F],CtrPlus3[B@M.2D>F@M.2D>U@M.2F],3,0,8,1,2D2 B M B' 2D2 B M' B'
rubiks-7,Plus-Center-Line3Center-ABA,Plus-Center-Line3Center-ABA#00,CtrPlus3[B@M.2U>F@2R.E>U@M.2F],CtrPlus3[B@M.2U>F@2R.E>U@M.2F],CtrPlus3[B@M.2U>F@2R.E>U@M.2F],3,0,8,1,M' F' 2U2 F M F' 2U2 F
rubiks-7,Plus-Center-Line3Center-ABB,Plus-Center-Line3Center-ABB#00,CtrPlus3[B@2R.E>F@2R.E>U@M.2F],CtrPlus3[B@2R.E>F@2R.E>U@M.2F],CtrPlus3[B@2R.E>F@2R.E>U@M.2F],3,0,8,1,2R2 F M F' 2R2 F M' F'
rubiks-7,Plus-Center-Line3Center-ABD,Plus-Center-Line3Center-ABD#00,CtrPlus3[B@2L.E>F@2R.E>U@M.2F],CtrPlus3[B@2L.E>F@2R.E>U@M.2F],CtrPlus3[B@2L.E>F@2R.E>U@M.2F],3,0,8,1,E2 2R U' 2R' E2 2R U 2R'
rubiks-7,Plus-Center-Line3Center-ACA,Plus-Center-Line3Center-ACA#00,CtrPlus3[B@M.2U>F@M.2U>U@M.2F],CtrPlus3[B@M.2U>F@M.2U>U@M.2F],CtrPlus3[B@M.2U>F@M.2U>U@M.2F],3,0,8,1,F M' F' 2U2 F M F' 2U2
rubiks-7,Plus-Center-Line3Center-ACB,Plus-Center-Line3Center-ACB#00,CtrPlus3[B@2R.E>F@M.2U>U@M.2F],CtrPlus3[B@2R.E>F@M.2U>U@M.2F],CtrPlus3[B@2R.E>F@M.2U>U@M.2F],3,0,9,1,F 2R2 F M F' 2R2 F M' F2
rubiks-7,Plus-Center-Line3Center-BAA,Plus-Center-Line3Center-BAA#00,CtrPlus3[B@M.2U>F@M.2D>U@2R.S],CtrPlus3[B@M.2U>F@M.2D>U@2R.S],CtrPlus3[B@M.2U>F@M.2D>U@2R.S],3,0,8,1,M2 F' 2R' F M2 F' 2R F
rubiks-7,Plus-Center-Line3Center-BAB,Plus-Center-Line3Center-BAB#00,CtrPlus3[B@2R.E>F@M.2D>U@2R.S],CtrPlus3[B@2R.E>F@M.2D>U@2R.S],CtrPlus3[B@2R.E>F@M.2D>U@2R.S],3,0,8,1,2R F E2 F' 2R' F E2 F'
rubiks-7,Plus-Center-Line3Center-BAC,Plus-Center-Line3Center-BAC#00,CtrPlus3[B@M.2D>F@M.2D>U@2R.S],CtrPlus3[B@M.2D>F@M.2D>U@2R.S],CtrPlus3[B@M.2D>F@M.2D>U@2R.S],3,0,11,1,S' 2D S U2 S' 2D2 S U2 S' 2D S
rubiks-7,Plus-Center-Line3Center-BBA,Plus-Center-Line3Center-BBA#00,CtrPlus3[B@M.2U>F@2R.E>U@2R.S],CtrPlus3[B@M.2U>F@2R.E>U@2R.S],CtrPlus3[B@M.2U>F@2R.E>U@2R.S],3,0,8,1,2R U M U' 2R' U M' U'
rubiks-7,Plus-Center-Line3Center-BBB,Plus-Center-Line3Center-BBB#00,CtrPlus3[B@2R.E>F@2R.E>U@2R.S],CtrPlus3[B@2R.E>F@2R.E>U@2R.S],CtrPlus3[B@2R.E>F@2R.E>U@2R.S],3,0,13,1,2L E2 2L' U2 2L E2 2L2 E2 2L U2 2L' E2 2L
rubiks-7,Plus-Center-Line3Center-BBC,Plus-Center-Line3Center-BBC#00,CtrPlus3[B@M.2D>F@2R.E>U@2R.S],CtrPlus3[B@M.2D>F@2R.E>U@2R.S],CtrPlus3[B@M.2D>F@2R.E>U@2R.S],3,0,8,1,2R U' M U 2R' U' M' U
rubiks-7,Plus-Center-Line3Center-BBD,Plus-Center-Line3Center-BBD#00,CtrPlus3[B@2L.E>F@2R.E>U@2R.S],CtrPlus3[B@2L.E>F@2R.E>U@2R.S],CtrPlus3[B@2L.E>F@2R.E>U@2R.S],3,0,8,1,2L U2 2L' E2 2L U2 2L' E2
rubiks-7,Plus-Center-Line3Center-BCA,Plus-Center-Line3Center-BCA#00,CtrPlus3[B@M.2U>F@M.2U>U@2R.S],CtrPlus3[B@M.2U>F@M.2U>U@2R.S],CtrPlus3[B@M.2U>F@M.2U>U@2R.S],3,0,11,1,S 2U S' U2 S 2U2 S' U2 S 2U S'
rubiks-7,Plus-Center-Line3Center-BCB,Plus-Center-Line3Center-BCB#00,CtrPlus3[B@2R.E>F@M.2U>U@2R.S],CtrPlus3[B@2R.E>F@M.2U>U@2R.S],CtrPlus3[B@2R.E>F@M.2U>U@2R.S],3,0,8,1,2R F' E2 F 2R' F' E2 F
rubiks-7,Plus-Center-Line3Center-BCC,Plus-Center-Line3Center-BCC#00,CtrPlus3[B@M.2D>F@M.2U>U@2R.S],CtrPlus3[B@M.2D>F@M.2U>U@2R.S],CtrPlus3[B@M.2D>F@M.2U>U@2R.S],3,0,8,1,M2 F 2R' F' M2 F 2R F'
rubiks-7,Plus-Center-Line3Center-BDA,Plus-Center-Line3Center-BDA#00,CtrPlus3[B@M.2U>F@2L.E>U@2R.S],CtrPlus3[B@M.2U>F@2L.E>U@2R.S],CtrPlus3[B@M.2U>F@2L.E>U@2R.S],3,0,9,1,U2 2L' U' M U 2L U' M' U'
rubiks-7,Plus-Center-Line3Center-BDB,Plus-Center-Line3Center-BDB#00,CtrPlus3[B@2R.E>F@2L.E>U@2R.S],CtrPlus3[B@2R.E>F@2L.E>U@2R.S],CtrPlus3[B@2R.E>F@2L.E>U@2R.S],3,0,8,1,E2 2L' U2 2L E2 2L' U2 2L
rubiks-7,Plus-Center-Line3Center-BDC,Plus-Center-Line3Center-BDC#00,CtrPlus3[B@M.2D>F@2L.E>U@2R.S],CtrPlus3[B@M.2D>F@2L.E>U@2R.S],CtrPlus3[B@M.2D>F@2L.E>U@2R.S],3,0,9,1,U2 2L' U M U' 2L U M' U
rubiks-7,Plus-Center-Line3Center-BDD,Plus-Center-Line3Center-BDD#00,CtrPlus3[B@2L.E>F@2L.E>U@2R.S],CtrPlus3[B@2L.E>F@2L.E>U@2R.S],CtrPlus3[B@2L.E>F@2L.E>U@2R.S],3,0,9,1,2L S R2 S' 2L2 S R2 S' 2L
rubiks-7,Plus-Center-Line3Center-CAB,Plus-Center-Line3Center-CAB#00,CtrPlus3[B@2R.E>F@M.2D>U@M.2B],CtrPlus3[B@2R.E>F@M.2D>U@M.2B],CtrPlus3[B@2R.E>F@M.2D>U@M.2B],3,0,9,1,F' 2R2 F' M F 2R2 F' M' F2
rubiks-7,Plus-Center-Line3Center-CAC,Plus-Center-Line3Center-CAC#00,CtrPlus3[B@M.2D>F@M.2D>U@M.2B],CtrPlus3[B@M.2D>F@M.2D>U@M.2B],CtrPlus3[B@M.2D>F@M.2D>U@M.2B],3,0,8,1,F M' F' 2D2 F M F' 2D2
rubiks-7,Plus-Center-Line3Center-CBB,Plus-Center-Line3Center-CBB#00,CtrPlus3[B@2R.E>F@2R.E>U@M.2B],CtrPlus3[B@2R.E>F@2R.E>U@M.2B],CtrPlus3[B@2R.E>F@2R.E>U@M.2B],3,0,8,1,2R2 F' M F 2R2 F' M' F
rubiks-7,Plus-Center-Line3Center-CBC,Plus-Center-Line3Center-CBC#00,CtrPlus3[B@M.2D>F@2R.E>U@M.2B],CtrPlus3[B@M.2D>F@2R.E>U@M.2B],CtrPlus3[B@M.2D>F@2R.E>U@M.2B],3,0,8,1,M' F 2D2 F' M F 2D2 F'
rubiks-7,Plus-Center-Line3Center-CBD,Plus-Center-Line3Center-CBD#00,CtrPlus3[B@2L.E>F@2R.E>U@M.2B],CtrPlus3[B@2L.E>F@2R.E>U@M.2B],CtrPlus3[B@2L.E>F@2R.E>U@M.2B],3,0,8,1,E2 2R U 2R' E2 2R U' 2R'
rubiks-7,Plus-Center-Line3Center-CCA,Plus-Center-Line3Center-CCA#00,CtrPlus3[B@M.2U>F@M.2U>U@M.2B],CtrPlus3[B@M.2U>F@M.2U>U@M.2B],CtrPlus3[B@M.2U>F@M.2U>U@M.2B],3,0,8,1,2U2 B M B' 2U2 B M' B'
rubiks-7,Plus-Center-Line3Center-CCB,Plus-Center-Line3Center-CCB#00,CtrPlus3[B@2R.E>F@M.2U>U@M.2B],CtrPlus3[B@2R.E>F@M.2U>U@M.2B],CtrPlus3[B@2R.E>F@M.2U>U@M.2B],3,0,8,1,M' U 2R' U' M U 2R U'
rubiks-7,Plus-Center-Line3Center-CCC,Plus-Center-Line3Center-CCC#00,CtrPlus3[B@M.2D>F@M.2U>U@M.2B],CtrPlus3[B@M.2D>F@M.2U>U@M.2B],CtrPlus3[B@M.2D>F@M.2U>U@M.2B],3,0,9,1,B2 2U2 B M B' 2U2 B M' B
rubiks-7,Plus-Center-Middle-Diagonal,Plus-Center-Middle-Diagonal#00,CtrPlus3[F@2L.E>U@2L.S>U@2R.S]~v01,CtrPlus3[F@2L.E>U@2L.S>U@2R.S]~v01,CtrPlus3[F@2L.E>U@2L.S>U@2R.S],3,0,8,2,U2 2R E2 2R' U2 2R E2 2R'
rubiks-7,Plus-Center-Middle-Diagonal01,Plus-Center-Middle-Diagonal01#00,CtrPlus3[B@2L.E>D@2L.S>D@2R.S],CtrPlus3[B@2L.E>D@2L.S>D@2R.S],CtrPlus3[B@2L.E>D@2L.S>D@2R.S],3,0,8,1,D2 2R E2 2R' D2 2R E2 2R'
rubiks-7,Plus-Center-Middle-Diagonal02,Plus-Center-Middle-Diagonal02#00,CtrPlus3[F@2L.E>U@2R.S>F@2R.E],CtrPlus3[F@2L.E>U@2R.S>F@2R.E],CtrPlus3[F@2L.E>U@2R.S>F@2R.E],3,0,8,1,2R' E' L2 E 2R E' L2 E
rubiks-7,Plus-Center-Middle-Diagonal03,Plus-Center-Middle-Diagonal03#00,CtrPlus3[F@2L.E>U@2L.S>U@2R.S]~v02,CtrPlus3[F@2L.E>U@2L.S>U@2R.S]~v02,CtrPlus3[F@2L.E>U@2L.S>U@2R.S],3,0,8,2,2L' S' L2 S 2L S' L2 S
rubiks-7,Plus-Center-Middle-Inside,Plus-Center-Middle-Inside#00,CtrPlus3[F@M.2U>U@2R.S>U@2L.S],CtrPlus3[F@M.2U>U@2R.S>U@2L.S],CtrPlus3[F@M.2U>U@2R.S>U@2L.S],3,0,8,1,S' 2U S U2 S' 2U' S U2
rubiks-7,Plus-Center-Middle-Inside01,Plus-Center-Middle-Inside01#00,CtrPlus3[F@M.2U>U@2L.S>U@2R.S],CtrPlus3[F@M.2U>U@2L.S>U@2R.S],CtrPlus3[F@M.2U>U@2L.S>U@2R.S],3,0,8,1,U2 S' 2U S U2 S' 2U' S
rubiks-7,Plus-Center-Middle-Inside02,Plus-Center-Middle-Inside02#00,CtrPlus3[F@2L.E>U@M.2B>U@M.2F],CtrPlus3[F@2L.E>U@M.2B>U@M.2F],CtrPlus3[F@2L.E>U@M.2B>U@M.2F],3,0,8,1,U2 2F E 2F' U2 2F E' 2F'
rubiks-7,Plus-Center-Middle-Inside03,Plus-Center-Middle-Inside03#00,CtrPlus3[F@2L.E>F@M.2U>U@2L.S],CtrPlus3[F@2L.E>F@M.2U>U@2L.S],CtrPlus3[F@2L.E>F@M.2U>U@2L.S],3,0,8,1,U M' U' 2L' U M U' 2L
rubiks-7,Plus-Center-Middle-Inside04,Plus-Center-Middle-Inside04#00,CtrPlus3[F@M.2U>U@M.2B>U@2L.S],CtrPlus3[F@M.2U>U@M.2B>U@2L.S],CtrPlus3[F@M.2U>U@M.2B>U@2L.S],3,0,8,1,F' 2L F M F' 2L' F M'
rubiks-7,Plus-Center-Middle-Outside,Plus-Center-Middle-Outside#00,CtrPlus3[B@M.2U>D@2R.S>D@2L.S],CtrPlus3[B@M.2U>D@2R.S>D@2L.S],CtrPlus3[B@M.2U>D@2R.S>D@2L.S],3,0,8,1,S' 2U S D2 S' 2U' S D2
rubiks-7,Plus-Center-Middle-Outside01,Plus-Center-Middle-Outside01#00,CtrPlus3[B@M.2U>D@2L.S>D@2R.S],CtrPlus3[B@M.2U>D@2L.S>D@2R.S],CtrPlus3[B@M.2U>D@2L.S>D@2R.S],3,0,8,1,D2 S' 2U S D2 S' 2U' S
rubiks-7,Plus-Center-Middle-Outside02,Plus-Center-Middle-Outside02#00,CtrPlus3[B@2L.E>D@M.2B>D@M.2F],CtrPlus3[B@2L.E>D@M.2B>D@M.2F],CtrPlus3[B@2L.E>D@M.2B>D@M.2F],3,0,8,1,D2 2F E 2F' D2 2F E' 2F'
rubiks-7,Plus-Center-Middle-Outside03,Plus-Center-Middle-Outside03#00,CtrPlus3[F@2R.E>F@M.2D>U@2R.S],CtrPlus3[F@2R.E>F@M.2D>U@2R.S],CtrPlus3[F@2R.E>F@M.2D>U@2R.S],3,0,8,1,U M' U' 2R U M U' 2R'
rubiks-7,Plus-Center-Middle-Outside04,Plus-Center-Middle-Outside04#00,CtrPlus3[F@M.2D>U@M.2F>U@2R.S],CtrPlus3[F@M.2D>U@M.2F>U@2R.S],CtrPlus3[F@M.2D>U@M.2F>U@2R.S],3,0,8,1,F' 2R' F M F' 2R F M'
rubiks-7,Plus-Center-Middle-Vertical,Plus-Center-Middle-Vertical#00,CtrPlus3[F@2L.E>U@2R.S>U@2L.S]~v01,CtrPlus3[F@2L.E>U@2R.S>U@2L.S]~v01,CtrPlus3[F@2L.E>U@2R.S>U@2L.S],3,0,8,2,2R E2 2R' U2 2R E2 2R' U2
rubiks-7,Plus-Center-Middle-Vertical01,Plus-Center-Middle-Vertical01#00,CtrPlus3[B@2L.E>D@2R.S>D@2L.S],CtrPlus3[B@2L.E>D@2R.S>D@2L.S],CtrPlus3[B@2L.E>D@2R.S>D@2L.S],3,0,8,1,2R E2 2R' D2 2R E2 2R' D2
rubiks-7,Plus-Center-Middle-Vertical02,Plus-Center-Middle-Vertical02#00,CtrPlus3[F@2R.E>U@2R.S>F@M.2D],CtrPlus3[F@2R.E>U@2R.S>F@M.2D],CtrPlus3[F@2R.E>U@2R.S>F@M.2D],3,0,8,1,2R U M' U' 2R' U M U'
rubiks-7,Plus-Center-Middle-Vertical03,Plus-Center-Middle-Vertical03#00,CtrPlus3[F@2L.E>U@2L.S>F@M.2U],CtrPlus3[F@2L.E>U@2L.S>F@M.2U],CtrPlus3[F@2L.E>U@2L.S>F@M.2U],3,0,8,1,2L' U M' U' 2L U M U'
rubiks-7,Plus-Center-Middle-Vertical04,Plus-Center-Middle-Vertical04#00,CtrPlus3[F@2L.E>F@2R.E>U@2R.S],CtrPlus3[F@2L.E>F@2R.E>U@2R.S],CtrPlus3[F@2L.E>F@2R.E>U@2R.S],3,0,8,1,E' L2 E 2R' E' L2 E 2R
rubiks-7,Plus-Center-Middle-Vertical05,Plus-Center-Middle-Vertical05#00,CtrPlus3[F@2L.E>U@2R.S>U@2L.S]~v02,CtrPlus3[F@2L.E>U@2R.S>U@2L.S]~v02,CtrPlus3[F@2L.E>U@2R.S>U@2L.S],3,0,8,2,S' L2 S 2L' S' L2 S 2L
rubiks-7,Plus-Center-Opp2X,Plus-Center-Opp2X#00,CtrPlus3[D@2R.S>U@2L.S>U@M.2B],CtrPlus3[D@2R.S>U@2L.S>U@M.2B],CtrPlus3[D@2R.S>U@2L.S>U@M.2B],3,0,8,1,U 2R2 U' S2 U 2R2 U' S2
rubiks-7,Plus-Center-Opp2X01,Plus-Center-Opp2X01#00,CtrPlus3[D@2R.S>U@M.2B>D@M.2F],CtrPlus3[D@2R.S>U@M.2B>D@M.2F],CtrPlus3[D@2R.S>U@M.2B>D@M.2F],3,0,8,1,U 2R2 U' M2 U 2R2 U' M2
rubiks-7,Plus-Center-Opp2X02,Plus-Center-Opp2X02#00,CtrPlus4s[D@2L.S<>D@M.2F;D@2R.S<>U@M.2B],CtrPlus4s[D@2L.S<>D@M.2F;D@2R.S<>U@M.2B],CtrPlus4s[D@2L.S<>D@M.2F;D@2R.S<>U@M.2B],4,0,8,1,2F2 D M2 2F2 M2 2F2 D' 2F2
rubiks-7,Plus-Center-Opp2Y,Plus-Center-Opp2Y#00,CtrPlus3[D@2R.S>U@M.2B>U@2R.S],CtrPlus3[D@2R.S>U@M.2B>U@2R.S],CtrPlus3[D@2R.S>U@M.2B>U@2R.S],3,0,8,1,2R2 U' S2 U 2R2 U' S2 U
rubiks-7,Plus-Center-Opp2Y01,Plus-Center-Opp2Y01#00,CtrPlus3[D@2R.S>U@2R.S>D@M.2F],CtrPlus3[D@2R.S>U@2R.S>D@M.2F],CtrPlus3[D@2R.S>U@2R.S>D@M.2F],3,0,8,1,2R2 U' M2 U 2R2 U' M2 U
rubiks-7,Plus-Center-Opp2Z,Plus-Center-Opp2Z#00,CtrPlus3[D@M.2F>U@2R.S>U@M.2B],CtrPlus3[D@M.2F>U@2R.S>U@M.2B],CtrPlus3[D@M.2F>U@2R.S>U@M.2B],3,0,8,1,M2 U 2F2 U' M2 U 2F2 U'
rubiks-7,Plus-Center-Opp2Z01,Plus-Center-Opp2Z01#00,CtrPlus3[D@2R.S>D@M.2F>U@M.2B],CtrPlus3[D@2R.S>D@M.2F>U@M.2B],CtrPlus3[D@2R.S>D@M.2F>U@M.2B],3,0,8,1,M2 U 2R2 U' M2 U 2R2 U'
rubiks-7,Plus-Center-OutOut,Plus-Center-OutOut#00,CtrPlus3[B@M.2D>U@M.2B>U@M.2F],CtrPlus3[B@M.2D>U@M.2B>U@M.2F],CtrPlus3[B@M.2D>U@M.2B>U@M.2F],3,0,10,1,2D' M' 2D M U2 M' 2D' M 2D U2
rubiks-7,Plus-Center-TA,Plus-Center-TA#00,CtrPlus4s[D@2L.S<>U@2L.S;D@M.2B<>U@M.2B],CtrPlus4s[D@2L.S<>U@2L.S;D@M.2B<>U@M.2B],CtrPlus4s[D@2L.S<>U@2L.S;D@M.2B<>U@M.2B],4,0,8,1,M 2U2 M' 2U S 2U2 S' 2U'
rubiks-7,Plus-Center-TB,Plus-Center-TB#00,CtrPlus4s[D@2L.S<>U@2L.S;D@M.2B<>U@M.2F],CtrPlus4s[D@2L.S<>U@2L.S;D@M.2B<>U@M.2F],CtrPlus4s[D@2L.S<>U@2L.S;D@M.2B<>U@M.2F],4,0,10,1,2L2 U' S2 M2 U 2L2 U' M2 S2 U
rubiks-7,Plus-Center-TC,Plus-Center-TC#00,CtrPlus4s[D@2L.S<>U@M.2F;D@M.2B<>U@2R.S],CtrPlus4s[D@2L.S<>U@M.2F;D@M.2B<>U@2R.S],CtrPlus4s[D@2L.S<>U@M.2F;D@M.2B<>U@2R.S],4,0,10,1,S2 M2 D 2F2 D' S2 M2 D 2F2 D'
rubiks-7,Plus-Center-U,Plus-Center-U#00,CtrPlus4s[B@2R.E<>F@2R.E;D@2L.S<>U@2L.S],CtrPlus4s[B@2R.E<>F@2R.E;D@2L.S<>U@2L.S],CtrPlus4s[B@2R.E<>F@2R.E;D@2L.S<>U@2L.S],4,0,5,1,2R S2 2R2 S2 2R
rubiks-7,Plus-Center-V,Plus-Center-V#00,CtrPlus4s[D@M.2B<>U@M.2B;L@S.2U<>R@S.2U],CtrPlus4s[D@M.2B<>U@M.2B;L@S.2U<>R@S.2U],CtrPlus4s[D@M.2B<>U@M.2B;L@S.2U<>R@S.2U],4,0,7,1,E' 2B' E 2B2 E' 2B' E
rubiks-7,Plus-Center-WA,Plus-Center-WA#00,CtrPlus8s~v02,CtrPlus8s~v02,CtrPlus8s,8,0,9,3,2L2 E2 2L' U 2R' E2 2R U' 2L'
rubiks-7,Plus-Center-WB,Plus-Center-WB#00,CtrPlus8s~v03,CtrPlus8s~v03,CtrPlus8s,8,0,9,3,2R2 E2 2R U 2L E2 2L' U' 2R
rubiks-7,Plus-Center-XA,Plus-Center-XA#00,CtrPlus4s[D@2L.S<>U@2L.S;D@2R.S<>U@2R.S],CtrPlus4s[D@2L.S<>U@2L.S;D@2R.S<>U@2R.S],CtrPlus4s[D@2L.S<>U@2L.S;D@2R.S<>U@2R.S],4,0,4,1,S2 2R2 S2 2R2
rubiks-7,Plus-Center-XB,Plus-Center-XB#00,CtrPlus4s[D@2L.S<>U@M.2F;D@2R.S<>U@M.2B],CtrPlus4s[D@2L.S<>U@M.2F;D@2R.S<>U@M.2B],CtrPlus4s[D@2L.S<>U@M.2F;D@2R.S<>U@M.2B],4,0,6,1,U S2 2R2 S2 2R2 U'
rubiks-7,Plus-Center-Y,Plus-Center-Y#00,CtrPlus4s[B@2R.E<>F@2R.E;L@S.2D<>R@S.2D],CtrPlus4s[B@2R.E<>F@2R.E;L@S.2D<>R@S.2D],CtrPlus4s[B@2R.E<>F@2R.E;L@S.2D<>R@S.2D],4,0,4,1,E 2R2 E' 2R2
rubiks-7,Plus-Center-Z,Plus-Center-Z#00,CtrPlus4s[B@2L.E<>F@2L.E;D@M.2B<>U@M.2B],CtrPlus4s[B@2L.E<>F@2L.E;D@M.2B<>U@M.2B],CtrPlus4s[B@2L.E<>F@2L.E;D@M.2B<>U@M.2B],4,0,5,1,2B E' 2B2 E 2B
rubiks-7,SideCommutator00,SideCommutator00#00,CtrObl6p[3x2]+CtrPlus3+CtrX5+W2-5~v01,CtrObl6p[3x2]+CtrPlus3+CtrX5+W2-5~v01,CtrObl6p[3x2]+CtrPlus3+CtrX5+W2-5,19,2,4,8,F 2U F' 2U'
rubiks-7,SideCommutator01,SideCommutator01#00,CtrObl6p[3x2]+CtrPlus3+CtrX5+W2-5~v02,CtrObl6p[3x2]+CtrPlus3+CtrX5+W2-5~v02,CtrObl6p[3x2]+CtrPlus3+CtrX5+W2-5,19,2,4,8,F 2U' F' 2U
rubiks-7,SideCommutator02,SideCommutator02#00,CtrObl6p[3x2]+CtrPlus3+CtrX5+W2-5~v03,CtrObl6p[3x2]+CtrPlus3+CtrX5+W2-5~v03,CtrObl6p[3x2]+CtrPlus3+CtrX5+W2-5,19,2,4,8,2U F' 2U' F
rubiks-7,SideCommutator03,SideCommutator03#00,CtrObl6p[3x2]+CtrPlus3+CtrX5+W2-5~v04,CtrObl6p[3x2]+CtrPlus3+CtrX5+W2-5~v04,CtrObl6p[3x2]+CtrPlus3+CtrX5+W2-5,19,2,4,8,2U' F' 2U F
rubiks-7,SideCommutator04,SideCommutator04#00,CtrObl6p[3x2]+CtrPlus3+CtrX5+W2-5~v05,CtrObl6p[3x2]+CtrPlus3+CtrX5+W2-5~v05,CtrObl6p[3x2]+CtrPlus3+CtrX5+W2-5,19,2,5,8,F2 2U F' 2U' F'
rubiks-7,SideCommutator05,SideCommutator05#00,CtrObl6p[3x2]+CtrPlus3+CtrX5+W2-5~v06,CtrObl6p[3x2]+CtrPlus3+CtrX5+W2-5~v06,CtrObl6p[3x2]+CtrPlus3+CtrX5+W2-5,19,4,5,8,F2 2U' F' 2U F'
rubiks-7,SideCommutator06,SideCommutator06#00,CtrObl6p[3x2]+CtrPlus3+CtrX5+W2-5~v07,CtrObl6p[3x2]+CtrPlus3+CtrX5+W2-5~v07,CtrObl6p[3x2]+CtrPlus3+CtrX5+W2-5,19,2,5,8,F' 2U F' 2U' F2
rubiks-7,SideCommutator07,SideCommutator07#00,CtrObl6p[3x2]+CtrPlus3+CtrX5+W2-5~v08,CtrObl6p[3x2]+CtrPlus3+CtrX5+W2-5~v08,CtrObl6p[3x2]+CtrPlus3+CtrX5+W2-5,19,4,5,8,F' 2U' F' 2U F2
rubiks-7,SideCommutator08,SideCommutator08#00,CtrObl6p[3x2]+CtrPlus3+CtrX6p[3x2]+W2-5~v01,CtrObl6p[3x2]+CtrPlus3+CtrX6p[3x2]+W2-5~v01,CtrObl6p[3x2]+CtrPlus3+CtrX6p[3x2]+W2-5,20,2,4,8,F2 2U F2 2U'
rubiks-7,SideCommutator09,SideCommutator09#00,CtrObl6p[3x2]+CtrPlus3+CtrX6p[3x2]+W2-5~v02,CtrObl6p[3x2]+CtrPlus3+CtrX6p[3x2]+W2-5~v02,CtrObl6p[3x2]+CtrPlus3+CtrX6p[3x2]+W2-5,20,2,4,8,F2 2U' F2 2U
rubiks-7,SideCommutator10,SideCommutator10#00,CtrObl6p[3x2]+CtrPlus3+CtrX6p[3x2]+W2-5~v03,CtrObl6p[3x2]+CtrPlus3+CtrX6p[3x2]+W2-5~v03,CtrObl6p[3x2]+CtrPlus3+CtrX6p[3x2]+W2-5,20,2,4,8,2U F2 2U' F2
rubiks-7,SideCommutator11,SideCommutator11#00,CtrObl6p[3x2]+CtrPlus3+CtrX6p[3x2]+W2-5~v04,CtrObl6p[3x2]+CtrPlus3+CtrX6p[3x2]+W2-5~v04,CtrObl6p[3x2]+CtrPlus3+CtrX6p[3x2]+W2-5,20,2,4,8,2U' F2 2U F2
rubiks-7,SideCommutator12,SideCommutator12#00,CtrObl6p[3x2]+CtrPlus3+CtrX6p[3x2]+W2-5~v05,CtrObl6p[3x2]+CtrPlus3+CtrX6p[3x2]+W2-5~v05,CtrObl6p[3x2]+CtrPlus3+CtrX6p[3x2]+W2-5,20,2,5,8,F 2U F2 2U' F
rubiks-7,SideCommutator13,SideCommutator13#00,CtrObl6p[3x2]+CtrPlus3+CtrX6p[3x2]+W2-5~v06,CtrObl6p[3x2]+CtrPlus3+CtrX6p[3x2]+W2-5~v06,CtrObl6p[3x2]+CtrPlus3+CtrX6p[3x2]+W2-5,20,4,5,8,F 2U' F2 2U F
rubiks-7,SideCommutator14,SideCommutator14#00,CtrObl6p[3x2]+CtrPlus3+CtrX6p[3x2]+W2-5~v07,CtrObl6p[3x2]+CtrPlus3+CtrX6p[3x2]+W2-5~v07,CtrObl6p[3x2]+CtrPlus3+CtrX6p[3x2]+W2-5,20,2,5,8,F' 2U F2 2U' F'
rubiks-7,SideCommutator15,SideCommutator15#00,CtrObl6p[3x2]+CtrPlus3+CtrX6p[3x2]+W2-5~v08,CtrObl6p[3x2]+CtrPlus3+CtrX6p[3x2]+W2-5~v08,CtrObl6p[3x2]+CtrPlus3+CtrX6p[3x2]+W2-5,20,4,5,8,F' 2U' F2 2U F'
rubiks-7,SideCommutator16,SideCommutator16#00,CtrObl6p[3x2]+CtrPlus3+CtrX5+W2-6p[3x2]~v01,CtrObl6p[3x2]+CtrPlus3+CtrX5+W2-6p[3x2]~v01,CtrObl6p[3x2]+CtrPlus3+CtrX5+W2-6p[3x2],20,2,4,4,F 2U2 F' 2U2
rubiks-7,SideCommutator17,SideCommutator17#00,CtrObl6p[3x2]+CtrPlus3+CtrX5+W2-6p[3x2]~v02,CtrObl6p[3x2]+CtrPlus3+CtrX5+W2-6p[3x2]~v02,CtrObl6p[3x2]+CtrPlus3+CtrX5+W2-6p[3x2],20,2,4,4,2U2 F' 2U2 F
rubiks-7,SideCommutator18,SideCommutator18#00,CtrObl6p[3x2]+CtrPlus3+CtrX5+W2-6p[3x2]~v03,CtrObl6p[3x2]+CtrPlus3+CtrX5+W2-6p[3x2]~v03,CtrObl6p[3x2]+CtrPlus3+CtrX5+W2-6p[3x2],20,4,5,4,F2 2U2 F' 2U2 F'
rubiks-7,SideCommutator19,SideCommutator19#00,CtrObl6p[3x2]+CtrPlus3+CtrX5+W2-6p[3x2]~v04,CtrObl6p[3x2]+CtrPlus3+CtrX5+W2-6p[3x2]~v04,CtrObl6p[3x2]+CtrPlus3+CtrX5+W2-6p[3x2],20,4,5,4,F' 2U2 F' 2U2 F2
rubiks-7,SideCommutator20,SideCommutator20#00,CtrObl6p[3x2]+CtrPlus3+CtrX6p[3x2]+W2-6p[3x2]~v01,CtrObl6p[3x2]+CtrPlus3+CtrX6p[3x2]+W2-6p[3x2]~v01,CtrObl6p[3x2]+CtrPlus3+CtrX6p[3x2]+W2-6p[3x2],21,4,4,3,F2 2U2 F2 2U2
rubiks-7,SideCommutator21,SideCommutator21#00,CtrObl6p[3x2]+CtrPlus3+CtrX6p[3x2]+W2-6p[3x2]~v02,CtrObl6p[3x2]+CtrPlus3+CtrX6p[3x2]+W2-6p[3x2]~v02,CtrObl6p[3x2]+CtrPlus3+CtrX6p[3x2]+W2-6p[3x2],21,4,4,3,2U2 F2 2U2 F2
rubiks-7,SideCommutator22,SideCommutator22#00,CtrObl6p[3x2]+CtrPlus3+CtrX6p[3x2]+W2-6p[3x2]~v03,CtrObl6p[3x2]+CtrPlus3+CtrX6p[3x2]+W2-6p[3x2]~v03,CtrObl6p[3x2]+CtrPlus3+CtrX6p[3x2]+W2-6p[3x2],21,2,5,3,F 2U2 F2 2U2 F
rubiks-7,SideIIA,SideIIA#00,W2-4[DB@R>UB@R>UF@R>DF@R],W2-4[DB@R>UB@R>UF@R>DF@R],W2-4[DB@R>UB@R>UF@R>DF@R],14,4,11,1,U2 2R U2 2R U2 2R U2 2R U2 2R U2
rubiks-7,SideIIB,SideIIB#00,W2-4[DB@R>UF@R>UB@R>DF@R],W2-4[DB@R>UF@R>UB@R>DF@R],W2-4[DB@R>UF@R>UB@R>DF@R],14,2,17,1,B2 2L B2 2L' D2 B2 2R' B2 D2 2R' D2 2R' D2 2R' D2 2R' D2
rubiks-7,SideIIC,SideIIC#00,W2-4s[DB@R<>UF@R;DF@R<>UB@R],W2-4s[DB@R<>UF@R;DF@R<>UB@R],W2-4s[DB@R<>UF@R;DF@R<>UB@R],4,0,10,1,2R' B2 U2 D2 F2 2L' F2 D2 U2 B2
rubiks-7,SideIID,SideIID#00,W2-4s[DB@R<>UB@R;DF@R<>UF@R],W2-4s[DB@R<>UB@R;DF@R<>UF@R],W2-4s[DB@R<>UB@R;DF@R<>UF@R],4,4,18,1,B' 2D' B' D2 B 2D B' D2 B2 D 2B' D F2 D' 2B D F2 D2
rubiks-7,SideJJA,SideJJA#00,W2-4[DB@R>DF@L>UF@L>UB@L],W2-4[DB@R>DF@L>UF@L>UB@L],W2-4[DB@R>DF@L>UF@L>UB@L],14,2,15,1,2R2 U2 2L U2 2L' B2 2R B2 U2 2R2 D2 2R' U2 2R D2
rubiks-7,SideJJB,SideJJB#00,W2-4[DB@R>DF@L>UB@L>UF@L],W2-4[DB@R>DF@L>UB@L>UF@L],W2-4[DB@R>DF@L>UB@L>UF@L],14,2,12,1,2R' U2 D2 2R' U2 2R D2 2R2 U2 2R' U2 2R'
rubiks-7,SideJJC,SideJJC#00,W2-4[DB@R>UF@L>UB@L>DF@L],W2-4[DB@R>UF@L>UB@L>DF@L],W2-4[DB@R>UF@L>UB@L>DF@L],14,2,12,1,2R U2 2R U2 2R2 D2 2R' U2 2R D2 U2 2R
rubiks-7,SideJJD,SideJJD#00,W2-4s[DB@R<>UF@L;DF@L<>UB@L],W2-4s[DB@R<>UF@L;DF@L<>UB@L],W2-4s[DB@R<>UF@L;DF@L<>UB@L],4,2,13,1,2L D2 2L D2 2L B2 2R2 U2 2R U2 2R B2 2L
rubiks-7,SideJJE,SideJJE#00,W2-4s[DB@R<>UB@L;DF@L<>UF@L],W2-4s[DB@R<>UB@L;DF@L<>UF@L],W2-4s[DB@R<>UB@L;DF@L<>UF@L],4,2,17,1,2L2 B2 2R' B2 2L 2R2 B2 2L' B2 2L B2 2R2 B2 U2 2L U2 2R
rubiks-7,SideKKA,SideKKA#00,W2-4[DB@R>UF@L>UB@L>DF@R],W2-4[DB@R>UF@L>UB@L>DF@R],W2-4[DB@R>UF@L>UB@L>DF@R],14,4,9,1,2R U2 2R U2 2R U2 2R U2 2R
rubiks-7,SideKKB,SideKKB#00,W2-4[DB@R>DF@R>UF@L>UB@L],W2-4[DB@R>DF@R>UF@L>UB@L],W2-4[DB@R>DF@R>UF@L>UB@L],14,2,12,1,2L' D2 2L' D2 2L B2 2L2 D2 2L' D2 2L' B2
rubiks-7,SideKKC,SideKKC#00,W2-4[DB@R>UB@L>DF@R>UF@L],W2-4[DB@R>UB@L>DF@R>UF@L],W2-4[DB@R>UB@L>DF@R>UF@L],14,2,12,1,2R U2 2R U2 2R2 B2 2R' U2 2R U2 2R B2
rubiks-7,SideKKD,SideKKD#00,W2-4s[DB@R<>UB@L;DF@R<>UF@L],W2-4s[DB@R<>UB@L;DF@R<>UF@L],W2-4s[DB@R<>UB@L;DF@R<>UF@L],4,0,10,1,U2 2R U2 F2 B2 D2 2L D2 B2 F2
rubiks-7,SideKKE,SideKKE#00,W2-4s[DB@R<>UF@L;DF@R<>UB@L],W2-4s[DB@R<>UF@L;DF@R<>UB@L],W2-4s[DB@R<>UF@L;DF@R<>UB@L],4,4,14,1,D' 2F' D B2 D' 2F D U' 2F' U B2 U' 2F U
rubiks-7,SideKKF,SideKKF#00,W2-4s[DB@R<>DF@R;UB@L<>UF@L],W2-4s[DB@R<>DF@R;UB@L<>UF@L],W2-4s[DB@R<>DF@R;UB@L<>UF@L],4,4,16,1,F2 2L' B2 2L F2 2L' B2 2L 2R F2 2R' B2 2R F2 2R' B2
rubiks-7,SideLA,SideLA#00,W2-4[DF@R>UF@R>UB@L>UB@R],W2-4[DF@R>UF@R>UB@L>UB@R],W2-4[DF@R>UF@R>UB@L>UB@R],14,2,14,1,2L U2 2R' F2 2R F2 U2 B2 2R' D2 2R2 D2 2R' B2
rubiks-7,SideLB,SideLB#00,W2-4[DF@R>UB@R>UB@L>UF@R],W2-4[DF@R>UB@R>UB@L>UF@R],W2-4[DF@R>UB@R>UB@L>UF@R],14,2,14,1,B2 2R D2 2R2 D2 2R B2 U2 F2 2R' F2 2R U2 2L'
rubiks-7,SideLC,SideLC#00,W2-4[DF@R>UB@L>UB@R>UF@R],W2-4[DF@R>UB@L>UB@R>UF@R],W2-4[DF@R>UB@L>UB@R>UF@R],14,4,12,1,2L F2 2L F2 2L F2 2L2 B2 2L' F2 2L B2
rubiks-7,SideLD,SideLD#00,W2-4[DF@R>UF@R>UB@R>UB@L],W2-4[DF@R>UF@R>UB@R>UB@L],W2-4[DF@R>UF@R>UB@R>UB@L],14,4,12,1,B2 2L' F2 2L B2 2L2 F2 2L' F2 2L' F2 2L'
rubiks-7,SideLE,SideLE#00,W2-4[DF@R>UB@R>UF@R>UB@L],W2-4[DF@R>UB@R>UF@R>UB@L],W2-4[DF@R>UB@R>UF@R>UB@L],14,2,13,1,2R' B2 U2 2R U2 2R' U2 2R2 2L U2 2L' B2 2R2
rubiks-7,SideLF,SideLF#00,W2-4[DF@R>UB@L>UF@R>UB@R],W2-4[DF@R>UB@L>UF@R>UB@R],W2-4[DF@R>UB@L>UF@R>UB@R],14,2,13,1,2R2 B2 2L U2 2L' 2R2 U2 2R U2 2R' U2 B2 2R
rubiks-7,SideLG,SideLG#00,W2-4s[DF@R<>UB@L;UB@R<>UF@R],W2-4s[DF@R<>UB@L;UB@R<>UF@R],W2-4s[DF@R<>UB@L;UB@R<>UF@R],4,4,14,1,F2 U2 F 2U' F' U2 F 2U2 F U2 F' 2U' F U2
rubiks-7,SideLH,SideLH#00,W2-4s[DF@R<>UB@R;UB@L<>UF@R],W2-4s[DF@R<>UB@R;UB@L<>UF@R],W2-4s[DF@R<>UB@R;UB@L<>UF@R],4,0,12,1,2R2 B2 2R' B2 2R' U2 2L2 F2 2L' F2 2L' U2
rubiks-7,SideLI,SideLI#00,W2-4s[DF@R<>UF@R;UB@L<>UB@R],W2-4s[DF@R<>UF@R;UB@L<>UB@R],W2-4s[DF@R<>UF@R;UB@L<>UB@R],4,4,16,1,2R B2 2L' B2 2L2 F2 2L' U2 2L U2 2L F2 2L2 U2 2R' U2
rubiks-7,SideRA,SideRA#00,W2-4[DB@R>UB@R>DF@L>UB@L],W2-4[DB@R>UB@R>DF@L>UB@L],W2-4[DB@R>UB@R>DF@L>UB@L],14,2,17,1,F2 2L2 F2 2L B2 2L' B2 F2 U2 2L' U2 2R B2 2R' B2 2L2 F2
rubiks-7,SideRB,SideRB#00,W2-4[DB@R>UB@L>DF@L>UB@R],W2-4[DB@R>UB@L>DF@L>UB@R],W2-4[DB@R>UB@L>DF@L>UB@R],14,2,17,1,F2 2L2 B2 2R B2 2R' U2 2L U2 F2 B2 2L B2 2L' F2 2L2 F2
rubiks-7,SideRC,SideRC#00,W2-4[DB@R>UB@R>UB@L>DF@L],W2-4[DB@R>UB@R>UB@L>DF@L],W2-4[DB@R>UB@R>UB@L>DF@L],14,2,13,1,2L B2 2L B2 D2 2L 2R D2 2R' D2 2L' D2 2L'
rubiks-7,SideRD,SideRD#00,W2-4[DB@R>DF@L>UB@L>UB@R],W2-4[DB@R>DF@L>UB@L>UB@R],W2-4[DB@R>DF@L>UB@L>UB@R],14,2,13,1,2L D2 2L D2 2R D2 2R' 2L' D2 B2 2L' B2 2L'
rubiks-7,SideRE,SideRE#00,W2-4[DF@L>UB@R>UB@L>UF@R],W2-4[DF@L>UB@R>UB@L>UF@R],W2-4[DF@L>UB@R>UB@L>UF@R],14,2,12,1,2L2 U2 2L' U2 2L' 2R' D2 B2 2R B2 D2 2R
rubiks-7,SideRF,SideRF#00,W2-4[DF@L>UF@R>UB@L>UB@R],W2-4[DF@L>UF@R>UB@L>UB@R],W2-4[DF@L>UF@R>UB@L>UB@R],14,2,12,1,2R' D2 B2 2R' B2 D2 2R 2L U2 2L U2 2L2
rubiks-7,SideRG,SideRG#00,W2-4s[DB@R<>DF@L;UB@L<>UB@R],W2-4s[DB@R<>DF@L;UB@L<>UB@R],W2-4s[DB@R<>DF@L;UB@L<>UB@R],4,2,16,1,2L2 D2 2L B2 2L' B2 2L' D2 2L2 B2 2R B2 2R' U2 2L U2
rubiks-7,SideRH,SideRH#00,W2-4s[DB@R<>UB@L;DF@L<>UB@R],W2-4s[DB@R<>UB@L;DF@L<>UB@R],W2-4s[DB@R<>UB@L;DF@L<>UB@R],4,2,16,1,2R' B2 2R2 F2 2R' D2 2R D2 2R F2 2R2 D2 2L' D2 2L B2
rubiks-7,SideRI,SideRI#00,W2-4s[DF@L<>UB@L;UB@R<>UF@R],W2-4s[DF@L<>UB@L;UB@R<>UF@R],W2-4s[DF@L<>UB@L;UB@R<>UF@R],4,2,16,1,2L' U2 2L U2 2L F2 2L2 U2 2R' U2 2R B2 2L' B2 2L2 F2
rubiks-7,SideSA,SideSA#00,W2-4[DF@R>UB@L>UF@R>UF@L],W2-4[DF@R>UB@L>UF@R>UF@L],W2-4[DF@R>UB@L>UF@R>UF@L],14,2,16,1,U2 2L U2 2R' F2 2R F2 U2 B2 2R' D2 2R2 D2 2R' B2 U2
rubiks-7,SideSB,SideSB#00,W2-4[DF@R>UF@R>UF@L>UB@L],W2-4[DF@R>UF@R>UF@L>UB@L],W2-4[DF@R>UF@R>UF@L>UB@L],14,4,14,1,U2 2L F2 2L F2 2L F2 2L2 B2 2L' F2 2L B2 U2
rubiks-7,SideSC,SideSC#00,W2-4[DF@R>UF@L>UB@L>UF@R],W2-4[DF@R>UF@L>UB@L>UF@R],W2-4[DF@R>UF@L>UB@L>UF@R],14,2,13,1,2R' U2 2R' U2 2R' F2 D2 B2 2L B2 D2 F2 2R'
rubiks-7,SideSD,SideSD#00,W2-4[DF@R>UF@R>UB@L>UF@L],W2-4[DF@R>UF@R>UB@L>UF@L],W2-4[DF@R>UF@R>UB@L>UF@L],14,2,13,1,2R F2 D2 B2 2L' B2 D2 F2 2R U2 2R U2 2R
rubiks-7,SideSE,SideSE#00,W2-4s[DF@R<>UF@R;UB@L<>UF@L],W2-4s[DF@R<>UF@R;UB@L<>UF@L],W2-4s[DF@R<>UF@R;UB@L<>UF@L],4,4,16,1,F' 2U F U2 F' 2U' F U2 F2 U' 2F U F2 U' 2F' U
rubiks-7,SideSF,SideSF#00,W2-4s[DF@R<>UF@L;UB@L<>UF@R],W2-4s[DF@R<>UF@L;UB@L<>UF@R],W2-4s[DF@R<>UF@L;UB@L<>UF@R],4,0,12,1,2L F2 2L F2 2L2 U2 2R B2 2R B2 2R2 U2
rubiks-7,SideSG,SideSG#00,W2-4s[DF@R<>UB@L;UF@L<>UF@R],W2-4s[DF@R<>UB@L;UF@L<>UF@R],W2-4s[DF@R<>UB@L;UF@L<>UF@R],4,4,16,1,2L F2 2R2 U2 2R' F2 2R' F2 2R U2 2R2 D2 2R D2 2L' F2
rubiks-7,SideSSA,SideSSA#00,W2-4[DB@L>UB@R>UF@L>DF@R],W2-4[DB@L>UB@R>UF@L>DF@R],W2-4[DB@L>UB@R>UF@L>DF@R],14,0,13,1,2R U2 2R2 B2 2R' B2 2R2 F2 D2 2L D2 F2 U2
rubiks-7,SideSSB,SideSSB#00,W2-4[DB@L>DF@R>UB@R>UF@L],W2-4[DB@L>DF@R>UB@R>UF@L],W2-4[DB@L>DF@R>UB@R>UF@L],14,0,15,1,F2 2R F2 2L D2 2L' D2 2R' F2 2L F2 2L' U2 2R U2
rubiks-7,SideSSC,SideSSC#00,W2-4s[DB@L<>UF@L;DF@R<>UB@R],W2-4s[DB@L<>UF@L;DF@R<>UB@R],W2-4s[DB@L<>UF@L;DF@R<>UB@R],24,0,11,1,F2 2L2 F2 U2 F2 2L 2R' F2 2R 2L U2
rubiks-7,SideSSD,SideSSD#00,W2-4s[DB@L<>UB@R;DF@R<>UF@L],W2-4s[DB@L<>UB@R;DF@R<>UF@L],W2-4s[DB@L<>UB@R;DF@R<>UF@L],24,0,12,1,2R2 U2 B2 2R 2L' B2 2R' 2L B2 2R2 B2 U2
rubiks-7,SideTA,SideTA#00,W2-4[DB@R>UB@R>UF@R>UB@L],W2-4[DB@R>UB@R>UF@R>UB@L],W2-4[DB@R>UB@R>UF@R>UB@L],14,2,15,1,2L2 F2 2L B2 2L' B2 F2 U2 2L' U2 2R B2 2R' B2 2L2
rubiks-7,SideTB,SideTB#00,W2-4[DB@R>UB@R>UB@L>UF@R],W2-4[DB@R>UB@R>UB@L>UF@R],W2-4[DB@R>UB@R>UB@L>UF@R],14,2,13,1,2R2 D2 2R' B2 2R2 B2 D2 B2 2R B2 D2 2R D2
rubiks-7,SideTC,SideTC#00,W2-4[DB@R>UF@R>UB@L>UB@R],W2-4[DB@R>UF@R>UB@L>UB@R],W2-4[DB@R>UF@R>UB@L>UB@R],14,2,13,1,D2 2R' D2 B2 2R' B2 D2 B2 2R2 B2 2R D2 2R2
rubiks-7,SideTD,SideTD#00,W2-4s[DB@R<>UF@R;UB@L<>UB@R],W2-4s[DB@R<>UF@R;UB@L<>UB@R],W2-4s[DB@R<>UF@R;UB@L<>UB@R],4,2,13,1,2R B2 2R' B2 2R' U2 2L2 F2 2L' F2 2L' U2 2R
rubiks-7,SideTE,SideTE#00,W2-4s[DB@R<>UB@L;UB@R<>UF@R],W2-4s[DB@R<>UB@L;UB@R<>UF@R],W2-4s[DB@R<>UB@L;UB@R<>UF@R],24,2,13,1,2R2 D2 2L D2 2L' F2 2L2 F2 2L D2 2L' D2 2R2
rubiks-7,Super-3Checker,Super-3Checker#00,EAll12[3x4],EAll12[3x4],EAll12[3x4],156,8,16,1,F B2 R' D2 B R U D' R L' D' F' R2 D F2 B'
rubiks-7,Super-6Checker,Super-6Checker#00,EAll12[6x2],EAll12[6x2],EAll12[6x2],108,8,22,1,F B2 R' D2 B R U D' R L' D' F' R2 D F2 B' L2 R2 U2 D2 F2 B2
rubiks-7,Super-Cage,Super-Cage#00,C8[2x4]+EAll8[2x2],C8[2x4]+EAll8[2x2],C8[2x4]+EAll8[2x2],112,10,17,1,L U F2 R L' U2 B' U D B2 L F B' R' L F' R
rubiks-7,Super-CrossA,Super-CrossA#00,C8p[4x2],C8p[4x2],C8p[4x2],56,0,12,1,R2 L2 U' R2 L2 U2 B2 F2 D B2 F2 U2
rubiks-7,Super-CrossB,Super-CrossB#00,C8s~v01,C8s~v01,C8s,56,0,10,2,L2 U2 D2 F2 U2 D2 L2 R2 B2 R2
rubiks-7,Super-CrossC,Super-CrossC#00,C8[3x2]~v01,C8[3x2]~v01,C8[3x2],152,8,18,2,R' F2 B2 R D F2 B2 D' U' F2 B2 D B2 F2 R B2 F2 L'
rubiks-7,Super-CrossD,Super-CrossD#00,C8s~v02,C8s~v02,C8s,56,0,11,2,U R2 U2 D2 B2 F2 L2 B2 F2 U D2
rubiks-7,Super-Crossa,Super-Crossa#00,C8[4x2],C8[4x2],C8[4x2],56,8,28,1,R2 L2 U' R2 L2 U2 B2 F2 D B2 F2 U2 U2 B2 D L2 F' B' R2 D F2 D2 B R2 U' D' L2 B
rubiks-7,Super-Crossb,Super-Crossb#00,C8[2x4]~v01,C8[2x4]~v01,C8[2x4],104,8,26,2,L2 U2 D2 F2 U2 D2 L2 R2 B2 R2 U2 B2 D L2 F' B' R2 D F2 D2 B R2 U' D' L2 B
rubiks-7,Super-Crossc,Super-Crossc#00,C8[3x2]~v02,C8[3x2]~v02,C8[3x2],104,8,34,2,R' F2 B2 R D F2 B2 D' U' F2 B2 D B2 F2 R B2 F2 L' U2 B2 D L2 F' B' R2 D F2 D2 B R2 U' D' L2 B
rubiks-7,Super-Crossd,Super-Crossd#00,C8[2x4]~v02,C8[2x4]~v02,C8[2x4],152,8,27,2,U R2 U2 D2 B2 F2 L2 B2 F2 U D2 U2 B2 D L2 F' B' R2 D F2 D2 B R2 U' D' L2 B
rubiks-7,Super-CubeInCube,Super-CubeInCube#00,C6[DFR>FLU>RUB;DLF>BUL>RBD]+EAll6[BR>DF>LU;DR>LF>BU],C6[DFR>FLU>RUB;DLF>BUL>RBD]+EAll6[BR>DF>LU;DR>LF>BU],C6[DFR>FLU>RUB;DLF>BUL>RBD]+EAll6[BR>DF>LU;DR>LF>BU],60,10,15,1,F L F U' R U F2 L2 U' L' B D' B' L2 U
rubiks-7,Super-Stripe,Super-Stripe#00,C8s+EAll4s[BR<>RF;FL<>LB],C8s+EAll4s[BR<>RF;FL<>LB],C8s+EAll4s[BR<>RF;FL<>LB],60,0,17,1,F U F R L2 B D' R D2 L D' B R2 L F U F
rubiks-7,SuperDiag,SuperDiag#00,EAll12s,EAll12s,EAll12s,156,0,6,1,U2 D2 F2 B2 R2 L2
rubiks-7,SuperDiagFlip,SuperDiagFlip#00,EAll12[2x6][XY>YX],EAll12[2x6][XY>YX],EAll12[2x6][XY>YX],84,12,22,1,U R2 F B R B2 R U2 L B2 R U' D' R2 F L' R U2 D2 B2 D2 B2
rubiks-7,SuperFlip,SuperFlip#00,EAll12[XY>YX],EAll12[XY>YX],EAll12[XY>YX],108,12,20,1,U R2 F B R B2 R U2 L B2 R U' D' R2 F R' L B2 U2 F2
rubiks-7,SuperParitySwap-JC00,SuperParitySwap-JC00#00,C2[DRB>LUF]+ME2s[FL<>UL],C2[DRB>LUF]+ME2s[FL<>UL],C2[DRB>LUF]+ME2s[FL<>UL],68,2,20,1,D2 F2 R 2F2 3F2 R2 U2 2F2 3F2 U2 R2 2F2 3F2 F R' F D2 B' L B
rubiks-7,SuperParitySwap-JC01,SuperParitySwap-JC01#00,C2[DRB>LUF]+ME2[RF>RU],C2[DRB>LUF]+ME2[RF>RU],C2[DRB>LUF]+ME2[RF>RU],68,4,31,1,z' F B' y U' D' F2 R 2F2 3F2 R2 U2 2F2 3F2 U2 R2 2F2 3F2 F R' F D2 B' L B D' U y' B F' z
rubiks-7,SuperParitySwap-JD00,SuperParitySwap-JD00#00,C2s[DRB<>UFL]+ME2[UF>LU],C2s[DRB<>UFL]+ME2[UF>LU],C2s[DRB<>UFL]+ME2[UF>LU],68,2,23,1,R2 F R 2F2 3F2 R2 U2 2F2 3F2 U2 R2 2F2 3F2 F R' F D2 B' L B D2 F R2
rubiks-7,SuperParitySwap-JD01,SuperParitySwap-JD01#00,C2s[DRB<>UFL]+ME2[DF>LD],C2s[DRB<>UFL]+ME2[DF>LD],C2s[DRB<>UFL]+ME2[DF>LD],68,2,33,1,z F' B x L R F R 2F2 3F2 R2 U2 2F2 3F2 U2 R2 2F2 3F2 F R' F D2 B' L B D2 F R' L' x' B' F z'
rubiks-7,SuperParitySwap-JE00,SuperParitySwap-JE00#00,C2[DLF>RUB]+ME2s[FL<>UR],C2[DLF>RUB]+ME2s[FL<>UR],C2[DLF>RUB]+ME2s[FL<>UR],68,2,22,1,U2 F2 R 2F2 3F2 R2 U2 2F2 3F2 U2 R2 2F2 3F2 F R' F D2 B' L B D2 U2
rubiks-7,SuperParitySwap-JE01,SuperParitySwap-JE01#00,C2[DLF>RUB]+ME2[RF>LU],C2[DLF>RUB]+ME2[RF>LU],C2[DLF>RUB]+ME2[RF>LU],68,4,34,1,z F' B y U' D U2 F2 R 2F2 3F2 R2 U2 2F2 3F2 U2 R2 2F2 3F2 F R' F D2 B' L B D2 U2 D' U y' B' F z'
rubiks-7,SuperParitySwap-JF00,SuperParitySwap-JF00#00,C2s[DBL<>URF]+ME2[DL>FU],C2s[DBL<>URF]+ME2[DL>FU],C2s[DBL<>URF]+ME2[DL>FU],68,2,23,1,L2 F R 2F2 3F2 R2 U2 2F2 3F2 U2 R2 2F2 3F2 F R' F D2 B' L B D2 F L2
rubiks-7,SuperParitySwap-JF01,SuperParitySwap-JF01#00,C2s[DBL<>URF]+ME2[DF>LU],C2s[DBL<>URF]+ME2[DF>LU],C2s[DBL<>URF]+ME2[DF>LU],68,2,35,1,z' F B' x L R' L2 F R 2F2 3F2 R2 U2 2F2 3F2 U2 R2 2F2 3F2 F R' F D2 B' L B D2 F L2 R L' x' B F' z
rubiks-7,SuperRotate-A,SuperRotate-A#00,C8[3x2]+EAll12[3x4],C8[3x2]+EAll12[3x4],C8[3x2]+EAll12[3x4],164,16,8,1,L' R U D' F' B L' R
rubiks-7,SuperRotate-B,SuperRotate-B#00,C8s+EAll12[2x6],C8s+EAll12[2x6],C8s+EAll12[2x6],164,4,8,1,L' R U2 D2 L' R F2 B2
rubiks-7,SuperTwist,SuperTwist#00,C8~v01,C8~v01,C8,104,8,16,2,U2 B2 D L2 F' B' R2 D F2 D2 B R2 U' D' L2 B
rubiks-7,SuperTwist2,SuperTwist2#00,C8~v02,C8~v02,C8,8,8,44,2,D' L D R2 D' L' D R2 U2 B' D B U2 B' D' B R' U R D2 R' U' R D2 L2 F' R F L2 F' R' F R B2 R' D F2 D' R B2 R' D F2 D'
rubiks-7,W2-2s[DF@L<>UB@L]~v01,W2-2s[DF@L<>UB@L]~v01#00,W2-2s[DF@L<>UB@L]~v01,W2-2s[DF@L<>UB@L]~v01,W2-2s[DF@L<>UB@L],12,0,15,18,2L B2 2R2 U2 2R U2 2R' 2L' B2 D2 2R' D2 B2 2R2 B2
rubiks-7,W2-2s[DF@L<>UB@L]~v02,W2-2s[DF@L<>UB@L]~v02#00,W2-2s[DF@L<>UB@L]~v02,W2-2s[DF@L<>UB@L]~v02,W2-2s[DF@L<>UB@L],12,0,15,18,2R D2 2L2 F2 2L F2 2L 2R D2 B2 2R B2 D2 2R2 D2
rubiks-7,W2-2s[DF@L<>UB@L]~v03,W2-2s[DF@L<>UB@L]~v03#00,W2-2s[DF@L<>UB@L]~v03,W2-2s[DF@L<>UB@L]~v03,W2-2s[DF@L<>UB@L],12,0,15,18,2L F2 2L' 2R' F2 2R F2 2R2 F2 U2 2R' U2 F2 2R2 F2
rubiks-7,W2-2s[DF@L<>UB@L]~v04,W2-2s[DF@L<>UB@L]~v04#00,W2-2s[DF@L<>UB@L]~v04,W2-2s[DF@L<>UB@L]~v04,W2-2s[DF@L<>UB@L],12,0,15,18,2R' F2 2R 2L F2 2L' F2 2R2 F2 U2 2R' U2 F2 2R2 F2
rubiks-7,W2-2s[DF@L<>UB@L]~v05,W2-2s[DF@L<>UB@L]~v05#00,W2-2s[DF@L<>UB@L]~v05,W2-2s[DF@L<>UB@L]~v05,W2-2s[DF@L<>UB@L],12,0,15,18,2L F2 2L' 2R' F2 2R U2 2R2 U2 F2 2R F2 U2 2R2 U2
rubiks-7,W2-2s[DF@L<>UB@L]~v06,W2-2s[DF@L<>UB@L]~v06#00,W2-2s[DF@L<>UB@L]~v06,W2-2s[DF@L<>UB@L]~v06,W2-2s[DF@L<>UB@L],12,0,15,18,2R' F2 2R 2L F2 2L' U2 2R2 U2 F2 2R F2 U2 2R2 U2
rubiks-7,W2-2s[DF@L<>UB@L]~v07,W2-2s[DF@L<>UB@L]~v07#00,W2-2s[DF@L<>UB@L]~v07,W2-2s[DF@L<>UB@L]~v07,W2-2s[DF@L<>UB@L],12,0,15,18,2L B2 2L' 2R' B2 2R B2 2L2 B2 D2 2L' D2 B2 2L2 B2
rubiks-7,W2-2s[DF@L<>UB@L]~v08,W2-2s[DF@L<>UB@L]~v08#00,W2-2s[DF@L<>UB@L]~v08,W2-2s[DF@L<>UB@L]~v08,W2-2s[DF@L<>UB@L],12,0,15,18,2R' B2 2R 2L B2 2L' B2 2L2 B2 D2 2L' D2 B2 2L2 B2
rubiks-7,W2-2s[DF@L<>UB@L]~v09,W2-2s[DF@L<>UB@L]~v09#00,W2-2s[DF@L<>UB@L]~v09,W2-2s[DF@L<>UB@L]~v09,W2-2s[DF@L<>UB@L],12,0,15,18,2L B2 2L' 2R' B2 2R D2 2L2 D2 B2 2L B2 D2 2L2 D2
rubiks-7,W2-2s[DF@L<>UB@L]~v10,W2-2s[DF@L<>UB@L]~v10#00,W2-2s[DF@L<>UB@L]~v10,W2-2s[DF@L<>UB@L]~v10,W2-2s[DF@L<>UB@L],12,0,15,18,2R' B2 2R 2L B2 2L' D2 2L2 D2 B2 2L B2 D2 2L2 D2
rubiks-7,W2-2s[DF@L<>UB@L]~v11,W2-2s[DF@L<>UB@L]~v11#00,W2-2s[DF@L<>UB@L]~v11,W2-2s[DF@L<>UB@L]~v11,W2-2s[DF@L<>UB@L],12,0,15,18,2L' U2 2L 2R U2 2R' F2 2L2 B2 D2 2R' D2 B2 2L2 F2
rubiks-7,W2-2s[DF@L<>UB@L]~v12,W2-2s[DF@L<>UB@L]~v12#00,W2-2s[DF@L<>UB@L]~v12,W2-2s[DF@L<>UB@L]~v12,W2-2s[DF@L<>UB@L],12,0,15,18,2R U2 2R' 2L' U2 2L F2 2L2 B2 D2 2R' D2 B2 2L2 F2
rubiks-7,W2-2s[DF@L<>UB@L]~v13,W2-2s[DF@L<>UB@L]~v13#00,W2-2s[DF@L<>UB@L]~v13,W2-2s[DF@L<>UB@L]~v13,W2-2s[DF@L<>UB@L],12,0,15,18,2L F2 2L' 2R' F2 2R F2 2L2 B2 D2 2R' D2 B2 2L2 F2
rubiks-7,W2-2s[DF@L<>UB@L]~v14,W2-2s[DF@L<>UB@L]~v14#00,W2-2s[DF@L<>UB@L]~v14,W2-2s[DF@L<>UB@L]~v14,W2-2s[DF@L<>UB@L],12,0,15,18,2R' F2 2R 2L F2 2L' F2 2L2 B2 D2 2R' D2 B2 2L2 F2
rubiks-7,W2-2s[DF@L<>UB@L]~v15,W2-2s[DF@L<>UB@L]~v15#00,W2-2s[DF@L<>UB@L]~v15,W2-2s[DF@L<>UB@L]~v15,W2-2s[DF@L<>UB@L],12,0,15,18,2L' U2 2L 2R U2 2R' F2 2R2 B2 D2 2L' D2 B2 2R2 F2
rubiks-7,W2-2s[DF@L<>UB@L]~v16,W2-2s[DF@L<>UB@L]~v16#00,W2-2s[DF@L<>UB@L]~v16,W2-2s[DF@L<>UB@L]~v16,W2-2s[DF@L<>UB@L],12,0,15,18,2R U2 2R' 2L' U2 2L F2 2R2 B2 D2 2L' D2 B2 2R2 F2
rubiks-7,W2-2s[DF@L<>UB@L]~v17,W2-2s[DF@L<>UB@L]~v17#00,W2-2s[DF@L<>UB@L]~v17,W2-2s[DF@L<>UB@L]~v17,W2-2s[DF@L<>UB@L],12,0,15,18,2L F2 2L' 2R' F2 2R F2 2R2 B2 D2 2L' D2 B2 2R2 F2
rubiks-7,W2-2s[DF@L<>UB@L]~v18,W2-2s[DF@L<>UB@L]~v18#00,W2-2s[DF@L<>UB@L]~v18,W2-2s[DF@L<>UB@L]~v18,W2-2s[DF@L<>UB@L],12,0,15,18,2R' F2 2R 2L F2 2L' F2 2R2 B2 D2 2L' D2 B2 2R2 F2
rubiks-7,W2-2s[DF@L<>UB@R]~v01,W2-2s[DF@L<>UB@R]~v01#00,W2-2s[DF@L<>UB@R]~v01,W2-2s[DF@L<>UB@R]~v01,W2-2s[DF@L<>UB@R],12,2,15,2,2L2 D2 B2 2L' B2 2R D2 2R' D2 2L2 B2 2L B2 2L' D2
rubiks-7,W2-2s[DF@L<>UB@R]~v02,W2-2s[DF@L<>UB@R]~v02#00,W2-2s[DF@L<>UB@R]~v02,W2-2s[DF@L<>UB@R]~v02,W2-2s[DF@L<>UB@R],12,2,16,2,2R2 B2 D2 2R' D2 2R2 2L' F2 2L' F2 2L2 D2 2R D2 2R' B2
rubiks-7,W2-2s[FL@D<>UB@L],W2-2s[FL@D<>UB@L]#00,W2-2s[FL@D<>UB@L],W2-2s[FL@D<>UB@L],W2-2s[FL@D<>UB@L],12,0,19,1,2D2 F' 2L F R2 F' 2L' F' 2D F2 2D2 R2 2D' F2 2D2 F2 R2 2D' R2
rubiks-7,W2-2s[FL@D<>UB@R],W2-2s[FL@D<>UB@R]#00,W2-2s[FL@D<>UB@R],W2-2s[FL@D<>UB@R],W2-2s[FL@D<>UB@R],12,2,19,1,2D2 F 2R2 F' R2 F 2R2 F 2D F2 2D2 R2 2D' F2 2D2 F2 R2 2D' R2
rubiks-7,W2-2s[FL@U<>UB@L],W2-2s[FL@U<>UB@L]#00,W2-2s[FL@U<>UB@L],W2-2s[FL@U<>UB@L],W2-2s[FL@U<>UB@L],12,2,19,1,2U2 F 2L2 F' R2 F 2L2 F 2U' F2 2U2 R2 2U F2 2U2 F2 R2 2U R2
rubiks-7,W2-2s[FL@U<>UB@R],W2-2s[FL@U<>UB@R]#00,W2-2s[FL@U<>UB@R],W2-2s[FL@U<>UB@R],W2-2s[FL@U<>UB@R],12,0,19,1,2U2 F' 2R' F R2 F' 2R F' 2U' F2 2U2 R2 2U F2 2U2 F2 R2 2U R2
rubiks-7,W2-2s[RF@D<>UF@L],W2-2s[RF@D<>UF@L]#00,W2-2s[RF@D<>UF@L],W2-2s[RF@D<>UF@L],W2-2s[RF@D<>UF@L],12,2,19,1,2U2 B 2L' B' R2 B 2L B 2U' B2 2U2 R2 2D' F2 2U2 F2 R2 2D R2
rubiks-7,W2-2s[RF@D<>UF@R],W2-2s[RF@D<>UF@R]#00,W2-2s[RF@D<>UF@R],W2-2s[RF@D<>UF@R],W2-2s[RF@D<>UF@R],12,0,19,1,2U2 B' 2R2 B R2 B' 2R2 B' 2U' B2 2U2 R2 2D' F2 2U2 F2 R2 2D R2
rubiks-7,W2-2s[RF@U<>UF@L],W2-2s[RF@U<>UF@L]#00,W2-2s[RF@U<>UF@L],W2-2s[RF@U<>UF@L],W2-2s[RF@U<>UF@L],12,0,19,1,2D2 B' 2L2 B R2 B' 2L2 B' 2D B2 2D2 R2 2U F2 2D2 F2 R2 2U' R2
rubiks-7,W2-2s[RF@U<>UF@R],W2-2s[RF@U<>UF@R]#00,W2-2s[RF@U<>UF@R],W2-2s[RF@U<>UF@R],W2-2s[RF@U<>UF@R],12,2,19,1,2D2 B 2R B' R2 B 2R' B 2D B2 2D2 R2 2U F2 2D2 F2 R2 2U' R2
rubiks-7,W2-2s[UB@L<>UF@L]~v01,W2-2s[UB@L<>UF@L]~v01#00,W2-2s[UB@L<>UF@L]~v01,W2-2s[UB@L<>UF@L]~v01,W2-2s[UB@L<>UF@L],12,2,12,4,2R2 U2 2L' U2 2L F2 2R' F2 U2 2R' U2 2R'
rubiks-7,W2-2s[UB@L<>UF@L]~v02,W2-2s[UB@L<>UF@L]~v02#00,W2-2s[UB@L<>UF@L]~v02,W2-2s[UB@L<>UF@L]~v02,W2-2s[UB@L<>UF@L],12,2,12,4,2R2 U2 2R B2 2L' D2 2R D2 B2 2L U2 2R
rubiks-7,W2-2s[UB@L<>UF@L]~v03,W2-2s[UB@L<>UF@L]~v03#00,W2-2s[UB@L<>UF@L]~v03,W2-2s[UB@L<>UF@L]~v03,W2-2s[UB@L<>UF@L],12,2,12,4,2L2 D2 2L D2 2R' D2 2R D2 B2 2R B2 2L
rubiks-7,W2-2s[UB@L<>UF@L]~v04,W2-2s[UB@L<>UF@L]~v04#00,W2-2s[UB@L<>UF@L]~v04,W2-2s[UB@L<>UF@L]~v04,W2-2s[UB@L<>UF@L],12,2,12,4,2L2 D2 2R F2 2R' F2 2L D2 B2 2R B2 2L
rubiks-7,W2-2s[UB@L<>UF@R]~v01,W2-2s[UB@L<>UF@R]~v01#00,W2-2s[UB@L<>UF@R]~v01,W2-2s[UB@L<>UF@R]~v01,W2-2s[UB@L<>UF@R],12,0,14,25,2R2 F2 U2 2R U2 2R2 F2 2R U2 2R2 U2 F2 2R F2
rubiks-7,W2-2s[UB@L<>UF@R]~v02,W2-2s[UB@L<>UF@R]~v02#00,W2-2s[UB@L<>UF@R]~v02,W2-2s[UB@L<>UF@R]~v02,W2-2s[UB@L<>UF@R],12,0,14,25,2L2 F2 U2 2L U2 2L2 F2 2L' U2 2L2 U2 F2 2L' F2
rubiks-7,W2-2s[UB@L<>UF@R]~v03,W2-2s[UB@L<>UF@R]~v03#00,W2-2s[UB@L<>UF@R]~v03,W2-2s[UB@L<>UF@R]~v03,W2-2s[UB@L<>UF@R],12,0,14,25,2L2 F2 D2 2L D2 2L2 F2 2R U2 2L2 U2 F2 2R' F2
rubiks-7,W2-2s[UB@L<>UF@R]~v04,W2-2s[UB@L<>UF@R]~v04#00,W2-2s[UB@L<>UF@R]~v04,W2-2s[UB@L<>UF@R]~v04,W2-2s[UB@L<>UF@R],12,0,14,25,2R2 F2 U2 2L' U2 2L2 F2 2L' U2 2R2 U2 F2 2R F2
rubiks-7,W2-2s[UB@L<>UF@R]~v05,W2-2s[UB@L<>UF@R]~v05#00,W2-2s[UB@L<>UF@R]~v05,W2-2s[UB@L<>UF@R]~v05,W2-2s[UB@L<>UF@R],12,0,14,25,2R2 B2 D2 2L' D2 2L2 B2 2R' U2 2R2 U2 B2 2L' B2
rubiks-7,W2-2s[UB@L<>UF@R]~v06,W2-2s[UB@L<>UF@R]~v06#00,W2-2s[UB@L<>UF@R]~v06,W2-2s[UB@L<>UF@R]~v06,W2-2s[UB@L<>UF@R],32,0,14,25,2L2 B2 D2 2R' D2 2R2 B2 2L U2 2L2 U2 B2 2R B2
rubiks-7,W2-2s[UB@L<>UF@R]~v07,W2-2s[UB@L<>UF@R]~v07#00,W2-2s[UB@L<>UF@R]~v07,W2-2s[UB@L<>UF@R]~v07,W2-2s[UB@L<>UF@R],32,0,15,25,2R2 F2 U2 2R' U2 2R2 F2 2L' 2R2 U2 2L2 U2 B2 2R B2
rubiks-7,W2-2s[UB@L<>UF@R]~v08,W2-2s[UB@L<>UF@R]~v08#00,W2-2s[UB@L<>UF@R]~v08,W2-2s[UB@L<>UF@R]~v08,W2-2s[UB@L<>UF@R],32,0,15,25,2L2 B2 D2 2R2 2L' D2 2L2 B2 2R' U2 2L2 U2 B2 2R B2
rubiks-7,W2-2s[UB@L<>UF@R]~v09,W2-2s[UB@L<>UF@R]~v09#00,W2-2s[UB@L<>UF@R]~v09,W2-2s[UB@L<>UF@R]~v09,W2-2s[UB@L<>UF@R],12,0,15,25,2L2 F2 U2 2L2 2R U2 2R2 F2 2R U2 2L2 U2 F2 2L' F2
rubiks-7,W2-2s[UB@L<>UF@R]~v10,W2-2s[UB@L<>UF@R]~v10#00,W2-2s[UB@L<>UF@R]~v10,W2-2s[UB@L<>UF@R]~v10,W2-2s[UB@L<>UF@R],12,0,15,25,2R2 F2 U2 2R U2 F2 2R2 F2 2R' F2 2R 2L F2 2L' F2
rubiks-7,W2-2s[UB@L<>UF@R]~v11,W2-2s[UB@L<>UF@R]~v11#00,W2-2s[UB@L<>UF@R]~v11,W2-2s[UB@L<>UF@R]~v11,W2-2s[UB@L<>UF@R],12,0,15,25,2R2 F2 U2 2R U2 F2 2R2 F2 2L F2 2L' 2R' F2 2R F2
rubiks-7,W2-2s[UB@L<>UF@R]~v12,W2-2s[UB@L<>UF@R]~v12#00,W2-2s[UB@L<>UF@R]~v12,W2-2s[UB@L<>UF@R]~v12,W2-2s[UB@L<>UF@R],12,0,15,25,2R2 B2 U2 2R U2 B2 2R2 B2 2L U2 2L' 2R' U2 2R B2
rubiks-7,W2-2s[UB@L<>UF@R]~v13,W2-2s[UB@L<>UF@R]~v13#00,W2-2s[UB@L<>UF@R]~v13,W2-2s[UB@L<>UF@R]~v13,W2-2s[UB@L<>UF@R],12,0,15,25,2R2 B2 U2 2R U2 B2 2R2 B2 2R' U2 2R 2L U2 2L' B2
rubiks-7,W2-2s[UB@L<>UF@R]~v14,W2-2s[UB@L<>UF@R]~v14#00,W2-2s[UB@L<>UF@R]~v14,W2-2s[UB@L<>UF@R]~v14,W2-2s[UB@L<>UF@R],12,0,15,25,2L2 F2 U2 2L U2 F2 2L2 F2 2R' F2 2R 2L F2 2L' F2
rubiks-7,W2-2s[UB@L<>UF@R]~v15,W2-2s[UB@L<>UF@R]~v15#00,W2-2s[UB@L<>UF@R]~v15,W2-2s[UB@L<>UF@R]~v15,W2-2s[UB@L<>UF@R],12,0,15,25,2L2 F2 U2 2L U2 F2 2L2 F2 2L F2 2L' 2R' F2 2R F2
rubiks-7,W2-2s[UB@L<>UF@R]~v16,W2-2s[UB@L<>UF@R]~v16#00,W2-2s[UB@L<>UF@R]~v16,W2-2s[UB@L<>UF@R]~v16,W2-2s[UB@L<>UF@R],12,0,15,25,2L2 B2 U2 2L U2 B2 2L2 B2 2L U2 2L' 2R' U2 2R B2
rubiks-7,W2-2s[UB@L<>UF@R]~v17,W2-2s[UB@L<>UF@R]~v17#00,W2-2s[UB@L<>UF@R]~v17,W2-2s[UB@L<>UF@R]~v17,W2-2s[UB@L<>UF@R],12,0,15,25,2L2 B2 U2 2L U2 B2 2L2 B2 2R' U2 2R 2L U2 2L' B2
rubiks-7,W2-2s[UB@L<>UF@R]~v18,W2-2s[UB@L<>UF@R]~v18#00,W2-2s[UB@L<>UF@R]~v18,W2-2s[UB@L<>UF@R]~v18,W2-2s[UB@L<>UF@R],12,0,15,25,2L2 B2 D2 2R D2 B2 2L2 F2 2R U2 2R' 2L' U2 2L F2
rubiks-7,W2-2s[UB@L<>UF@R]~v19,W2-2s[UB@L<>UF@R]~v19#00,W2-2s[UB@L<>UF@R]~v19,W2-2s[UB@L<>UF@R]~v19,W2-2s[UB@L<>UF@R],12,0,15,25,2L2 B2 D2 2R D2 B2 2L2 F2 2L' U2 2L 2R U2 2R' F2
rubiks-7,W2-2s[UB@L<>UF@R]~v20,W2-2s[UB@L<>UF@R]~v20#00,W2-2s[UB@L<>UF@R]~v20,W2-2s[UB@L<>UF@R]~v20,W2-2s[UB@L<>UF@R],12,0,15,25,2L2 B2 D2 2R D2 B2 2L2 F2 2R' F2 2R 2L F2 2L' F2
rubiks-7,W2-2s[UB@L<>UF@R]~v21,W2-2s[UB@L<>UF@R]~v21#00,W2-2s[UB@L<>UF@R]~v21,W2-2s[UB@L<>UF@R]~v21,W2-2s[UB@L<>UF@R],12,0,15,25,2L2 B2 D2 2R D2 B2 2L2 F2 2L F2 2L' 2R' F2 2R F2
rubiks-7,W2-2s[UB@L<>UF@R]~v22,W2-2s[UB@L<>UF@R]~v22#00,W2-2s[UB@L<>UF@R]~v22,W2-2s[UB@L<>UF@R]~v22,W2-2s[UB@L<>UF@R],12,0,15,25,2R2 B2 D2 2L D2 B2 2R2 F2 2R U2 2R' 2L' U2 2L F2
rubiks-7,W2-2s[UB@L<>UF@R]~v23,W2-2s[UB@L<>UF@R]~v23#00,W2-2s[UB@L<>UF@R]~v23,W2-2s[UB@L<>UF@R]~v23,W2-2s[UB@L<>UF@R],12,0,15,25,2R2 B2 D2 2L D2 B2 2R2 F2 2L' U2 2L 2R U2 2R' F2
rubiks-7,W2-2s[UB@L<>UF@R]~v24,W2-2s[UB@L<>UF@R]~v24#00,W2-2s[UB@L<>UF@R]~v24,W2-2s[UB@L<>UF@R]~v24,W2-2s[UB@L<>UF@R],12,0,15,25,2R2 B2 D2 2L D2 B2 2R2 F2 2R' F2 2R 2L F2 2L' F2
rubiks-7,W2-2s[UB@L<>UF@R]~v25,W2-2s[UB@L<>UF@R]~v25#00,W2-2s[UB@L<>UF@R]~v25,W2-2s[UB@L<>UF@R]~v25,W2-2s[UB@L<>UF@R],12,0,15,25,2R2 B2 D2 2L D2 B2 2R2 F2 2L F2 2L' 2R' F2 2R F2
rubiks-7,W2-2s[UF@L<>UF@R]~v01,W2-2s[UF@L<>UF@R]~v01#00,W2-2s[UF@L<>UF@R]~v01,W2-2s[UF@L<>UF@R]~v01,W2-2s[UF@L<>UF@R],12,2,15,2,2L2 B2 2R' F2 2L F2 U2 2L U2 2L' U2 2R U2 B2 2L2
rubiks-7,W2-2s[UF@L<>UF@R]~v02,W2-2s[UF@L<>UF@R]~v02#00,W2-2s[UF@L<>UF@R]~v02,W2-2s[UF@L<>UF@R]~v02,W2-2s[UF@L<>UF@R],12,2,15,2,2L2 B2 U2 2R' U2 2L U2 2L' U2 F2 2L' F2 2R B2 2L2
rubiks-7,W2-3[BR@D>UB@L>UF@L],W2-3[BR@D>UB@L>UF@L]#00,W2-3[BR@D>UB@L>UF@L],W2-3[BR@D>UB@L>UF@L],W2-3[BR@D>UB@L>UF@L],3,2,9,1,2D2 F' 2D' B 2D F 2D' B' 2D'
rubiks-7,W2-3[BR@D>UF@L>UB@L],W2-3[BR@D>UF@L>UB@L]#00,W2-3[BR@D>UF@L>UB@L],W2-3[BR@D>UF@L>UB@L],W2-3[BR@D>UF@L>UB@L],3,2,9,1,2D B 2D F' 2D' B' 2D F 2D2
rubiks-7,W2-3[BR@U>DB@L>UF@R],W2-3[BR@U>DB@L>UF@R]#00,W2-3[BR@U>DB@L>UF@R],W2-3[BR@U>DB@L>UF@R],W2-3[BR@U>DB@L>UF@R],3,2,9,1,2U2 F' 2U B' 2U' F 2U B 2U
rubiks-7,W2-3[BR@U>UF@R>DB@L],W2-3[BR@U>UF@R>DB@L]#00,W2-3[BR@U>UF@R>DB@L],W2-3[BR@U>UF@R>DB@L],W2-3[BR@U>UF@R>DB@L],3,2,9,1,2U' B' 2U' F' 2U B 2U' F 2U2
rubiks-7,W2-3[DB@L>FL@U>UF@R],W2-3[DB@L>FL@U>UF@R]#00,W2-3[DB@L>FL@U>UF@R],W2-3[DB@L>FL@U>UF@R],W2-3[DB@L>FL@U>UF@R],3,2,8,1,2U B' 2U' F' 2U B 2U' F
rubiks-7,W2-3[DB@L>LB@D>UF@R],W2-3[DB@L>LB@D>UF@R]#00,W2-3[DB@L>LB@D>UF@R],W2-3[DB@L>LB@D>UF@R],W2-3[DB@L>LB@D>UF@R],3,2,9,1,2D' B 2D' F 2D B' 2D' F' 2D2
rubiks-7,W2-3[DB@L>RF@D>UF@R],W2-3[DB@L>RF@D>UF@R]#00,W2-3[DB@L>RF@D>UF@R],W2-3[DB@L>RF@D>UF@R],W2-3[DB@L>RF@D>UF@R],3,2,8,1,2D B 2D' F 2D B' 2D' F'
rubiks-7,W2-3[DB@L>UF@R>FL@U],W2-3[DB@L>UF@R>FL@U]#00,W2-3[DB@L>UF@R>FL@U],W2-3[DB@L>UF@R>FL@U],W2-3[DB@L>UF@R>FL@U],3,2,8,1,F' 2U B' 2U' F 2U B 2U'
rubiks-7,W2-3[DB@L>UF@R>LB@D],W2-3[DB@L>UF@R>LB@D]#00,W2-3[DB@L>UF@R>LB@D],W2-3[DB@L>UF@R>LB@D],W2-3[DB@L>UF@R>LB@D],3,2,9,1,2D2 F 2D B 2D' F' 2D B' 2D
rubiks-7,W2-3[DB@L>UF@R>RF@D],W2-3[DB@L>UF@R>RF@D]#00,W2-3[DB@L>UF@R>RF@D],W2-3[DB@L>UF@R>RF@D],W2-3[DB@L>UF@R>RF@D],3,2,8,1,F 2D B 2D' F' 2D B' 2D'
rubiks-7,W2-3[DB@R>UB@L>UF@L]~v01,W2-3[DB@R>UB@L>UF@L]~v01#00,W2-3[DB@R>UB@L>UF@L]~v01,W2-3[DB@R>UB@L>UF@L]~v01,W2-3[DB@R>UB@L>UF@L],3,2,8,4,B2 U 2B' U' B2 U 2B U'
rubiks-7,W2-3[DB@R>UB@L>UF@L]~v02,W2-3[DB@R>UB@L>UF@L]~v02#00,W2-3[DB@R>UB@L>UF@L]~v02,W2-3[DB@R>UB@L>UF@L]~v02,W2-3[DB@R>UB@L>UF@L],3,2,8,4,B2 U' 2F' U B2 U' 2F U
rubiks-7,W2-3[DB@R>UB@L>UF@L]~v03,W2-3[DB@R>UB@L>UF@L]~v03#00,W2-3[DB@R>UB@L>UF@L]~v03,W2-3[DB@R>UB@L>UF@L]~v03,W2-3[DB@R>UB@L>UF@L],3,2,9,4,B' 2D F' 2D' B2 2D F 2D' B'
rubiks-7,W2-3[DB@R>UB@L>UF@L]~v04,W2-3[DB@R>UB@L>UF@L]~v04#00,W2-3[DB@R>UB@L>UF@L]~v04,W2-3[DB@R>UB@L>UF@L]~v04,W2-3[DB@R>UB@L>UF@L],3,2,9,4,B 2U F 2U' B2 2U F' 2U' B
rubiks-7,W2-3[DB@R>UB@R>UF@R]~v01,W2-3[DB@R>UB@R>UF@R]~v01#00,W2-3[DB@R>UB@R>UF@R]~v01,W2-3[DB@R>UB@R>UF@R]~v01,W2-3[DB@R>UB@R>UF@R],3,2,9,2,U' 2B' U' B2 U 2B U' B2 U2
rubiks-7,W2-3[DB@R>UB@R>UF@R]~v02,W2-3[DB@R>UB@R>UF@R]~v02#00,W2-3[DB@R>UB@R>UF@R]~v02,W2-3[DB@R>UB@R>UF@R]~v02,W2-3[DB@R>UB@R>UF@R],3,2,9,2,U 2F' U B2 U' 2F U B2 U2
rubiks-7,W2-3[DB@R>UF@L>UB@L]~v01,W2-3[DB@R>UF@L>UB@L]~v01#00,W2-3[DB@R>UF@L>UB@L]~v01,W2-3[DB@R>UF@L>UB@L]~v01,W2-3[DB@R>UF@L>UB@L],3,2,8,4,U 2B' U' B2 U 2B U' B2
rubiks-7,W2-3[DB@R>UF@L>UB@L]~v02,W2-3[DB@R>UF@L>UB@L]~v02#00,W2-3[DB@R>UF@L>UB@L]~v02,W2-3[DB@R>UF@L>UB@L]~v02,W2-3[DB@R>UF@L>UB@L],3,2,8,4,U' 2F' U B2 U' 2F U B2
rubiks-7,W2-3[DB@R>UF@L>UB@L]~v03,W2-3[DB@R>UF@L>UB@L]~v03#00,W2-3[DB@R>UF@L>UB@L]~v03,W2-3[DB@R>UF@L>UB@L]~v03,W2-3[DB@R>UF@L>UB@L],3,2,9,4,B 2D F' 2D' B2 2D F 2D' B
rubiks-7,W2-3[DB@R>UF@L>UB@L]~v04,W2-3[DB@R>UF@L>UB@L]~v04#00,W2-3[DB@R>UF@L>UB@L]~v04,W2-3[DB@R>UF@L>UB@L]~v04,W2-3[DB@R>UF@L>UB@L],3,2,9,4,B' 2U F 2U' B2 2U F' 2U' B'
rubiks-7,W2-3[DB@R>UF@R>UB@R]~v01,W2-3[DB@R>UF@R>UB@R]~v01#00,W2-3[DB@R>UF@R>UB@R]~v01,W2-3[DB@R>UF@R>UB@R]~v01,W2-3[DB@R>UF@R>UB@R],3,2,9,2,U2 B2 U 2B' U' B2 U 2B U
rubiks-7,W2-3[DB@R>UF@R>UB@R]~v02,W2-3[DB@R>UF@R>UB@R]~v02#00,W2-3[DB@R>UF@R>UB@R]~v02,W2-3[DB@R>UF@R>UB@R]~v02,W2-3[DB@R>UF@R>UB@R],3,2,9,2,U2 B2 U' 2F' U B2 U' 2F U'
rubiks-7,W2-3[DF@L>FL@D>UB@L]~v01,W2-3[DF@L>FL@D>UB@L]~v01#00,W2-3[DF@L>FL@D>UB@L]~v01,W2-3[DF@L>FL@D>UB@L]~v01,W2-3[DF@L>FL@D>UB@L],3,0,8,3,U' L' U 2L2 U' L U 2L2
rubiks-7,W2-3[DF@L>FL@D>UB@L]~v02,W2-3[DF@L>FL@D>UB@L]~v02#00,W2-3[DF@L>FL@D>UB@L]~v02,W2-3[DF@L>FL@D>UB@L]~v02,W2-3[DF@L>FL@D>UB@L],3,0,8,3,2L2 D' L D 2L2 D' L' D
rubiks-7,W2-3[DF@L>FL@D>UB@L]~v03,W2-3[DF@L>FL@D>UB@L]~v03#00,W2-3[DF@L>FL@D>UB@L]~v03,W2-3[DF@L>FL@D>UB@L]~v03,W2-3[DF@L>FL@D>UB@L],3,0,9,3,B 2D' B D2 B' 2D B D2 B2
rubiks-7,W2-3[DF@L>FL@U>UB@L]~v01,W2-3[DF@L>FL@U>UB@L]~v01#00,W2-3[DF@L>FL@U>UB@L]~v01,W2-3[DF@L>FL@U>UB@L]~v01,W2-3[DF@L>FL@U>UB@L],3,2,8,2,B L2 B' 2L2 B L2 B' 2L2
rubiks-7,W2-3[DF@L>FL@U>UB@L]~v02,W2-3[DF@L>FL@U>UB@L]~v02#00,W2-3[DF@L>FL@U>UB@L]~v02,W2-3[DF@L>FL@U>UB@L]~v02,W2-3[DF@L>FL@U>UB@L],3,2,9,2,B' 2U2 B' D2 B 2U2 B' D2 B2
rubiks-7,W2-3[DF@L>RF@D>UB@L]~v01,W2-3[DF@L>RF@D>UB@L]~v01#00,W2-3[DF@L>RF@D>UB@L]~v01,W2-3[DF@L>RF@D>UB@L]~v01,W2-3[DF@L>RF@D>UB@L],3,0,8,2,B' R2 B 2L2 B' R2 B 2L2
rubiks-7,W2-3[DF@L>RF@D>UB@L]~v02,W2-3[DF@L>RF@D>UB@L]~v02#00,W2-3[DF@L>RF@D>UB@L]~v02,W2-3[DF@L>RF@D>UB@L]~v02,W2-3[DF@L>RF@D>UB@L],3,0,9,2,B 2D2 B D2 B' 2D2 B D2 B2
rubiks-7,W2-3[DF@L>RF@U>UB@L]~v01,W2-3[DF@L>RF@U>UB@L]~v01#00,W2-3[DF@L>RF@U>UB@L]~v01,W2-3[DF@L>RF@U>UB@L]~v01,W2-3[DF@L>RF@U>UB@L],3,2,8,3,U R U' 2L2 U R' U' 2L2
rubiks-7,W2-3[DF@L>RF@U>UB@L]~v02,W2-3[DF@L>RF@U>UB@L]~v02#00,W2-3[DF@L>RF@U>UB@L]~v02,W2-3[DF@L>RF@U>UB@L]~v02,W2-3[DF@L>RF@U>UB@L],3,2,8,3,2L2 D R' D' 2L2 D R D'
rubiks-7,W2-3[DF@L>RF@U>UB@L]~v03,W2-3[DF@L>RF@U>UB@L]~v03#00,W2-3[DF@L>RF@U>UB@L]~v03,W2-3[DF@L>RF@U>UB@L]~v03,W2-3[DF@L>RF@U>UB@L],3,2,9,3,B' 2U' B' D2 B 2U B' D2 B2
rubiks-7,W2-3[DF@L>UB@L>FL@D]~v01,W2-3[DF@L>UB@L>FL@D]~v01#00,W2-3[DF@L>UB@L>FL@D]~v01,W2-3[DF@L>UB@L>FL@D]~v01,W2-3[DF@L>UB@L>FL@D],3,0,8,3,2L2 U' L' U 2L2 U' L U
rubiks-7,W2-3[DF@L>UB@L>FL@D]~v02,W2-3[DF@L>UB@L>FL@D]~v02#00,W2-3[DF@L>UB@L>FL@D]~v02,W2-3[DF@L>UB@L>FL@D]~v02,W2-3[DF@L>UB@L>FL@D],3,0,8,3,D' L D 2L2 D' L' D 2L2
rubiks-7,W2-3[DF@L>UB@L>FL@D]~v03,W2-3[DF@L>UB@L>FL@D]~v03#00,W2-3[DF@L>UB@L>FL@D]~v03,W2-3[DF@L>UB@L>FL@D]~v03,W2-3[DF@L>UB@L>FL@D],3,0,9,3,B2 D2 B' 2D' B D2 B' 2D B'
rubiks-7,W2-3[DF@L>UB@L>FL@U]~v01,W2-3[DF@L>UB@L>FL@U]~v01#00,W2-3[DF@L>UB@L>FL@U]~v01,W2-3[DF@L>UB@L>FL@U]~v01,W2-3[DF@L>UB@L>FL@U],3,2,8,2,2L2 B L2 B' 2L2 B L2 B'
rubiks-7,W2-3[DF@L>UB@L>FL@U]~v02,W2-3[DF@L>UB@L>FL@U]~v02#00,W2-3[DF@L>UB@L>FL@U]~v02,W2-3[DF@L>UB@L>FL@U]~v02,W2-3[DF@L>UB@L>FL@U],3,2,9,2,B2 D2 B 2U2 B' D2 B 2U2 B
rubiks-7,W2-3[DF@L>UB@L>RF@D]~v01,W2-3[DF@L>UB@L>RF@D]~v01#00,W2-3[DF@L>UB@L>RF@D]~v01,W2-3[DF@L>UB@L>RF@D]~v01,W2-3[DF@L>UB@L>RF@D],3,0,8,2,2L2 B' R2 B 2L2 B' R2 B
rubiks-7,W2-3[DF@L>UB@L>RF@D]~v02,W2-3[DF@L>UB@L>RF@D]~v02#00,W2-3[DF@L>UB@L>RF@D]~v02,W2-3[DF@L>UB@L>RF@D]~v02,W2-3[DF@L>UB@L>RF@D],3,0,9,2,B2 D2 B' 2D2 B D2 B' 2D2 B'
rubiks-7,W2-3[DF@L>UB@L>RF@U]~v01,W2-3[DF@L>UB@L>RF@U]~v01#00,W2-3[DF@L>UB@L>RF@U]~v01,W2-3[DF@L>UB@L>RF@U]~v01,W2-3[DF@L>UB@L>RF@U],3,2,8,3,2L2 U R U' 2L2 U R' U'
rubiks-7,W2-3[DF@L>UB@L>RF@U]~v02,W2-3[DF@L>UB@L>RF@U]~v02#00,W2-3[DF@L>UB@L>RF@U]~v02,W2-3[DF@L>UB@L>RF@U]~v02,W2-3[DF@L>UB@L>RF@U],3,2,8,3,D R' D' 2L2 D R D' 2L2
rubiks-7,W2-3[DF@L>UB@L>RF@U]~v03,W2-3[DF@L>UB@L>RF@U]~v03#00,W2-3[DF@L>UB@L>RF@U]~v03,W2-3[DF@L>UB@L>RF@U]~v03,W2-3[DF@L>UB@L>RF@U],3,2,9,3,B2 D2 B 2U' B' D2 B 2U B
rubiks-7,W2-3[DL@B>UB@L>UF@L],W2-3[DL@B>UB@L>UF@L]#00,W2-3[DL@B>UB@L>UF@L],W2-3[DL@B>UB@L>UF@L],W2-3[DL@B>UB@L>UF@L],3,2,8,1,2L F' L' F 2L' F' L F
rubiks-7,W2-3[DL@B>UB@L>UF@R]~v01,W2-3[DL@B>UB@L>UF@R]~v01#00,W2-3[DL@B>UB@L>UF@R]~v01,W2-3[DL@B>UB@L>UF@R]~v01,W2-3[DL@B>UB@L>UF@R],3,0,10,2,L U2 F' 2U' F U2 F' 2U F L'
rubiks-7,W2-3[DL@B>UB@L>UF@R]~v02,W2-3[DL@B>UB@L>UF@R]~v02#00,W2-3[DL@B>UB@L>UF@R]~v02,W2-3[DL@B>UB@L>UF@R]~v02,W2-3[DL@B>UB@L>UF@R],3,0,10,2,L' B 2D' B' U2 B 2D B' U2 L
rubiks-7,W2-3[DL@B>UF@L>UB@L],W2-3[DL@B>UF@L>UB@L]#00,W2-3[DL@B>UF@L>UB@L],W2-3[DL@B>UF@L>UB@L],W2-3[DL@B>UF@L>UB@L],3,2,8,1,F' L' F 2L F' L F 2L'
rubiks-7,W2-3[DL@B>UF@R>UB@L]~v01,W2-3[DL@B>UF@R>UB@L]~v01#00,W2-3[DL@B>UF@R>UB@L]~v01,W2-3[DL@B>UF@R>UB@L]~v01,W2-3[DL@B>UF@R>UB@L],3,0,10,2,L' U2 B 2D' B' U2 B 2D B' L
rubiks-7,W2-3[DL@B>UF@R>UB@L]~v02,W2-3[DL@B>UF@R>UB@L]~v02#00,W2-3[DL@B>UF@R>UB@L]~v02,W2-3[DL@B>UF@R>UB@L]~v02,W2-3[DL@B>UF@R>UB@L],3,0,10,2,L F' 2U' F U2 F' 2U F U2 L'
rubiks-7,W2-3[DL@B>UL@F>UR@B]~v01,W2-3[DL@B>UL@F>UR@B]~v01#00,W2-3[DL@B>UL@F>UR@B]~v01,W2-3[DL@B>UL@F>UR@B]~v01,W2-3[DL@B>UL@F>UR@B],23,0,12,2,2B2 R2 2B R2 2F' L2 2B2 L2 U2 2F U2 2B
rubiks-7,W2-3[DL@B>UL@F>UR@B]~v02,W2-3[DL@B>UL@F>UR@B]~v02#00,W2-3[DL@B>UL@F>UR@B]~v02,W2-3[DL@B>UL@F>UR@B]~v02,W2-3[DL@B>UL@F>UR@B],3,0,12,2,2F U2 2F' L2 2F' L2 2F L2 2B L2 2B' U2
rubiks-7,W2-3[DL@F>RF@U>UF@L]~v01,W2-3[DL@F>RF@U>UF@L]~v01#00,W2-3[DL@F>RF@U>UF@L]~v01,W2-3[DL@F>RF@U>UF@L]~v01,W2-3[DL@F>RF@U>UF@L],3,0,8,2,R' 2F' R F R' 2F R F'
rubiks-7,W2-3[DL@F>RF@U>UF@L]~v02,W2-3[DL@F>RF@U>UF@L]~v02#00,W2-3[DL@F>RF@U>UF@L]~v02,W2-3[DL@F>RF@U>UF@L]~v02,W2-3[DL@F>RF@U>UF@L],3,0,8,2,F' U' 2F2 U F U' 2F2 U
rubiks-7,W2-3[DL@F>RF@U>UF@R],W2-3[DL@F>RF@U>UF@R]#00,W2-3[DL@F>RF@U>UF@R],W2-3[DL@F>RF@U>UF@R],W2-3[DL@F>RF@U>UF@R],3,2,10,1,R' 2F' D' F2 D 2F D' F2 D R
rubiks-7,W2-3[DL@F>UB@L>UF@R]~v01,W2-3[DL@F>UB@L>UF@R]~v01#00,W2-3[DL@F>UB@L>UF@R]~v01,W2-3[DL@F>UB@L>UF@R]~v01,W2-3[DL@F>UB@L>UF@R],3,2,10,2,L U2 F 2D2 F' U2 F 2D2 F' L'
rubiks-7,W2-3[DL@F>UB@L>UF@R]~v02,W2-3[DL@F>UB@L>UF@R]~v02#00,W2-3[DL@F>UB@L>UF@R]~v02,W2-3[DL@F>UB@L>UF@R]~v02,W2-3[DL@F>UB@L>UF@R],3,2,10,2,L' B' 2U2 B U2 B' 2U2 B U2 L
rubiks-7,W2-3[DL@F>UF@L>RF@D],W2-3[DL@F>UF@L>RF@D]#00,W2-3[DL@F>UF@L>RF@D],W2-3[DL@F>UF@L>RF@D],W2-3[DL@F>UF@L>RF@D],3,2,9,1,L 2D2 L U L' 2D2 L U' L2
rubiks-7,W2-3[DL@F>UF@L>RF@U]~v01,W2-3[DL@F>UF@L>RF@U]~v01#00,W2-3[DL@F>UF@L>RF@U]~v01,W2-3[DL@F>UF@L>RF@U]~v01,W2-3[DL@F>UF@L>RF@U],3,0,8,2,F R' 2F' R F' R' 2F R
rubiks-7,W2-3[DL@F>UF@L>RF@U]~v02,W2-3[DL@F>UF@L>RF@U]~v02#00,W2-3[DL@F>UF@L>RF@U]~v02,W2-3[DL@F>UF@L>RF@U]~v02,W2-3[DL@F>UF@L>RF@U],3,0,8,2,U' 2F2 U F' U' 2F2 U F
rubiks-7,W2-3[DL@F>UF@R>UB@L]~v01,W2-3[DL@F>UF@R>UB@L]~v01#00,W2-3[DL@F>UF@R>UB@L]~v01,W2-3[DL@F>UF@R>UB@L]~v01,W2-3[DL@F>UF@R>UB@L],3,2,10,2,L' U2 B' 2U2 B U2 B' 2U2 B L
rubiks-7,W2-3[DL@F>UF@R>UB@L]~v02,W2-3[DL@F>UF@R>UB@L]~v02#00,W2-3[DL@F>UF@R>UB@L]~v02,W2-3[DL@F>UF@R>UB@L]~v02,W2-3[DL@F>UF@R>UB@L],3,2,10,2,L F 2D2 F' U2 F 2D2 F' U2 L'
rubiks-7,W2-3[DR@B>FL@D>UB@L],W2-3[DR@B>FL@D>UB@L]#00,W2-3[DR@B>FL@D>UB@L],W2-3[DR@B>FL@D>UB@L],W2-3[DR@B>FL@D>UB@L],3,2,10,1,D 2L' B' L2 B 2L B' L2 B D'
rubiks-7,W2-3[DR@B>FL@D>UF@L]~v01,W2-3[DR@B>FL@D>UF@L]~v01#00,W2-3[DR@B>FL@D>UF@L]~v01,W2-3[DR@B>FL@D>UF@L]~v01,W2-3[DR@B>FL@D>UF@L],3,2,8,2,L 2B' L' F' L 2B L' F
rubiks-7,W2-3[DR@B>FL@D>UF@L]~v02,W2-3[DR@B>FL@D>UF@L]~v02#00,W2-3[DR@B>FL@D>UF@L]~v02,W2-3[DR@B>FL@D>UF@L]~v02,W2-3[DR@B>FL@D>UF@L],3,2,8,2,F U 2B2 U' F' U 2B2 U'
rubiks-7,W2-3[DR@B>FL@D>UF@R],W2-3[DR@B>FL@D>UF@R]#00,W2-3[DR@B>FL@D>UF@R],W2-3[DR@B>FL@D>UF@R],W2-3[DR@B>FL@D>UF@R],3,2,10,1,L 2B' D F2 D' 2B D F2 D' L'
rubiks-7,W2-3[DR@B>UB@L>FL@U],W2-3[DR@B>UB@L>FL@U]#00,W2-3[DR@B>UB@L>FL@U],W2-3[DR@B>UB@L>FL@U],W2-3[DR@B>UB@L>FL@U],3,2,9,1,F' 2L2 F' R F 2L2 F' R' F2
rubiks-7,W2-3[DR@B>UF@L>FL@D]~v01,W2-3[DR@B>UF@L>FL@D]~v01#00,W2-3[DR@B>UF@L>FL@D]~v01,W2-3[DR@B>UF@L>FL@D]~v01,W2-3[DR@B>UF@L>FL@D],3,2,8,2,F' L 2B' L' F L 2B L'
rubiks-7,W2-3[DR@B>UF@L>FL@D]~v02,W2-3[DR@B>UF@L>FL@D]~v02#00,W2-3[DR@B>UF@L>FL@D]~v02,W2-3[DR@B>UF@L>FL@D]~v02,W2-3[DR@B>UF@L>FL@D],3,2,8,2,U 2B2 U' F U 2B2 U' F'
rubiks-7,W2-3[DR@B>UF@L>FL@U],W2-3[DR@B>UF@L>FL@U]#00,W2-3[DR@B>UF@L>FL@U],W2-3[DR@B>UF@L>FL@U],W2-3[DR@B>UF@L>FL@U],3,0,9,1,R' 2U2 R' U' R 2U2 R' U R2
rubiks-7,W2-3[DR@F>FL@U>UB@R],W2-3[DR@F>FL@U>UB@R]#00,W2-3[DR@F>FL@U>UB@R],W2-3[DR@F>FL@U>UB@R],W2-3[DR@F>FL@U>UB@R],3,2,10,1,D 2R B' L2 B 2R' B' L2 B D'
rubiks-7,W2-3[DR@F>UB@L>UF@L],W2-3[DR@F>UB@L>UF@L]#00,W2-3[DR@F>UB@L>UF@L],W2-3[DR@F>UB@L>UF@L],W2-3[DR@F>UB@L>UF@L],3,2,8,1,2L F R F' 2L' F R' F'
rubiks-7,W2-3[DR@F>UB@R>FL@D],W2-3[DR@F>UB@R>FL@D]#00,W2-3[DR@F>UB@R>FL@D],W2-3[DR@F>UB@R>FL@D],W2-3[DR@F>UB@R>FL@D],3,2,9,1,F' 2R2 F' R F 2R2 F' R' F2
rubiks-7,W2-3[DR@F>UF@L>UB@L],W2-3[DR@F>UF@L>UB@L]#00,W2-3[DR@F>UF@L>UB@L],W2-3[DR@F>UF@L>UB@L],W2-3[DR@F>UF@L>UB@L],3,2,8,1,F R F' 2L F R' F' 2L'
rubiks-7,W2-3[FL@D>UB@L>UB@R],W2-3[FL@D>UB@L>UB@R]#00,W2-3[FL@D>UB@L>UB@R],W2-3[FL@D>UB@L>UB@R],W2-3[FL@D>UB@L>UB@R],3,2,10,1,2R2 F 2D' B 2D F' 2D' B' 2D 2R2
rubiks-7,W2-3[FL@D>UB@L>UF@L],W2-3[FL@D>UB@L>UF@L]#00,W2-3[FL@D>UB@L>UF@L],W2-3[FL@D>UB@L>UF@L],W2-3[FL@D>UB@L>UF@L],3,2,8,1,F' 2D' B 2D F 2D' B' 2D
rubiks-7,W2-3[FL@D>UB@L>UF@R]~v01,W2-3[FL@D>UB@L>UF@R]~v01#00,W2-3[FL@D>UB@L>UF@R]~v01,W2-3[FL@D>UB@L>UF@R]~v01,W2-3[FL@D>UB@L>UF@R],3,0,8,2,B 2D' B' U2 B 2D B' U2
rubiks-7,W2-3[FL@D>UB@L>UF@R]~v02,W2-3[FL@D>UB@L>UF@R]~v02#00,W2-3[FL@D>UB@L>UF@R]~v02,W2-3[FL@D>UB@L>UF@R]~v02,W2-3[FL@D>UB@L>UF@R],3,0,9,2,U R 2D2 R' U2 R 2D2 R' U
rubiks-7,W2-3[FL@D>UB@R>UB@L],W2-3[FL@D>UB@R>UB@L]#00,W2-3[FL@D>UB@R>UB@L],W2-3[FL@D>UB@R>UB@L],W2-3[FL@D>UB@R>UB@L],3,2,10,1,2R2 2D' B 2D F 2D' B' 2D F' 2R2
rubiks-7,W2-3[FL@D>UF@L>UB@L],W2-3[FL@D>UF@L>UB@L]#00,W2-3[FL@D>UF@L>UB@L],W2-3[FL@D>UF@L>UB@L],W2-3[FL@D>UF@L>UB@L],3,2,8,1,2D' B 2D F' 2D' B' 2D F
rubiks-7,W2-3[FL@D>UF@L>UF@R],W2-3[FL@D>UF@L>UF@R]#00,W2-3[FL@D>UF@L>UF@R],W2-3[FL@D>UF@L>UF@R],W2-3[FL@D>UF@L>UF@R],3,2,10,1,2R2 2D' B' 2D F' 2D' B 2D F 2R2
rubiks-7,W2-3[FL@D>UF@R>UB@L]~v01,W2-3[FL@D>UF@R>UB@L]~v01#00,W2-3[FL@D>UF@R>UB@L]~v01,W2-3[FL@D>UF@R>UB@L]~v01,W2-3[FL@D>UF@R>UB@L],3,0,8,2,U2 B 2D' B' U2 B 2D B'
rubiks-7,W2-3[FL@D>UF@R>UB@L]~v02,W2-3[FL@D>UF@R>UB@L]~v02#00,W2-3[FL@D>UF@R>UB@L]~v02,W2-3[FL@D>UF@R>UB@L]~v02,W2-3[FL@D>UF@R>UB@L],3,0,9,2,U' R 2D2 R' U2 R 2D2 R' U'
rubiks-7,W2-3[FL@D>UF@R>UF@L],W2-3[FL@D>UF@R>UF@L]#00,W2-3[FL@D>UF@R>UF@L],W2-3[FL@D>UF@R>UF@L],W2-3[FL@D>UF@R>UF@L],3,2,10,1,2R2 F' 2D' B' 2D F 2D' B 2D 2R2
rubiks-7,W2-3[FL@U>UB@L>UF@R]~v01,W2-3[FL@U>UB@L>UF@R]~v01#00,W2-3[FL@U>UB@L>UF@R]~v01,W2-3[FL@U>UB@L>UF@R]~v01,W2-3[FL@U>UB@L>UF@R],3,2,8,2,B' 2U2 B U2 B' 2U2 B U2
rubiks-7,W2-3[FL@U>UB@L>UF@R]~v02,W2-3[FL@U>UB@L>UF@R]~v02#00,W2-3[FL@U>UB@L>UF@R]~v02,W2-3[FL@U>UB@L>UF@R]~v02,W2-3[FL@U>UB@L>UF@R],3,2,9,2,U R' 2U' R U2 R' 2U R U
rubiks-7,W2-3[FL@U>UF@R>UB@L]~v01,W2-3[FL@U>UF@R>UB@L]~v01#00,W2-3[FL@U>UF@R>UB@L]~v01,W2-3[FL@U>UF@R>UB@L]~v01,W2-3[FL@U>UF@R>UB@L],3,2,8,2,U2 B' 2U2 B U2 B' 2U2 B
rubiks-7,W2-3[FL@U>UF@R>UB@L]~v02,W2-3[FL@U>UF@R>UB@L]~v02#00,W2-3[FL@U>UF@R>UB@L]~v02,W2-3[FL@U>UF@R>UB@L]~v02,W2-3[FL@U>UF@R>UB@L],3,2,9,2,U' R' 2U' R U2 R' 2U R U'
rubiks-7,W2-3[LB@U>UB@L>UF@L],W2-3[LB@U>UB@L>UF@L]#00,W2-3[LB@U>UB@L>UF@L],W2-3[LB@U>UB@L>UF@L],W2-3[LB@U>UB@L>UF@L],3,2,9,1,2U2 F 2U' B' 2U F' 2U' B 2U'
rubiks-7,W2-3[LB@U>UF@L>UB@L],W2-3[LB@U>UF@L>UB@L]#00,W2-3[LB@U>UF@L>UB@L],W2-3[LB@U>UF@L>UB@L],W2-3[LB@U>UF@L>UB@L],3,2,9,1,2U B' 2U F 2U' B 2U F' 2U2
rubiks-7,W2-3[RF@D>UB@L>UF@R]~v01,W2-3[RF@D>UB@L>UF@R]~v01#00,W2-3[RF@D>UB@L>UF@R]~v01,W2-3[RF@D>UB@L>UF@R]~v01,W2-3[RF@D>UB@L>UF@R],3,0,8,2,B 2D2 B' U2 B 2D2 B' U2
rubiks-7,W2-3[RF@D>UB@L>UF@R]~v02,W2-3[RF@D>UB@L>UF@R]~v02#00,W2-3[RF@D>UB@L>UF@R]~v02,W2-3[RF@D>UB@L>UF@R]~v02,W2-3[RF@D>UB@L>UF@R],3,0,9,2,U' L 2D' L' U2 L 2D L' U'
rubiks-7,W2-3[RF@D>UF@L>UL@B],W2-3[RF@D>UF@L>UL@B]#00,W2-3[RF@D>UF@L>UL@B],W2-3[RF@D>UF@L>UL@B],W2-3[RF@D>UF@L>UL@B],3,2,8,1,U L' 2D2 L U' L' 2D2 L
rubiks-7,W2-3[RF@D>UF@L>UR@B],W2-3[RF@D>UF@L>UR@B]#00,W2-3[RF@D>UF@L>UR@B],W2-3[RF@D>UF@L>UR@B],W2-3[RF@D>UF@L>UR@B],3,2,10,1,R U F' 2D2 F U' F' 2D2 F R'
rubiks-7,W2-3[RF@D>UF@R>UB@L]~v01,W2-3[RF@D>UF@R>UB@L]~v01#00,W2-3[RF@D>UF@R>UB@L]~v01,W2-3[RF@D>UF@R>UB@L]~v01,W2-3[RF@D>UF@R>UB@L],3,0,8,2,U2 B 2D2 B' U2 B 2D2 B'
rubiks-7,W2-3[RF@D>UF@R>UB@L]~v02,W2-3[RF@D>UF@R>UB@L]~v02#00,W2-3[RF@D>UF@R>UB@L]~v02,W2-3[RF@D>UF@R>UB@L]~v02,W2-3[RF@D>UF@R>UB@L],3,0,9,2,U L 2D' L' U2 L 2D L' U
rubiks-7,W2-3[RF@D>UL@B>UF@L],W2-3[RF@D>UL@B>UF@L]#00,W2-3[RF@D>UL@B>UF@L],W2-3[RF@D>UL@B>UF@L],W2-3[RF@D>UL@B>UF@L],3,2,8,1,L' 2D2 L U L' 2D2 L U'
rubiks-7,W2-3[RF@D>UR@F>UF@R]~v01,W2-3[RF@D>UR@F>UF@R]~v01#00,W2-3[RF@D>UR@F>UF@R]~v01,W2-3[RF@D>UR@F>UF@R]~v01,W2-3[RF@D>UR@F>UF@R],3,2,9,3,R' D' 2R' D R' D' 2R D R2
rubiks-7,W2-3[RF@D>UR@F>UF@R]~v02,W2-3[RF@D>UR@F>UF@R]~v02#00,W2-3[RF@D>UR@F>UF@R]~v02,W2-3[RF@D>UR@F>UF@R]~v02,W2-3[RF@D>UR@F>UF@R],3,2,9,3,F' L 2F2 L' F' L 2F2 L' F2
rubiks-7,W2-3[RF@D>UR@F>UF@R]~v03,W2-3[RF@D>UR@F>UF@R]~v03#00,W2-3[RF@D>UR@F>UF@R]~v03,W2-3[RF@D>UR@F>UF@R]~v03,W2-3[RF@D>UR@F>UF@R],3,2,9,3,R2 B' 2R2 B R' B' 2R2 B R'
rubiks-7,W2-3[RF@U>UB@L>UB@R],W2-3[RF@U>UB@L>UB@R]#00,W2-3[RF@U>UB@L>UB@R],W2-3[RF@U>UB@L>UB@R],W2-3[RF@U>UB@L>UB@R],3,2,10,1,2R2 F' 2U' B' 2U F 2U' B 2U 2R2
rubiks-7,W2-3[RF@U>UB@L>UF@L],W2-3[RF@U>UB@L>UF@L]#00,W2-3[RF@U>UB@L>UF@L],W2-3[RF@U>UB@L>UF@L],W2-3[RF@U>UB@L>UF@L],3,2,8,1,F 2U' B' 2U F' 2U' B 2U
rubiks-7,W2-3[RF@U>UB@L>UF@R]~v01,W2-3[RF@U>UB@L>UF@R]~v01#00,W2-3[RF@U>UB@L>UF@R]~v01,W2-3[RF@U>UB@L>UF@R]~v01,W2-3[RF@U>UB@L>UF@R],3,2,8,2,B' 2U' B U2 B' 2U B U2
rubiks-7,W2-3[RF@U>UB@L>UF@R]~v02,W2-3[RF@U>UB@L>UF@R]~v02#00,W2-3[RF@U>UB@L>UF@R]~v02,W2-3[RF@U>UB@L>UF@R]~v02,W2-3[RF@U>UB@L>UF@R],3,2,9,2,U' L' 2U2 L U2 L' 2U2 L U'
rubiks-7,W2-3[RF@U>UB@R>UB@L],W2-3[RF@U>UB@R>UB@L]#00,W2-3[RF@U>UB@R>UB@L],W2-3[RF@U>UB@R>UB@L],W2-3[RF@U>UB@R>UB@L],3,2,10,1,2R2 2U' B' 2U F' 2U' B 2U F 2R2
rubiks-7,W2-3[RF@U>UF@L>UB@L],W2-3[RF@U>UF@L>UB@L]#00,W2-3[RF@U>UF@L>UB@L],W2-3[RF@U>UF@L>UB@L],W2-3[RF@U>UF@L>UB@L],3,2,8,1,2U' B' 2U F 2U' B 2U F'
rubiks-7,W2-3[RF@U>UF@L>UF@R],W2-3[RF@U>UF@L>UF@R]#00,W2-3[RF@U>UF@L>UF@R],W2-3[RF@U>UF@L>UF@R],W2-3[RF@U>UF@L>UF@R],3,2,10,1,2R2 2U' B 2U F 2U' B' 2U F' 2R2
rubiks-7,W2-3[RF@U>UF@L>UL@B]~v01,W2-3[RF@U>UF@L>UL@B]~v01#00,W2-3[RF@U>UF@L>UL@B]~v01,W2-3[RF@U>UF@L>UL@B]~v01,W2-3[RF@U>UF@L>UL@B],3,0,8,2,U L 2U L' U' L 2U' L'
rubiks-7,W2-3[RF@U>UF@L>UL@B]~v02,W2-3[RF@U>UF@L>UL@B]~v02#00,W2-3[RF@U>UF@L>UL@B]~v02,W2-3[RF@U>UF@L>UL@B]~v02,W2-3[RF@U>UF@L>UL@B],3,0,8,2,R 2B' R' F R 2B R' F'
rubiks-7,W2-3[RF@U>UF@R>UB@L]~v01,W2-3[RF@U>UF@R>UB@L]~v01#00,W2-3[RF@U>UF@R>UB@L]~v01,W2-3[RF@U>UF@R>UB@L]~v01,W2-3[RF@U>UF@R>UB@L],3,2,8,2,U2 B' 2U' B U2 B' 2U B
rubiks-7,W2-3[RF@U>UF@R>UB@L]~v02,W2-3[RF@U>UF@R>UB@L]~v02#00,W2-3[RF@U>UF@R>UB@L]~v02,W2-3[RF@U>UF@R>UB@L]~v02,W2-3[RF@U>UF@R>UB@L],3,2,9,2,U L' 2U2 L U2 L' 2U2 L U
rubiks-7,W2-3[RF@U>UF@R>UF@L],W2-3[RF@U>UF@R>UF@L]#00,W2-3[RF@U>UF@R>UF@L],W2-3[RF@U>UF@R>UF@L],W2-3[RF@U>UF@R>UF@L],3,2,10,1,2R2 F 2U' B 2U F' 2U' B' 2U 2R2
rubiks-7,W2-3[RF@U>UF@R>UL@B]~v01,W2-3[RF@U>UF@R>UL@B]~v01#00,W2-3[RF@U>UF@R>UL@B]~v01,W2-3[RF@U>UF@R>UL@B]~v01,W2-3[RF@U>UF@R>UL@B],3,2,11,2,L' B' U2 B' 2U' B U2 B' 2U B2 L
rubiks-7,W2-3[RF@U>UF@R>UL@B]~v02,W2-3[RF@U>UF@R>UL@B]~v02#00,W2-3[RF@U>UF@R>UL@B]~v02,W2-3[RF@U>UF@R>UL@B]~v02,W2-3[RF@U>UF@R>UL@B],3,2,11,2,R' D2 2B D F2 D' 2B' D F2 D R
rubiks-7,W2-3[RF@U>UF@R>UL@F],W2-3[RF@U>UF@R>UL@F]#00,W2-3[RF@U>UF@R>UL@F],W2-3[RF@U>UF@R>UL@F],W2-3[RF@U>UF@R>UL@F],3,2,8,1,U L' 2U2 L U' L' 2U2 L
rubiks-7,W2-3[RF@U>UF@R>UR@F],W2-3[RF@U>UF@R>UR@F]#00,W2-3[RF@U>UF@R>UR@F],W2-3[RF@U>UF@R>UR@F],W2-3[RF@U>UF@R>UR@F],3,2,10,1,R U F' 2U2 F U' F' 2U2 F R'
rubiks-7,W2-3[RF@U>UL@B>UF@L]~v01,W2-3[RF@U>UL@B>UF@L]~v01#00,W2-3[RF@U>UL@B>UF@L]~v01,W2-3[RF@U>UL@B>UF@L]~v01,W2-3[RF@U>UL@B>UF@L],3,0,8,2,L 2U L' U L 2U' L' U'
rubiks-7,W2-3[RF@U>UL@B>UF@L]~v02,W2-3[RF@U>UL@B>UF@L]~v02#00,W2-3[RF@U>UL@B>UF@L]~v02,W2-3[RF@U>UL@B>UF@L]~v02,W2-3[RF@U>UL@B>UF@L],3,0,8,2,F R 2B' R' F' R 2B R'
rubiks-7,W2-3[RF@U>UL@B>UF@R]~v01,W2-3[RF@U>UL@B>UF@R]~v01#00,W2-3[RF@U>UL@B>UF@R]~v01,W2-3[RF@U>UL@B>UF@R]~v01,W2-3[RF@U>UL@B>UF@R],3,2,11,2,L' B2 2U' B U2 B' 2U B U2 B L
rubiks-7,W2-3[RF@U>UL@B>UF@R]~v02,W2-3[RF@U>UL@B>UF@R]~v02#00,W2-3[RF@U>UL@B>UF@R]~v02,W2-3[RF@U>UL@B>UF@R]~v02,W2-3[RF@U>UL@B>UF@R],3,2,11,2,R' D' F2 D' 2B D F2 D' 2B' D2 R
rubiks-7,W2-3[RF@U>UL@F>UF@R],W2-3[RF@U>UL@F>UF@R]#00,W2-3[RF@U>UL@F>UF@R],W2-3[RF@U>UL@F>UF@R],W2-3[RF@U>UL@F>UF@R],3,2,8,1,L' 2U2 L U L' 2U2 L U'
rubiks-7,W2-3[RF@U>UR@B>UF@L]~v01,W2-3[RF@U>UR@B>UF@L]~v01#00,W2-3[RF@U>UR@B>UF@L]~v01,W2-3[RF@U>UR@B>UF@L]~v01,W2-3[RF@U>UR@B>UF@L],3,2,9,3,R' D' 2L D R' D' 2L' D R2
rubiks-7,W2-3[RF@U>UR@B>UF@L]~v02,W2-3[RF@U>UR@B>UF@L]~v02#00,W2-3[RF@U>UR@B>UF@L]~v02,W2-3[RF@U>UR@B>UF@L]~v02,W2-3[RF@U>UR@B>UF@L],3,2,9,3,F' L 2B2 L' F' L 2B2 L' F2
rubiks-7,W2-3[RF@U>UR@B>UF@L]~v03,W2-3[RF@U>UR@B>UF@L]~v03#00,W2-3[RF@U>UR@B>UF@L]~v03,W2-3[RF@U>UR@B>UF@L]~v03,W2-3[RF@U>UR@B>UF@L],3,2,9,3,R2 B' 2L2 B R' B' 2L2 B R'
rubiks-7,W2-3[UB@L>UF@L>UL@B],W2-3[UB@L>UF@L>UL@B]#00,W2-3[UB@L>UF@L>UL@B],W2-3[UB@L>UF@L>UL@B],W2-3[UB@L>UF@L>UL@B],3,2,8,1,B L' B' 2L' B L B' 2L
rubiks-7,W2-3[UB@L>UF@L>UR@F],W2-3[UB@L>UF@L>UR@F]#00,W2-3[UB@L>UF@L>UR@F],W2-3[UB@L>UF@L>UR@F],W2-3[UB@L>UF@L>UR@F],3,2,8,1,B' R B 2L' B' R' B 2L
rubiks-7,W2-3[UB@L>UF@R>UL@B]~v01,W2-3[UB@L>UF@R>UL@B]~v01#00,W2-3[UB@L>UF@R>UL@B]~v01,W2-3[UB@L>UF@R>UL@B]~v01,W2-3[UB@L>UF@R>UL@B],3,2,10,2,L' U2 F 2D2 F' U2 F 2D2 F' L
rubiks-7,W2-3[UB@L>UF@R>UL@B]~v02,W2-3[UB@L>UF@R>UL@B]~v02#00,W2-3[UB@L>UF@R>UL@B]~v02,W2-3[UB@L>UF@R>UL@B]~v02,W2-3[UB@L>UF@R>UL@B],3,2,10,2,L B' 2U2 B U2 B' 2U2 B U2 L'
rubiks-7,W2-3[UB@L>UF@R>UL@F]~v01,W2-3[UB@L>UF@R>UL@F]~v01#00,W2-3[UB@L>UF@R>UL@F]~v01,W2-3[UB@L>UF@R>UL@F]~v01,W2-3[UB@L>UF@R>UL@F],3,0,10,2,L' U2 F' 2U' F U2 F' 2U F L
rubiks-7,W2-3[UB@L>UF@R>UL@F]~v02,W2-3[UB@L>UF@R>UL@F]~v02#00,W2-3[UB@L>UF@R>UL@F]~v02,W2-3[UB@L>UF@R>UL@F]~v02,W2-3[UB@L>UF@R>UL@F],3,0,10,2,L B 2D' B' U2 B 2D B' U2 L'
rubiks-7,W2-3[UB@L>UL@B>UF@L],W2-3[UB@L>UL@B>UF@L]#00,W2-3[UB@L>UL@B>UF@L],W2-3[UB@L>UL@B>UF@L],W2-3[UB@L>UL@B>UF@L],3,2,8,1,2L' B L' B' 2L B L B'
rubiks-7,W2-3[UB@L>UL@B>UF@R]~v01,W2-3[UB@L>UL@B>UF@R]~v01#00,W2-3[UB@L>UL@B>UF@R]~v01,W2-3[UB@L>UL@B>UF@R]~v01,W2-3[UB@L>UL@B>UF@R],3,2,10,2,L U2 B' 2U2 B U2 B' 2U2 B L'
rubiks-7,W2-3[UB@L>UL@B>UF@R]~v02,W2-3[UB@L>UL@B>UF@R]~v02#00,W2-3[UB@L>UL@B>UF@R]~v02,W2-3[UB@L>UL@B>UF@R]~v02,W2-3[UB@L>UL@B>UF@R],3,2,10,2,L' F 2D2 F' U2 F 2D2 F' U2 L
rubiks-7,W2-3[UB@L>UL@F>UF@R]~v01,W2-3[UB@L>UL@F>UF@R]~v01#00,W2-3[UB@L>UL@F>UF@R]~v01,W2-3[UB@L>UL@F>UF@R]~v01,W2-3[UB@L>UL@F>UF@R],3,0,10,2,L U2 B 2D' B' U2 B 2D B' L'
rubiks-7,W2-3[UB@L>UL@F>UF@R]~v02,W2-3[UB@L>UL@F>UF@R]~v02#00,W2-3[UB@L>UL@F>UF@R]~v02,W2-3[UB@L>UL@F>UF@R]~v02,W2-3[UB@L>UL@F>UF@R],3,0,10,2,L' F' 2U' F U2 F' 2U F U2 L
rubiks-7,W2-3[UB@L>UR@F>UF@L],W2-3[UB@L>UR@F>UF@L]#00,W2-3[UB@L>UR@F>UF@L],W2-3[UB@L>UR@F>UF@L],W2-3[UB@L>UR@F>UF@L],3,2,8,1,2L' B' R B 2L B' R' B
rubiks-7,W2-4[DF@L>DF@R>UL@B>UL@F],W2-4[DF@L>DF@R>UL@B>UL@F]#00,W2-4[DF@L>DF@R>UL@B>UL@F],W2-4[DF@L>DF@R>UL@B>UL@F],W2-4[DF@L>DF@R>UL@B>UL@F],14,2,17,1,U' F2 2L2 F2 2L D2 2R2 D2 2L' U2 2L' U2 F2 2L' F2 2L' U
rubiks-7,W2-4[DF@L>DF@R>UL@F>UL@B],W2-4[DF@L>DF@R>UL@F>UL@B]#00,W2-4[DF@L>DF@R>UL@F>UL@B],W2-4[DF@L>DF@R>UL@F>UL@B],W2-4[DF@L>DF@R>UL@F>UL@B],34,4,13,1,U' 2L2 F2 2L B2 F2 2R' B2 F2 2L F2 2L2 U
rubiks-7,W2-4[DF@L>UL@B>DF@R>UL@F],W2-4[DF@L>UL@B>DF@R>UL@F]#00,W2-4[DF@L>UL@B>DF@R>UL@F],W2-4[DF@L>UL@B>DF@R>UL@F],W2-4[DF@L>UL@B>DF@R>UL@F],14,2,28,1,2B U' 2R U L2 U' 2R' U L2 2B U 2L' U' R2 U 2L U 2B' U2 2B2 R2 2B U2 2B2 U2 R2 2B R2
rubiks-7,W2-4[DF@L>UL@B>UL@F>DF@R],W2-4[DF@L>UL@B>UL@F>DF@R]#00,W2-4[DF@L>UL@B>UL@F>DF@R],W2-4[DF@L>UL@B>UL@F>DF@R],W2-4[DF@L>UL@B>UL@F>DF@R],34,4,13,1,U' 2L2 F2 2L' F2 B2 2R F2 B2 2L' F2 2L2 U
rubiks-7,W2-4[DF@L>UL@F>UL@B>DF@R],W2-4[DF@L>UL@F>UL@B>DF@R]#00,W2-4[DF@L>UL@F>UL@B>DF@R],W2-4[DF@L>UL@F>UL@B>DF@R],W2-4[DF@L>UL@F>UL@B>DF@R],14,2,17,1,U' 2L F2 2L F2 U2 2L U2 2L D2 2R2 D2 2L' F2 2L2 F2 U
rubiks-7,W2-4[DL@B>DL@F>UR@F>UR@B],W2-4[DL@B>DL@F>UR@F>UR@B]#00,W2-4[DL@B>DL@F>UR@F>UR@B],W2-4[DL@B>DL@F>UR@F>UR@B],W2-4[DL@B>DL@F>UR@F>UR@B],14,2,16,1,2B2 U2 2B' U2 2B U2 2B' U2 2B' U2 2B L2 2B' L2 2B U2
rubiks-7,W2-4[DL@B>UR@F>DL@F>UR@B],W2-4[DL@B>UR@F>DL@F>UR@B]#00,W2-4[DL@B>UR@F>DL@F>UR@B],W2-4[DL@B>UR@F>DL@F>UR@B],W2-4[DL@B>UR@F>DL@F>UR@B],14,2,15,1,2F2 D2 2F D2 2F' D2 2F D2 R2 2F R2 2F D2 2F2 D2
rubiks-7,W2-4[DL@B>UR@F>UR@B>DL@F],W2-4[DL@B>UR@F>UR@B>DL@F]#00,W2-4[DL@B>UR@F>UR@B>DL@F],W2-4[DL@B>UR@F>UR@B>DL@F],W2-4[DL@B>UR@F>UR@B>DL@F],14,4,13,1,2B2 D2 2B R2 2B' R2 2F' U2 2B' U2 2F D2 2B2
rubiks-7,W2-4[FL@D>UB@L>FL@U>UB@R],W2-4[FL@D>UB@L>FL@U>UB@R]#00,W2-4[FL@D>UB@L>FL@U>UB@R],W2-4[FL@D>UB@L>FL@U>UB@R],W2-4[FL@D>UB@L>FL@U>UB@R],14,2,25,1,U2 F' 2L2 2R2 F U2 F' 2L2 2R2 F 2R2 B2 2R' U2 2R' U2 B2 2R' B2 2R B2 2R' B2 2R2 B2
rubiks-7,W2-4[FL@D>UB@R>FL@U>UB@L],W2-4[FL@D>UB@R>FL@U>UB@L]#00,W2-4[FL@D>UB@R>FL@U>UB@L],W2-4[FL@D>UB@R>FL@U>UB@L],W2-4[FL@D>UB@R>FL@U>UB@L],14,2,25,1,U2 F 2R 2L' F' U2 F 2R' 2L F' 2L2 B2 2L U2 2L U2 B2 2L B2 2L' B2 2L B2 2L2 B2
rubiks-7,W2-4[FL@D>UF@L>FL@U>UF@R],W2-4[FL@D>UF@L>FL@U>UF@R]#00,W2-4[FL@D>UF@L>FL@U>UF@R],W2-4[FL@D>UF@L>FL@U>UF@R],W2-4[FL@D>UF@L>FL@U>UF@R],14,2,25,1,F 2D2 2U2 F' L2 F 2D2 2U2 F' L2 2U2 F2 2U L2 2U L2 F2 2U F2 2U' F2 2U F2 2U2 F2
rubiks-7,W2-4[FL@D>UF@R>FL@U>UF@L],W2-4[FL@D>UF@R>FL@U>UF@L]#00,W2-4[FL@D>UF@R>FL@U>UF@L],W2-4[FL@D>UF@R>FL@U>UF@L],W2-4[FL@D>UF@R>FL@U>UF@L],14,2,25,1,F' 2U 2D' F L2 F' 2U' 2D F L2 2D2 F2 2D' L2 2D' L2 F2 2D' F2 2D F2 2D' F2 2D2 F2
rubiks-7,W2-4[UF@L>UF@R>UR@B>UR@F],W2-4[UF@L>UF@R>UR@B>UR@F]#00,W2-4[UF@L>UF@R>UR@B>UR@F],W2-4[UF@L>UF@R>UR@B>UR@F],W2-4[UF@L>UF@R>UR@B>UR@F],34,2,15,1,R B 2R2 U2 2R U2 D2 2L' U2 D2 2R U2 2R2 B' R'
rubiks-7,W2-4[UF@L>UF@R>UR@F>UR@B],W2-4[UF@L>UF@R>UR@F>UR@B]#00,W2-4[UF@L>UF@R>UR@F>UR@B],W2-4[UF@L>UF@R>UR@F>UR@B],W2-4[UF@L>UF@R>UR@F>UR@B],14,4,19,1,R B 2R' U2 2R' U2 B2 2R' B2 2R' F2 2L2 F2 2R U2 2R2 U2 B' R'
rubiks-7,W2-4[UF@L>UR@B>UR@F>UF@R],W2-4[UF@L>UR@B>UR@F>UF@R]#00,W2-4[UF@L>UR@B>UR@F>UF@R],W2-4[UF@L>UR@B>UR@F>UF@R],W2-4[UF@L>UR@B>UR@F>UF@R],14,4,19,1,R B U2 2R2 U2 2R' F2 2L2 F2 2R B2 2R B2 U2 2R U2 2R B' R'
rubiks-7,W2-4[UF@L>UR@F>UF@R>UR@B]~v02,W2-4[UF@L>UR@F>UF@R>UR@B]~v02#00,W2-4[UF@L>UR@F>UF@R>UR@B],W2-4[UF@L>UR@F>UF@R>UR@B],W2-4[UF@L>UR@F>UF@R>UR@B],14,2,28,1,2F D' 2L D R2 D' 2L' D R2 2F D 2R2 D' R2 D 2R2 D 2F D2 2F2 R2 2B U2 2F2 U2 R2 2B' R2
rubiks-7,W2-4[UF@L>UR@F>UR@B>UF@R],W2-4[UF@L>UR@F>UR@B>UF@R]#00,W2-4[UF@L>UR@F>UR@B>UF@R],W2-4[UF@L>UR@F>UR@B>UF@R],W2-4[UF@L>UR@F>UR@B>UF@R],34,2,15,1,R B 2R2 U2 2R' D2 U2 2L D2 U2 2R' U2 2R2 B' R'
rubiks-7,W2-4[UL@B>UL@F>UR@B>UR@F],W2-4[UL@B>UL@F>UR@B>UR@F]#00,W2-4[UL@B>UL@F>UR@B>UR@F],W2-4[UL@B>UL@F>UR@B>UR@F],W2-4[UL@B>UL@F>UR@B>UR@F],14,2,15,1,2F' U2 2F' U2 R2 2F' R2 2F' L2 2B2 L2 2F U2 2F2 U2
rubiks-7,W2-4[UL@B>UR@B>UL@F>UR@F]~v01,W2-4[UL@B>UR@B>UL@F>UR@F]~v01#00,W2-4[UL@B>UR@B>UL@F>UR@F]~v01,W2-4[UL@B>UR@B>UL@F>UR@F]~v01,W2-4[UL@B>UR@B>UL@F>UR@F],14,2,15,2,2F2 R2 2F' U2 2F' U2 R2 2F' R2 2F R2 2F' R2 2F2 R2
rubiks-7,W2-4[UL@B>UR@B>UL@F>UR@F]~v02,W2-4[UL@B>UR@B>UL@F>UR@F]~v02#00,W2-4[UL@B>UR@B>UL@F>UR@F]~v02,W2-4[UL@B>UR@B>UL@F>UR@F]~v02,W2-4[UL@B>UR@B>UL@F>UR@F],14,2,15,2,2B2 D2 2F U2 2B L2 2F' L2 U2 2B' R2 2F R2 D2 2B2
rubiks-7,W2-4[UL@B>UR@B>UR@F>UL@F],W2-4[UL@B>UR@B>UR@F>UL@F]#00,W2-4[UL@B>UR@B>UR@F>UL@F],W2-4[UL@B>UR@B>UR@F>UL@F],W2-4[UL@B>UR@B>UR@F>UL@F],34,4,11,1,2B2 U2 2B' U2 D2 2F D2 U2 2B' U2 2B2
rubiks-7,W2-4[UL@B>UR@F>UL@F>UR@B],W2-4[UL@B>UR@F>UL@F>UR@B]#00,W2-4[UL@B>UR@F>UL@F>UR@B],W2-4[UL@B>UR@F>UL@F>UR@B],W2-4[UL@B>UR@F>UL@F>UR@B],14,2,15,1,2B2 D2 R2 2F' R2 2B U2 L2 2F L2 2B' U2 2F' D2 2B2
rubiks-7,W2-4s[DF@L<>DF@R;UL@B<>UL@F],W2-4s[DF@L<>DF@R;UL@B<>UL@F]#00,W2-4s[DF@L<>DF@R;UL@B<>UL@F],W2-4s[DF@L<>DF@R;UL@B<>UL@F],W2-4s[DF@L<>DF@R;UL@B<>UL@F],4,4,14,1,U' 2R' D2 2L2 B2 2L' B2 2L' D2 2R2 F2 2R' F2 U
rubiks-7,W2-4s[DF@L<>UL@B;DF@R<>UL@F],W2-4s[DF@L<>UL@B;DF@R<>UL@F]#00,W2-4s[DF@L<>UL@B;DF@R<>UL@F],W2-4s[DF@L<>UL@B;DF@R<>UL@F],W2-4s[DF@L<>UL@B;DF@R<>UL@F],4,4,18,1,2R F2 D' 2B D F2 D' 2B' D F2 D 2F2 D' F2 D 2F2 D' 2R'
rubiks-7,W2-4s[DF@L<>UL@F;DF@R<>UL@B],W2-4s[DF@L<>UL@F;DF@R<>UL@B]#00,W2-4s[DF@L<>UL@F;DF@R<>UL@B],W2-4s[DF@L<>UL@F;DF@R<>UL@B],W2-4s[DF@L<>UL@F;DF@R<>UL@B],4,0,18,1,2R F2 D 2F2 D' F2 D 2F2 D' F2 D' 2B D F2 D' 2B' D 2R'
rubiks-7,W2-4s[DL@B<>DL@F;UR@B<>UR@F]~v01,W2-4s[DL@B<>DL@F;UR@B<>UR@F]~v01#00,W2-4s[DL@B<>DL@F;UR@B<>UR@F]~v01,W2-4s[DL@B<>DL@F;UR@B<>UR@F]~v01,W2-4s[DL@B<>DL@F;UR@B<>UR@F],4,4,14,2,L2 2B L2 2F2 D2 2F D2 2F L2 2B2 U2 2B U2 L2
rubiks-7,W2-4s[DL@B<>DL@F;UR@B<>UR@F]~v02,W2-4s[DL@B<>DL@F;UR@B<>UR@F]~v02#00,W2-4s[DL@B<>DL@F;UR@B<>UR@F]~v02,W2-4s[DL@B<>DL@F;UR@B<>UR@F]~v02,W2-4s[DL@B<>DL@F;UR@B<>UR@F],4,4,14,2,U2 2F U2 2B2 R2 2B R2 2F' U2 2B2 L2 2B' L2 U2
rubiks-7,W2-4s[DL@B<>UR@B;DL@F<>UR@F],W2-4s[DL@B<>UR@B;DL@F<>UR@F]#00,W2-4s[DL@B<>UR@B;DL@F<>UR@F],W2-4s[DL@B<>UR@B;DL@F<>UR@F],W2-4s[DL@B<>UR@B;DL@F<>UR@F],24,0,9,1,L2 2B2 L2 U2 2B2 U2 L2 2B2 L2
rubiks-7,W2-4s[DL@B<>UR@F;DL@F<>UR@B],W2-4s[DL@B<>UR@F;DL@F<>UR@B]#00,W2-4s[DL@B<>UR@F;DL@F<>UR@B],W2-4s[DL@B<>UR@F;DL@F<>UR@B],W2-4s[DL@B<>UR@F;DL@F<>UR@B],44,4,12,1,2F U2 2B U2 D2 2F 2B' D2 U2 2B U2 2B
rubiks-7,W2-4s[FL@D<>UB@L;FL@U<>UB@R],W2-4s[FL@D<>UB@L;FL@U<>UB@R]#00,W2-4s[FL@D<>UB@L;FL@U<>UB@R],W2-4s[FL@D<>UB@L;FL@U<>UB@R],W2-4s[FL@D<>UB@L;FL@U<>UB@R],24,0,17,1,U2 F 2R 2L' F' U2 F 2R' 2L F' 2L2 B2 U2 2L2 U2 B2 2L2
rubiks-7,W2-4s[FL@D<>UB@R;FL@U<>UB@L],W2-4s[FL@D<>UB@R;FL@U<>UB@L]#00,W2-4s[FL@D<>UB@R;FL@U<>UB@L],W2-4s[FL@D<>UB@R;FL@U<>UB@L],W2-4s[FL@D<>UB@R;FL@U<>UB@L],24,4,17,1,U2 F' 2L2 2R2 F U2 F' 2L2 2R2 F 2R2 B2 U2 2R2 U2 B2 2R2
rubiks-7,W2-4s[FL@D<>UF@L;FL@U<>UF@R],W2-4s[FL@D<>UF@L;FL@U<>UF@R]#00,W2-4s[FL@D<>UF@L;FL@U<>UF@R],W2-4s[FL@D<>UF@L;FL@U<>UF@R],W2-4s[FL@D<>UF@L;FL@U<>UF@R],24,4,17,1,F 2D2 2U2 F' L2 F 2D2 2U2 F' L2 2U2 F2 L2 2U2 L2 F2 2U2
rubiks-7,W2-4s[FL@D<>UF@R;FL@U<>UF@L],W2-4s[FL@D<>UF@R;FL@U<>UF@L]#00,W2-4s[FL@D<>UF@R;FL@U<>UF@L],W2-4s[FL@D<>UF@R;FL@U<>UF@L],W2-4s[FL@D<>UF@R;FL@U<>UF@L],16,0,17,1,F' 2U 2D' F L2 F' 2U' 2D F L2 2D2 F2 L2 2D2 L2 F2 2D2
rubiks-7,W2-4s[UF@L<>UF@R;UR@B<>UR@F],W2-4s[UF@L<>UF@R;UR@B<>UR@F]#00,W2-4s[UF@L<>UF@R;UR@B<>UR@F],W2-4s[UF@L<>UF@R;UR@B<>UR@F],W2-4s[UF@L<>UF@R;UR@B<>UR@F],4,4,16,1,R B 2L F2 2R2 D2 2R D2 2R F2 2L2 U2 2L U2 B' R'
rubiks-7,W2-4s[UF@L<>UR@B;UF@R<>UR@F],W2-4s[UF@L<>UR@B;UF@R<>UR@F]#00,W2-4s[UF@L<>UR@B;UF@R<>UR@F],W2-4s[UF@L<>UR@B;UF@R<>UR@F],W2-4s[UF@L<>UR@B;UF@R<>UR@F],4,4,18,1,2R' F2 D' 2F2 D F2 D' 2F2 D F2 D 2B' D' F2 D 2B D' 2R
rubiks-7,W2-4s[UF@L<>UR@F;UF@R<>UR@B]~v02,W2-4s[UF@L<>UR@F;UF@R<>UR@B]~v02#00,W2-4s[UF@L<>UR@F;UF@R<>UR@B],W2-4s[UF@L<>UR@F;UF@R<>UR@B],W2-4s[UF@L<>UR@F;UF@R<>UR@B],4,0,18,1,2R' F2 D 2B' D' F2 D 2B D' F2 D' 2F2 D F2 D' 2F2 D 2R
rubiks-7,W2-4s[UL@B<>UL@F;UR@B<>UR@F]~v01,W2-4s[UL@B<>UL@F;UR@B<>UR@F]~v01#00,W2-4s[UL@B<>UL@F;UR@B<>UR@F]~v01,W2-4s[UL@B<>UL@F;UR@B<>UR@F]~v01,W2-4s[UL@B<>UL@F;UR@B<>UR@F],4,4,12,2,2B L2 2F2 D2 2F D2 2F L2 2B2 U2 2B U2
rubiks-7,W2-4s[UL@B<>UL@F;UR@B<>UR@F]~v02,W2-4s[UL@B<>UL@F;UR@B<>UR@F]~v02#00,W2-4s[UL@B<>UL@F;UR@B<>UR@F]~v02,W2-4s[UL@B<>UL@F;UR@B<>UR@F]~v02,W2-4s[UL@B<>UL@F;UR@B<>UR@F],4,4,12,2,2B L2 2F2 D2 2F D2 2B' L2 2F2 U2 2F' U2
rubiks-7,W2-4s[UL@B<>UR@B;UL@F<>UR@F],W2-4s[UL@B<>UR@B;UL@F<>UR@F]#00,W2-4s[UL@B<>UR@B;UL@F<>UR@F],W2-4s[UL@B<>UR@B;UL@F<>UR@F],W2-4s[UL@B<>UR@B;UL@F<>UR@F],44,4,14,1,R2 2F R2 2B R2 L2 2F 2B' L2 R2 2B R2 2B R2
rubiks-7,W2-4s[UL@B<>UR@F;UL@F<>UR@B]~v01,W2-4s[UL@B<>UR@F;UL@F<>UR@B]~v01#00,W2-4s[UL@B<>UR@F;UL@F<>UR@B]~v01,W2-4s[UL@B<>UR@F;UL@F<>UR@B]~v01,W2-4s[UL@B<>UR@F;UL@F<>UR@B],24,0,7,2,2B2 L2 U2 2B2 U2 L2 2B2
rubiks-7,W2-4s[UL@B<>UR@F;UL@F<>UR@B]~v02,W2-4s[UL@B<>UR@F;UL@F<>UR@B]~v02#00,W2-4s[UL@B<>UR@F;UL@F<>UR@B]~v02,W2-4s[UL@B<>UR@F;UL@F<>UR@B]~v02,W2-4s[UL@B<>UR@F;UL@F<>UR@B],24,0,7,2,2B2 R2 D2 2F2 D2 R2 2B2
rubiks-7,W2-6[BR@D>LB@D>FL@D>BR@U>LB@U>FL@U],W2-6[BR@D>LB@D>FL@D>BR@U>LB@U>FL@U]#00,W2-6[BR@D>LB@D>FL@D>BR@U>LB@U>FL@U],W2-6[BR@D>LB@D>FL@D>BR@U>LB@U>FL@U],W2-6[BR@D>LB@D>FL@D>BR@U>LB@U>FL@U],16,2,22,1,2D L2 2D' 2U L2 F2 R2 2D R2 F2 2D2 B2 2D L2 2U' F2 2D F2 L2 2U B2 2D
rubiks-7,W2-6[BR@D>LB@D>FL@U>BR@U>LB@U>FL@D],W2-6[BR@D>LB@D>FL@U>BR@U>LB@U>FL@D]#00,W2-6[BR@D>LB@D>FL@U>BR@U>LB@U>FL@D],W2-6[BR@D>LB@D>FL@U>BR@U>LB@U>FL@D],W2-6[BR@D>LB@D>FL@U>BR@U>LB@U>FL@D],16,2,18,1,2U2 L2 2U B2 2U B2 L2 2U L2 2U' L2 2U B2 2U2 B2 L2 2U2 L2
rubiks-7,W2-6[BR@D>LB@U>FL@D>BR@U>LB@D>FL@U],W2-6[BR@D>LB@U>FL@D>BR@U>LB@D>FL@U]#00,W2-6[BR@D>LB@U>FL@D>BR@U>LB@D>FL@U],W2-6[BR@D>LB@U>FL@D>BR@U>LB@D>FL@U],W2-6[BR@D>LB@U>FL@D>BR@U>LB@D>FL@U],36,6,16,1,2U2 R2 2D' L2 2U' F2 2D F2 L2 2U B2 2D' 2U2 B2 R2 2U2
rubiks-7,W2-6[BR@D>LB@U>FL@U>BR@U>LB@D>FL@D],W2-6[BR@D>LB@U>FL@U>BR@U>LB@D>FL@D]#00,W2-6[BR@D>LB@U>FL@U>BR@U>LB@D>FL@D],W2-6[BR@D>LB@U>FL@U>BR@U>LB@D>FL@D],W2-6[BR@D>LB@U>FL@U>BR@U>LB@D>FL@D],36,2,21,1,2U 2D' B2 2D 2U' B2 2U2 R2 2D' L2 2U L2 F2 2U F2 2U' F2 2D F2 R2 2U2
rubiks-7,W2-6p[3x2][BR@D>LB@D>FL@D;BR@U>LB@U>FL@U],W2-6p[3x2][BR@D>LB@D>FL@D;BR@U>LB@U>FL@U]#00,W2-6p[3x2][BR@D>LB@D>FL@D;BR@U>LB@U>FL@U],W2-6p[3x2][BR@D>LB@D>FL@D;BR@U>LB@U>FL@U],W2-6p[3x2][BR@D>LB@D>FL@D;BR@U>LB@U>FL@U],6,0,11,1,L' 2F 2B' L' B2 L 2F' 2B L' B2 L2
rubiks-7,W2-6p[3x2][BR@D>LB@D>FL@U;BR@U>LB@U>FL@D],W2-6p[3x2][BR@D>LB@D>FL@U;BR@U>LB@U>FL@D]#00,W2-6p[3x2][BR@D>LB@D>FL@U;BR@U>LB@U>FL@D],W2-6p[3x2][BR@D>LB@D>FL@U;BR@U>LB@U>FL@D],W2-6p[3x2][BR@D>LB@D>FL@U;BR@U>LB@U>FL@D],26,4,10,1,F' 2U' 2D F L2 F' 2U 2D' F L2
rubiks-7,W2-6p[3x2][BR@D>LB@U>FL@D;BR@U>LB@D>FL@U],W2-6p[3x2][BR@D>LB@U>FL@D;BR@U>LB@D>FL@U]#00,W2-6p[3x2][BR@D>LB@U>FL@D;BR@U>LB@D>FL@U],W2-6p[3x2][BR@D>LB@U>FL@D;BR@U>LB@D>FL@U],W2-6p[3x2][BR@D>LB@U>FL@D;BR@U>LB@D>FL@U],26,4,6,1,2U 2D' B2 2U' 2D B2
rubiks-7,W2-6p[3x2][BR@D>LB@U>FL@U;BR@U>LB@D>FL@D],W2-6p[3x2][BR@D>LB@U>FL@U;BR@U>LB@D>FL@D]#00,W2-6p[3x2][BR@D>LB@U>FL@U;BR@U>LB@D>FL@D],W2-6p[3x2][BR@D>LB@U>FL@U;BR@U>LB@D>FL@D],W2-6p[3x2][BR@D>LB@U>FL@U;BR@U>LB@D>FL@D],26,4,10,1,B2 R' 2U 2D' R B2 R' 2U' 2D R
rubiks-7,Wing3-N00,Wing3-N00#00,W2-3[RF@U>UF@L>UL@B]~v01,W2-3[RF@U>UF@L>UL@B]~v01,W2-3[RF@U>UF@L>UL@B],3,0,8,2,U L 2U L' U' L 2U' L'
rubiks-7,Wing3-N00B,Wing3-N00B#00,W2-3[RF@U>UF@L>UL@B]~v02,W2-3[RF@U>UF@L>UL@B]~v02,W2-3[RF@U>UF@L>UL@B],3,0,8,2,R 2B' R' F R 2B R' F'
rubiks-7,Wing3-N01,Wing3-N01#00,W2-3[RF@U>UL@B>UF@L]~v01,W2-3[RF@U>UL@B>UF@L]~v01,W2-3[RF@U>UL@B>UF@L],3,0,8,2,L 2U L' U L 2U' L' U'
rubiks-7,Wing3-N01B,Wing3-N01B#00,W2-3[RF@U>UL@B>UF@L]~v02,W2-3[RF@U>UL@B>UF@L]~v02,W2-3[RF@U>UL@B>UF@L],3,0,8,2,F R 2B' R' F' R 2B R'
rubiks-7,Wing3-N02,Wing3-N02#00,W2-3[RF@D>UL@B>UF@L],W2-3[RF@D>UL@B>UF@L],W2-3[RF@D>UL@B>UF@L],3,2,8,1,L' 2D2 L U L' 2D2 L U'
rubiks-7,Wing3-N03,Wing3-N03#00,W2-3[RF@D>UF@L>UL@B],W2-3[RF@D>UF@L>UL@B],W2-3[RF@D>UF@L>UL@B],3,2,8,1,U L' 2D2 L U' L' 2D2 L
rubiks-7,Wing3-N04,Wing3-N04#00,W2-3[RF@U>UL@F>UF@R],W2-3[RF@U>UL@F>UF@R],W2-3[RF@U>UL@F>UF@R],3,2,8,1,L' 2U2 L U L' 2U2 L U'
rubiks-7,Wing3-N05,Wing3-N05#00,W2-3[RF@U>UF@R>UL@F],W2-3[RF@U>UF@R>UL@F],W2-3[RF@U>UF@R>UL@F],3,2,8,1,U L' 2U2 L U' L' 2U2 L
rubiks-7,Wing3-N06,Wing3-N06#00,W2-3[RF@U>UF@R>UL@B]~v01,W2-3[RF@U>UF@R>UL@B]~v01,W2-3[RF@U>UF@R>UL@B],3,2,11,2,L' B' U2 B' 2U' B U2 B' 2U B2 L
rubiks-7,Wing3-N06B,Wing3-N06B#00,W2-3[RF@U>UF@R>UL@B]~v02,W2-3[RF@U>UF@R>UL@B]~v02,W2-3[RF@U>UF@R>UL@B],3,2,11,2,R' D2 2B D F2 D' 2B' D F2 D R
rubiks-7,Wing3-N07,Wing3-N07#00,W2-3[RF@U>UL@B>UF@R]~v01,W2-3[RF@U>UL@B>UF@R]~v01,W2-3[RF@U>UL@B>UF@R],3,2,11,2,L' B2 2U' B U2 B' 2U B U2 B L
rubiks-7,Wing3-N07B,Wing3-N07B#00,W2-3[RF@U>UL@B>UF@R]~v02,W2-3[RF@U>UL@B>UF@R]~v02,W2-3[RF@U>UL@B>UF@R],3,2,11,2,R' D' F2 D' 2B D F2 D' 2B' D2 R
rubiks-7,Wing3-O00,Wing3-O00#00,W2-3[DR@B>UB@L>FL@U],W2-3[DR@B>UB@L>FL@U],W2-3[DR@B>UB@L>FL@U],3,2,9,1,F' 2L2 F' R F 2L2 F' R' F2
rubiks-7,Wing3-O01,Wing3-O01#00,W2-3[DR@F>UB@R>FL@D],W2-3[DR@F>UB@R>FL@D],W2-3[DR@F>UB@R>FL@D],3,2,9,1,F' 2R2 F' R F 2R2 F' R' F2
rubiks-7,Wing3-O02,Wing3-O02#00,W2-3[DR@B>FL@D>UB@L],W2-3[DR@B>FL@D>UB@L],W2-3[DR@B>FL@D>UB@L],3,2,10,1,D 2L' B' L2 B 2L B' L2 B D'
rubiks-7,Wing3-O03,Wing3-O03#00,W2-3[DR@F>FL@U>UB@R],W2-3[DR@F>FL@U>UB@R],W2-3[DR@F>FL@U>UB@R],3,2,10,1,D 2R B' L2 B 2R' B' L2 B D'
rubiks-7,Wing3-Parallel-I00,Wing3-Parallel-I00#00,W2-3[DB@R>UF@R>UB@R]~v01,W2-3[DB@R>UF@R>UB@R]~v01,W2-3[DB@R>UF@R>UB@R],3,2,9,2,U2 B2 U 2B' U' B2 U 2B U
rubiks-7,Wing3-Parallel-I01,Wing3-Parallel-I01#00,W2-3[DB@R>UB@R>UF@R]~v01,W2-3[DB@R>UB@R>UF@R]~v01,W2-3[DB@R>UB@R>UF@R],3,2,9,2,U' 2B' U' B2 U 2B U' B2 U2
rubiks-7,Wing3-Parallel-I02,Wing3-Parallel-I02#00,W2-3[DB@R>UF@R>UB@R]~v02,W2-3[DB@R>UF@R>UB@R]~v02,W2-3[DB@R>UF@R>UB@R],3,2,9,2,U2 B2 U' 2F' U B2 U' 2F U'
rubiks-7,Wing3-Parallel-I03,Wing3-Parallel-I03#00,W2-3[DB@R>UB@R>UF@R]~v02,W2-3[DB@R>UB@R>UF@R]~v02,W2-3[DB@R>UB@R>UF@R],3,2,9,2,U 2F' U B2 U' 2F U B2 U2
rubiks-7,Wing3-Parallel-J00,Wing3-Parallel-J00#00,W2-3[DB@R>UB@L>UF@L]~v01,W2-3[DB@R>UB@L>UF@L]~v01,W2-3[DB@R>UB@L>UF@L],3,2,8,4,B2 U 2B' U' B2 U 2B U'
rubiks-7,Wing3-Parallel-J01,Wing3-Parallel-J01#00,W2-3[DB@R>UF@L>UB@L]~v01,W2-3[DB@R>UF@L>UB@L]~v01,W2-3[DB@R>UF@L>UB@L],3,2,8,4,U 2B' U' B2 U 2B U' B2
rubiks-7,Wing3-Parallel-J02,Wing3-Parallel-J02#00,W2-3[DB@R>UB@L>UF@L]~v02,W2-3[DB@R>UB@L>UF@L]~v02,W2-3[DB@R>UB@L>UF@L],3,2,8,4,B2 U' 2F' U B2 U' 2F U
rubiks-7,Wing3-Parallel-J03,Wing3-Parallel-J03#00,W2-3[DB@R>UF@L>UB@L]~v02,W2-3[DB@R>UF@L>UB@L]~v02,W2-3[DB@R>UF@L>UB@L],3,2,8,4,U' 2F' U B2 U' 2F U B2
rubiks-7,Wing3-Parallel-J04,Wing3-Parallel-J04#00,W2-3[DB@R>UB@L>UF@L]~v03,W2-3[DB@R>UB@L>UF@L]~v03,W2-3[DB@R>UB@L>UF@L],3,2,9,4,B' 2D F' 2D' B2 2D F 2D' B'
rubiks-7,Wing3-Parallel-J05,Wing3-Parallel-J05#00,W2-3[DB@R>UF@L>UB@L]~v03,W2-3[DB@R>UF@L>UB@L]~v03,W2-3[DB@R>UF@L>UB@L],3,2,9,4,B 2D F' 2D' B2 2D F 2D' B
rubiks-7,Wing3-Parallel-J06,Wing3-Parallel-J06#00,W2-3[DB@R>UB@L>UF@L]~v04,W2-3[DB@R>UB@L>UF@L]~v04,W2-3[DB@R>UB@L>UF@L],3,2,9,4,B 2U F 2U' B2 2U F' 2U' B
rubiks-7,Wing3-Parallel-J07,Wing3-Parallel-J07#00,W2-3[DB@R>UF@L>UB@L]~v04,W2-3[DB@R>UF@L>UB@L]~v04,W2-3[DB@R>UF@L>UB@L],3,2,9,4,B' 2U F 2U' B2 2U F' 2U' B'
rubiks-7,Wing3-Parallel-K00,Wing3-Parallel-K00#00,W2-3[DL@B>UL@F>UR@B]~v01,W2-3[DL@B>UL@F>UR@B]~v01,W2-3[DL@B>UL@F>UR@B],23,0,12,2,2B2 R2 2B R2 2F' L2 2B2 L2 U2 2F U2 2B
rubiks-7,Wing3-Parallel-K01,Wing3-Parallel-K01#00,W2-3[DL@B>UL@F>UR@B]~v02,W2-3[DL@B>UL@F>UR@B]~v02,W2-3[DL@B>UL@F>UR@B],3,0,12,2,2F U2 2F' L2 2F' L2 2F L2 2B L2 2B' U2
rubiks-7,Wing3-Parallel2Plus1-A00,Wing3-Parallel2Plus1-A00#00,W2-3[RF@U>UF@L>UB@L],W2-3[RF@U>UF@L>UB@L],W2-3[RF@U>UF@L>UB@L],3,2,8,1,2U' B' 2U F 2U' B 2U F'
rubiks-7,Wing3-Parallel2Plus1-A01,Wing3-Parallel2Plus1-A01#00,W2-3[FL@D>UF@L>UB@L],W2-3[FL@D>UF@L>UB@L],W2-3[FL@D>UF@L>UB@L],3,2,8,1,2D' B 2D F' 2D' B' 2D F
rubiks-7,Wing3-Parallel2Plus1-A02,Wing3-Parallel2Plus1-A02#00,W2-3[LB@U>UF@L>UB@L],W2-3[LB@U>UF@L>UB@L],W2-3[LB@U>UF@L>UB@L],3,2,9,1,2U B' 2U F 2U' B 2U F' 2U2
rubiks-7,Wing3-Parallel2Plus1-A03,Wing3-Parallel2Plus1-A03#00,W2-3[BR@D>UF@L>UB@L],W2-3[BR@D>UF@L>UB@L],W2-3[BR@D>UF@L>UB@L],3,2,9,1,2D B 2D F' 2D' B' 2D F 2D2
rubiks-7,Wing3-Parallel2Plus1-A04,Wing3-Parallel2Plus1-A04#00,W2-3[RF@U>UB@L>UF@L],W2-3[RF@U>UB@L>UF@L],W2-3[RF@U>UB@L>UF@L],3,2,8,1,F 2U' B' 2U F' 2U' B 2U
rubiks-7,Wing3-Parallel2Plus1-A05,Wing3-Parallel2Plus1-A05#00,W2-3[FL@D>UB@L>UF@L],W2-3[FL@D>UB@L>UF@L],W2-3[FL@D>UB@L>UF@L],3,2,8,1,F' 2D' B 2D F 2D' B' 2D
rubiks-7,Wing3-Parallel2Plus1-A06,Wing3-Parallel2Plus1-A06#00,W2-3[LB@U>UB@L>UF@L],W2-3[LB@U>UB@L>UF@L],W2-3[LB@U>UB@L>UF@L],3,2,9,1,2U2 F 2U' B' 2U F' 2U' B 2U'
rubiks-7,Wing3-Parallel2Plus1-A07,Wing3-Parallel2Plus1-A07#00,W2-3[BR@D>UB@L>UF@L],W2-3[BR@D>UB@L>UF@L],W2-3[BR@D>UB@L>UF@L],3,2,9,1,2D2 F' 2D' B 2D F 2D' B' 2D'
rubiks-7,Wing3-Parallel2Plus1-B00,Wing3-Parallel2Plus1-B00#00,W2-3[RF@U>UF@R>UB@L]~v01,W2-3[RF@U>UF@R>UB@L]~v01,W2-3[RF@U>UF@R>UB@L],3,2,8,2,U2 B' 2U' B U2 B' 2U B
rubiks-7,Wing3-Parallel2Plus1-B00B,Wing3-Parallel2Plus1-B00B#00,W2-3[RF@U>UF@R>UB@L]~v02,W2-3[RF@U>UF@R>UB@L]~v02,W2-3[RF@U>UF@R>UB@L],3,2,9,2,U L' 2U2 L U2 L' 2U2 L U
rubiks-7,Wing3-Parallel2Plus1-B01,Wing3-Parallel2Plus1-B01#00,W2-3[RF@U>UB@L>UF@R]~v01,W2-3[RF@U>UB@L>UF@R]~v01,W2-3[RF@U>UB@L>UF@R],3,2,8,2,B' 2U' B U2 B' 2U B U2
rubiks-7,Wing3-Parallel2Plus1-B01B,Wing3-Parallel2Plus1-B01B#00,W2-3[RF@U>UB@L>UF@R]~v02,W2-3[RF@U>UB@L>UF@R]~v02,W2-3[RF@U>UB@L>UF@R],3,2,9,2,U' L' 2U2 L U2 L' 2U2 L U'
rubiks-7,Wing3-Parallel2Plus1-B02,Wing3-Parallel2Plus1-B02#00,W2-3[FL@D>UF@R>UB@L]~v01,W2-3[FL@D>UF@R>UB@L]~v01,W2-3[FL@D>UF@R>UB@L],3,0,8,2,U2 B 2D' B' U2 B 2D B'
rubiks-7,Wing3-Parallel2Plus1-B02B,Wing3-Parallel2Plus1-B02B#00,W2-3[FL@D>UF@R>UB@L]~v02,W2-3[FL@D>UF@R>UB@L]~v02,W2-3[FL@D>UF@R>UB@L],3,0,9,2,U' R 2D2 R' U2 R 2D2 R' U'
rubiks-7,Wing3-Parallel2Plus1-B03,Wing3-Parallel2Plus1-B03#00,W2-3[FL@D>UB@L>UF@R]~v01,W2-3[FL@D>UB@L>UF@R]~v01,W2-3[FL@D>UB@L>UF@R],3,0,8,2,B 2D' B' U2 B 2D B' U2
rubiks-7,Wing3-Parallel2Plus1-B03B,Wing3-Parallel2Plus1-B03B#00,W2-3[FL@D>UB@L>UF@R]~v02,W2-3[FL@D>UB@L>UF@R]~v02,W2-3[FL@D>UB@L>UF@R],3,0,9,2,U R 2D2 R' U2 R 2D2 R' U
rubiks-7,Wing3-Parallel2Plus1-B04,Wing3-Parallel2Plus1-B04#00,W2-3[RF@D>UF@R>UB@L]~v01,W2-3[RF@D>UF@R>UB@L]~v01,W2-3[RF@D>UF@R>UB@L],3,0,8,2,U2 B 2D2 B' U2 B 2D2 B'
rubiks-7,Wing3-Parallel2Plus1-B04B,Wing3-Parallel2Plus1-B04B#00,W2-3[RF@D>UF@R>UB@L]~v02,W2-3[RF@D>UF@R>UB@L]~v02,W2-3[RF@D>UF@R>UB@L],3,0,9,2,U L 2D' L' U2 L 2D L' U
rubiks-7,Wing3-Parallel2Plus1-B05,Wing3-Parallel2Plus1-B05#00,W2-3[RF@D>UB@L>UF@R]~v01,W2-3[RF@D>UB@L>UF@R]~v01,W2-3[RF@D>UB@L>UF@R],3,0,8,2,B 2D2 B' U2 B 2D2 B' U2
rubiks-7,Wing3-Parallel2Plus1-B05B,Wing3-Parallel2Plus1-B05B#00,W2-3[RF@D>UB@L>UF@R]~v02,W2-3[RF@D>UB@L>UF@R]~v02,W2-3[RF@D>UB@L>UF@R],3,0,9,2,U' L 2D' L' U2 L 2D L' U'
rubiks-7,Wing3-Parallel2Plus1-B06,Wing3-Parallel2Plus1-B06#00,W2-3[FL@U>UF@R>UB@L]~v01,W2-3[FL@U>UF@R>UB@L]~v01,W2-3[FL@U>UF@R>UB@L],3,2,8,2,U2 B' 2U2 B U2 B' 2U2 B
rubiks-7,Wing3-Parallel2Plus1-B06B,Wing3-Parallel2Plus1-B06B#00,W2-3[FL@U>UF@R>UB@L]~v02,W2-3[FL@U>UF@R>UB@L]~v02,W2-3[FL@U>UF@R>UB@L],3,2,9,2,U' R' 2U' R U2 R' 2U R U'
rubiks-7,Wing3-Parallel2Plus1-B07,Wing3-Parallel2Plus1-B07#00,W2-3[FL@U>UB@L>UF@R]~v01,W2-3[FL@U>UB@L>UF@R]~v01,W2-3[FL@U>UB@L>UF@R],3,2,8,2,B' 2U2 B U2 B' 2U2 B U2
rubiks-7,Wing3-Parallel2Plus1-B07B,Wing3-Parallel2Plus1-B07B#00,W2-3[FL@U>UB@L>UF@R]~v02,W2-3[FL@U>UB@L>UF@R]~v02,W2-3[FL@U>UB@L>UF@R],3,2,9,2,U R' 2U' R U2 R' 2U R U
rubiks-7,Wing3-Parallel2Plus1-I00,Wing3-Parallel2Plus1-I00#00,W2-3[DF@L>FL@U>UB@L]~v01,W2-3[DF@L>FL@U>UB@L]~v01,W2-3[DF@L>FL@U>UB@L],3,2,8,2,B L2 B' 2L2 B L2 B' 2L2
rubiks-7,Wing3-Parallel2Plus1-I00C,Wing3-Parallel2Plus1-I00C#00,W2-3[DF@L>FL@U>UB@L]~v02,W2-3[DF@L>FL@U>UB@L]~v02,W2-3[DF@L>FL@U>UB@L],3,2,9,2,B' 2U2 B' D2 B 2U2 B' D2 B2
rubiks-7,Wing3-Parallel2Plus1-I01,Wing3-Parallel2Plus1-I01#00,W2-3[DF@L>UB@L>FL@U]~v01,W2-3[DF@L>UB@L>FL@U]~v01,W2-3[DF@L>UB@L>FL@U],3,2,8,2,2L2 B L2 B' 2L2 B L2 B'
rubiks-7,Wing3-Parallel2Plus1-I01C,Wing3-Parallel2Plus1-I01C#00,W2-3[DF@L>UB@L>FL@U]~v02,W2-3[DF@L>UB@L>FL@U]~v02,W2-3[DF@L>UB@L>FL@U],3,2,9,2,B2 D2 B 2U2 B' D2 B 2U2 B
rubiks-7,Wing3-Parallel2Plus1-I02,Wing3-Parallel2Plus1-I02#00,W2-3[DF@L>RF@D>UB@L]~v01,W2-3[DF@L>RF@D>UB@L]~v01,W2-3[DF@L>RF@D>UB@L],3,0,8,2,B' R2 B 2L2 B' R2 B 2L2
rubiks-7,Wing3-Parallel2Plus1-I02C,Wing3-Parallel2Plus1-I02C#00,W2-3[DF@L>RF@D>UB@L]~v02,W2-3[DF@L>RF@D>UB@L]~v02,W2-3[DF@L>RF@D>UB@L],3,0,9,2,B 2D2 B D2 B' 2D2 B D2 B2
rubiks-7,Wing3-Parallel2Plus1-I03,Wing3-Parallel2Plus1-I03#00,W2-3[DF@L>UB@L>RF@D]~v01,W2-3[DF@L>UB@L>RF@D]~v01,W2-3[DF@L>UB@L>RF@D],3,0,8,2,2L2 B' R2 B 2L2 B' R2 B
rubiks-7,Wing3-Parallel2Plus1-I03C,Wing3-Parallel2Plus1-I03C#00,W2-3[DF@L>UB@L>RF@D]~v02,W2-3[DF@L>UB@L>RF@D]~v02,W2-3[DF@L>UB@L>RF@D],3,0,9,2,B2 D2 B' 2D2 B D2 B' 2D2 B'
rubiks-7,Wing3-Parallel2Plus1-I04,Wing3-Parallel2Plus1-I04#00,W2-3[DF@L>FL@D>UB@L]~v01,W2-3[DF@L>FL@D>UB@L]~v01,W2-3[DF@L>FL@D>UB@L],3,0,8,3,U' L' U 2L2 U' L U 2L2
rubiks-7,Wing3-Parallel2Plus1-I04B,Wing3-Parallel2Plus1-I04B#00,W2-3[DF@L>FL@D>UB@L]~v02,W2-3[DF@L>FL@D>UB@L]~v02,W2-3[DF@L>FL@D>UB@L],3,0,8,3,2L2 D' L D 2L2 D' L' D
rubiks-7,Wing3-Parallel2Plus1-I04C,Wing3-Parallel2Plus1-I04C#00,W2-3[DF@L>FL@D>UB@L]~v03,W2-3[DF@L>FL@D>UB@L]~v03,W2-3[DF@L>FL@D>UB@L],3,0,9,3,B 2D' B D2 B' 2D B D2 B2
rubiks-7,Wing3-Parallel2Plus1-I05,Wing3-Parallel2Plus1-I05#00,W2-3[DF@L>UB@L>FL@D]~v01,W2-3[DF@L>UB@L>FL@D]~v01,W2-3[DF@L>UB@L>FL@D],3,0,8,3,2L2 U' L' U 2L2 U' L U
rubiks-7,Wing3-Parallel2Plus1-I05B,Wing3-Parallel2Plus1-I05B#00,W2-3[DF@L>UB@L>FL@D]~v02,W2-3[DF@L>UB@L>FL@D]~v02,W2-3[DF@L>UB@L>FL@D],3,0,8,3,D' L D 2L2 D' L' D 2L2
rubiks-7,Wing3-Parallel2Plus1-I05C,Wing3-Parallel2Plus1-I05C#00,W2-3[DF@L>UB@L>FL@D]~v03,W2-3[DF@L>UB@L>FL@D]~v03,W2-3[DF@L>UB@L>FL@D],3,0,9,3,B2 D2 B' 2D' B D2 B' 2D B'
rubiks-7,Wing3-Parallel2Plus1-I06,Wing3-Parallel2Plus1-I06#00,W2-3[DF@L>RF@U>UB@L]~v01,W2-3[DF@L>RF@U>UB@L]~v01,W2-3[DF@L>RF@U>UB@L],3,2,8,3,U R U' 2L2 U R' U' 2L2
rubiks-7,Wing3-Parallel2Plus1-I06B,Wing3-Parallel2Plus1-I06B#00,W2-3[DF@L>RF@U>UB@L]~v02,W2-3[DF@L>RF@U>UB@L]~v02,W2-3[DF@L>RF@U>UB@L],3,2,8,3,2L2 D R' D' 2L2 D R D'
rubiks-7,Wing3-Parallel2Plus1-I06C,Wing3-Parallel2Plus1-I06C#00,W2-3[DF@L>RF@U>UB@L]~v03,W2-3[DF@L>RF@U>UB@L]~v03,W2-3[DF@L>RF@U>UB@L],3,2,9,3,B' 2U' B' D2 B 2U B' D2 B2
rubiks-7,Wing3-Parallel2Plus1-I07,Wing3-Parallel2Plus1-I07#00,W2-3[DF@L>UB@L>RF@U]~v01,W2-3[DF@L>UB@L>RF@U]~v01,W2-3[DF@L>UB@L>RF@U],3,2,8,3,2L2 U R U' 2L2 U R' U'
rubiks-7,Wing3-Parallel2Plus1-I07B,Wing3-Parallel2Plus1-I07B#00,W2-3[DF@L>UB@L>RF@U]~v02,W2-3[DF@L>UB@L>RF@U]~v02,W2-3[DF@L>UB@L>RF@U],3,2,8,3,D R' D' 2L2 D R D' 2L2
rubiks-7,Wing3-Parallel2Plus1-I07C,Wing3-Parallel2Plus1-I07C#00,W2-3[DF@L>UB@L>RF@U]~v03,W2-3[DF@L>UB@L>RF@U]~v03,W2-3[DF@L>UB@L>RF@U],3,2,9,3,B2 D2 B 2U' B' D2 B 2U B
rubiks-7,Wing3-Parallel2Plus1-J00,Wing3-Parallel2Plus1-J00#00,W2-3[DB@L>FL@U>UF@R],W2-3[DB@L>FL@U>UF@R],W2-3[DB@L>FL@U>UF@R],3,2,8,1,2U B' 2U' F' 2U B 2U' F
rubiks-7,Wing3-Parallel2Plus1-J01,Wing3-Parallel2Plus1-J01#00,W2-3[DB@L>RF@D>UF@R],W2-3[DB@L>RF@D>UF@R],W2-3[DB@L>RF@D>UF@R],3,2,8,1,2D B 2D' F 2D B' 2D' F'
rubiks-7,Wing3-Parallel2Plus1-J02,Wing3-Parallel2Plus1-J02#00,W2-3[BR@U>UF@R>DB@L],W2-3[BR@U>UF@R>DB@L],W2-3[BR@U>UF@R>DB@L],3,2,9,1,2U' B' 2U' F' 2U B 2U' F 2U2
rubiks-7,Wing3-Parallel2Plus1-J03,Wing3-Parallel2Plus1-J03#00,W2-3[DB@L>LB@D>UF@R],W2-3[DB@L>LB@D>UF@R],W2-3[DB@L>LB@D>UF@R],3,2,9,1,2D' B 2D' F 2D B' 2D' F' 2D2
rubiks-7,Wing3-Parallel2Plus1-J04,Wing3-Parallel2Plus1-J04#00,W2-3[DB@L>UF@R>FL@U],W2-3[DB@L>UF@R>FL@U],W2-3[DB@L>UF@R>FL@U],3,2,8,1,F' 2U B' 2U' F 2U B 2U'
rubiks-7,Wing3-Parallel2Plus1-J05,Wing3-Parallel2Plus1-J05#00,W2-3[DB@L>UF@R>RF@D],W2-3[DB@L>UF@R>RF@D],W2-3[DB@L>UF@R>RF@D],3,2,8,1,F 2D B 2D' F' 2D B' 2D'
rubiks-7,Wing3-Parallel2Plus1-J06,Wing3-Parallel2Plus1-J06#00,W2-3[BR@U>DB@L>UF@R],W2-3[BR@U>DB@L>UF@R],W2-3[BR@U>DB@L>UF@R],3,2,9,1,2U2 F' 2U B' 2U' F 2U B 2U
rubiks-7,Wing3-Parallel2Plus1-J07,Wing3-Parallel2Plus1-J07#00,W2-3[DB@L>UF@R>LB@D],W2-3[DB@L>UF@R>LB@D],W2-3[DB@L>UF@R>LB@D],3,2,9,1,2D2 F 2D B 2D' F' 2D B' 2D
rubiks-7,Wing3-Q00,Wing3-Q00#00,W2-3[DL@F>RF@U>UF@L]~v01,W2-3[DL@F>RF@U>UF@L]~v01,W2-3[DL@F>RF@U>UF@L],3,0,8,2,R' 2F' R F R' 2F R F'
rubiks-7,Wing3-Q00B,Wing3-Q00B#00,W2-3[DL@F>RF@U>UF@L]~v02,W2-3[DL@F>RF@U>UF@L]~v02,W2-3[DL@F>RF@U>UF@L],3,0,8,2,F' U' 2F2 U F U' 2F2 U
rubiks-7,Wing3-Q01,Wing3-Q01#00,W2-3[DL@F>UF@L>RF@U]~v01,W2-3[DL@F>UF@L>RF@U]~v01,W2-3[DL@F>UF@L>RF@U],3,0,8,2,F R' 2F' R F' R' 2F R
rubiks-7,Wing3-Q01B,Wing3-Q01B#00,W2-3[DL@F>UF@L>RF@U]~v02,W2-3[DL@F>UF@L>RF@U]~v02,W2-3[DL@F>UF@L>RF@U],3,0,8,2,U' 2F2 U F' U' 2F2 U F
rubiks-7,Wing3-Q02,Wing3-Q02#00,W2-3[DR@B>FL@D>UF@L]~v01,W2-3[DR@B>FL@D>UF@L]~v01,W2-3[DR@B>FL@D>UF@L],3,2,8,2,L 2B' L' F' L 2B L' F
rubiks-7,Wing3-Q02B,Wing3-Q02B#00,W2-3[DR@B>FL@D>UF@L]~v02,W2-3[DR@B>FL@D>UF@L]~v02,W2-3[DR@B>FL@D>UF@L],3,2,8,2,F U 2B2 U' F' U 2B2 U'
rubiks-7,Wing3-Q03,Wing3-Q03#00,W2-3[DR@B>UF@L>FL@D]~v01,W2-3[DR@B>UF@L>FL@D]~v01,W2-3[DR@B>UF@L>FL@D],3,2,8,2,F' L 2B' L' F L 2B L'
rubiks-7,Wing3-Q03B,Wing3-Q03B#00,W2-3[DR@B>UF@L>FL@D]~v02,W2-3[DR@B>UF@L>FL@D]~v02,W2-3[DR@B>UF@L>FL@D],3,2,8,2,U 2B2 U' F U 2B2 U' F'
rubiks-7,Wing3-Q04,Wing3-Q04#00,W2-3[DL@F>UF@L>RF@D],W2-3[DL@F>UF@L>RF@D],W2-3[DL@F>UF@L>RF@D],3,2,9,1,L 2D2 L U L' 2D2 L U' L2
rubiks-7,Wing3-Q05,Wing3-Q05#00,W2-3[DR@B>UF@L>FL@U],W2-3[DR@B>UF@L>FL@U],W2-3[DR@B>UF@L>FL@U],3,0,9,1,R' 2U2 R' U' R 2U2 R' U R2
rubiks-7,Wing3-Q06,Wing3-Q06#00,W2-3[DL@F>RF@U>UF@R],W2-3[DL@F>RF@U>UF@R],W2-3[DL@F>RF@U>UF@R],3,2,10,1,R' 2F' D' F2 D 2F D' F2 D R
rubiks-7,Wing3-Q07,Wing3-Q07#00,W2-3[DR@B>FL@D>UF@R],W2-3[DR@B>FL@D>UF@R],W2-3[DR@B>FL@D>UF@R],3,2,10,1,L 2B' D F2 D' 2B D F2 D' L'
rubiks-7,Wing3-SameEdgePairPlus1-K00,Wing3-SameEdgePairPlus1-K00#00,W2-3[RF@U>UF@L>UF@R],W2-3[RF@U>UF@L>UF@R],W2-3[RF@U>UF@L>UF@R],3,2,10,1,2R2 2U' B 2U F 2U' B' 2U F' 2R2
rubiks-7,Wing3-SameEdgePairPlus1-K01,Wing3-SameEdgePairPlus1-K01#00,W2-3[FL@D>UF@L>UF@R],W2-3[FL@D>UF@L>UF@R],W2-3[FL@D>UF@L>UF@R],3,2,10,1,2R2 2D' B' 2D F' 2D' B 2D F 2R2
rubiks-7,Wing3-SameEdgePairPlus1-K02,Wing3-SameEdgePairPlus1-K02#00,W2-3[RF@U>UF@R>UF@L],W2-3[RF@U>UF@R>UF@L],W2-3[RF@U>UF@R>UF@L],3,2,10,1,2R2 F 2U' B 2U F' 2U' B' 2U 2R2
rubiks-7,Wing3-SameEdgePairPlus1-K03,Wing3-SameEdgePairPlus1-K03#00,W2-3[FL@D>UF@R>UF@L],W2-3[FL@D>UF@R>UF@L],W2-3[FL@D>UF@R>UF@L],3,2,10,1,2R2 F' 2D' B' 2D F 2D' B 2D 2R2
rubiks-7,Wing3-SameEdgePairPlus1-K04,Wing3-SameEdgePairPlus1-K04#00,W2-3[FL@D>UB@R>UB@L],W2-3[FL@D>UB@R>UB@L],W2-3[FL@D>UB@R>UB@L],3,2,10,1,2R2 2D' B 2D F 2D' B' 2D F' 2R2
rubiks-7,Wing3-SameEdgePairPlus1-K05,Wing3-SameEdgePairPlus1-K05#00,W2-3[RF@U>UB@R>UB@L],W2-3[RF@U>UB@R>UB@L],W2-3[RF@U>UB@R>UB@L],3,2,10,1,2R2 2U' B' 2U F' 2U' B 2U F 2R2
rubiks-7,Wing3-SameEdgePairPlus1-K06,Wing3-SameEdgePairPlus1-K06#00,W2-3[FL@D>UB@L>UB@R],W2-3[FL@D>UB@L>UB@R],W2-3[FL@D>UB@L>UB@R],3,2,10,1,2R2 F 2D' B 2D F' 2D' B' 2D 2R2
rubiks-7,Wing3-SameEdgePairPlus1-K07,Wing3-SameEdgePairPlus1-K07#00,W2-3[RF@U>UB@L>UB@R],W2-3[RF@U>UB@L>UB@R],W2-3[RF@U>UB@L>UB@R],3,2,10,1,2R2 F' 2U' B' 2U F 2U' B 2U 2R2
rubiks-7,Wing3-U00,Wing3-U00#00,W2-3[UB@L>UF@L>UR@F],W2-3[UB@L>UF@L>UR@F],W2-3[UB@L>UF@L>UR@F],3,2,8,1,B' R B 2L' B' R' B 2L
rubiks-7,Wing3-U01,Wing3-U01#00,W2-3[UB@L>UR@F>UF@L],W2-3[UB@L>UR@F>UF@L],W2-3[UB@L>UR@F>UF@L],3,2,8,1,2L' B' R B 2L B' R' B
rubiks-7,Wing3-U02,Wing3-U02#00,W2-3[UB@L>UF@L>UL@B],W2-3[UB@L>UF@L>UL@B],W2-3[UB@L>UF@L>UL@B],3,2,8,1,B L' B' 2L' B L B' 2L
rubiks-7,Wing3-U03,Wing3-U03#00,W2-3[UB@L>UL@B>UF@L],W2-3[UB@L>UL@B>UF@L],W2-3[UB@L>UL@B>UF@L],3,2,8,1,2L' B L' B' 2L B L B'
rubiks-7,Wing3-U04,Wing3-U04#00,W2-3[UB@L>UF@R>UL@F]~v01,W2-3[UB@L>UF@R>UL@F]~v01,W2-3[UB@L>UF@R>UL@F],3,0,10,2,L' U2 F' 2U' F U2 F' 2U F L
rubiks-7,Wing3-U04B,Wing3-U04B#00,W2-3[UB@L>UF@R>UL@F]~v02,W2-3[UB@L>UF@R>UL@F]~v02,W2-3[UB@L>UF@R>UL@F],3,0,10,2,L B 2D' B' U2 B 2D B' U2 L'
rubiks-7,Wing3-U05,Wing3-U05#00,W2-3[UB@L>UL@F>UF@R]~v01,W2-3[UB@L>UL@F>UF@R]~v01,W2-3[UB@L>UL@F>UF@R],3,0,10,2,L U2 B 2D' B' U2 B 2D B' L'
rubiks-7,Wing3-U05B,Wing3-U05B#00,W2-3[UB@L>UL@F>UF@R]~v02,W2-3[UB@L>UL@F>UF@R]~v02,W2-3[UB@L>UL@F>UF@R],3,0,10,2,L' F' 2U' F U2 F' 2U F U2 L
rubiks-7,Wing3-U06,Wing3-U06#00,W2-3[UB@L>UL@B>UF@R]~v01,W2-3[UB@L>UL@B>UF@R]~v01,W2-3[UB@L>UL@B>UF@R],3,2,10,2,L U2 B' 2U2 B U2 B' 2U2 B L'
rubiks-7,Wing3-U06B,Wing3-U06B#00,W2-3[UB@L>UL@B>UF@R]~v02,W2-3[UB@L>UL@B>UF@R]~v02,W2-3[UB@L>UL@B>UF@R],3,2,10,2,L' F 2D2 F' U2 F 2D2 F' U2 L
rubiks-7,Wing3-U07,Wing3-U07#00,W2-3[UB@L>UF@R>UL@B]~v01,W2-3[UB@L>UF@R>UL@B]~v01,W2-3[UB@L>UF@R>UL@B],3,2,10,2,L' U2 F 2D2 F' U2 F 2D2 F' L
rubiks-7,Wing3-U07B,Wing3-U07B#00,W2-3[UB@L>UF@R>UL@B]~v02,W2-3[UB@L>UF@R>UL@B]~v02,W2-3[UB@L>UF@R>UL@B],3,2,10,2,L B' 2U2 B U2 B' 2U2 B U2 L'
rubiks-7,Wing3-V00,Wing3-V00#00,W2-3[DR@F>UF@L>UB@L],W2-3[DR@F>UF@L>UB@L],W2-3[DR@F>UF@L>UB@L],3,2,8,1,F R F' 2L F R' F' 2L'
rubiks-7,Wing3-V01,Wing3-V01#00,W2-3[DR@F>UB@L>UF@L],W2-3[DR@F>UB@L>UF@L],W2-3[DR@F>UB@L>UF@L],3,2,8,1,2L F R F' 2L' F R' F'
rubiks-7,Wing3-V02,Wing3-V02#00,W2-3[DL@B>UF@L>UB@L],W2-3[DL@B>UF@L>UB@L],W2-3[DL@B>UF@L>UB@L],3,2,8,1,F' L' F 2L F' L F 2L'
rubiks-7,Wing3-V03,Wing3-V03#00,W2-3[DL@B>UB@L>UF@L],W2-3[DL@B>UB@L>UF@L],W2-3[DL@B>UB@L>UF@L],3,2,8,1,2L F' L' F 2L' F' L F
rubiks-7,Wing3-V04,Wing3-V04#00,W2-3[DL@B>UB@L>UF@R]~v01,W2-3[DL@B>UB@L>UF@R]~v01,W2-3[DL@B>UB@L>UF@R],3,0,10,2,L U2 F' 2U' F U2 F' 2U F L'
rubiks-7,Wing3-V04B,Wing3-V04B#00,W2-3[DL@B>UB@L>UF@R]~v02,W2-3[DL@B>UB@L>UF@R]~v02,W2-3[DL@B>UB@L>UF@R],3,0,10,2,L' B 2D' B' U2 B 2D B' U2 L
rubiks-7,Wing3-V05,Wing3-V05#00,W2-3[DL@B>UF@R>UB@L]~v01,W2-3[DL@B>UF@R>UB@L]~v01,W2-3[DL@B>UF@R>UB@L],3,0,10,2,L' U2 B 2D' B' U2 B 2D B' L
rubiks-7,Wing3-V05B,Wing3-V05B#00,W2-3[DL@B>UF@R>UB@L]~v02,W2-3[DL@B>UF@R>UB@L]~v02,W2-3[DL@B>UF@R>UB@L],3,0,10,2,L F' 2U' F U2 F' 2U F U2 L'
rubiks-7,Wing3-V06,Wing3-V06#00,W2-3[DL@F>UF@R>UB@L]~v01,W2-3[DL@F>UF@R>UB@L]~v01,W2-3[DL@F>UF@R>UB@L],3,2,10,2,L' U2 B' 2U2 B U2 B' 2U2 B L
rubiks-7,Wing3-V06B,Wing3-V06B#00,W2-3[DL@F>UF@R>UB@L]~v02,W2-3[DL@F>UF@R>UB@L]~v02,W2-3[DL@F>UF@R>UB@L],3,2,10,2,L F 2D2 F' U2 F 2D2 F' U2 L'
rubiks-7,Wing3-V07,Wing3-V07#00,W2-3[DL@F>UB@L>UF@R]~v01,W2-3[DL@F>UB@L>UF@R]~v01,W2-3[DL@F>UB@L>UF@R],3,2,10,2,L U2 F 2D2 F' U2 F 2D2 F' L'
rubiks-7,Wing3-V07B,Wing3-V07B#00,W2-3[DL@F>UB@L>UF@R]~v02,W2-3[DL@F>UB@L>UF@R]~v02,W2-3[DL@F>UB@L>UF@R],3,2,10,2,L' B' 2U2 B U2 B' 2U2 B U2 L
rubiks-7,Wing3-Y00,Wing3-Y00#00,W2-3[RF@U>UR@B>UF@L]~v01,W2-3[RF@U>UR@B>UF@L]~v01,W2-3[RF@U>UR@B>UF@L],3,2,9,3,R' D' 2L D R' D' 2L' D R2
rubiks-7,Wing3-Y00B,Wing3-Y00B#00,W2-3[RF@U>UR@B>UF@L]~v02,W2-3[RF@U>UR@B>UF@L]~v02,W2-3[RF@U>UR@B>UF@L],3,2,9,3,F' L 2B2 L' F' L 2B2 L' F2
rubiks-7,Wing3-Y00C,Wing3-Y00C#00,W2-3[RF@U>UR@B>UF@L]~v03,W2-3[RF@U>UR@B>UF@L]~v03,W2-3[RF@U>UR@B>UF@L],3,2,9,3,R2 B' 2L2 B R' B' 2L2 B R'
rubiks-7,Wing3-Y01,Wing3-Y01#00,W2-3[RF@D>UR@F>UF@R]~v01,W2-3[RF@D>UR@F>UF@R]~v01,W2-3[RF@D>UR@F>UF@R],3,2,9,3,R' D' 2R' D R' D' 2R D R2
rubiks-7,Wing3-Y01B,Wing3-Y01B#00,W2-3[RF@D>UR@F>UF@R]~v02,W2-3[RF@D>UR@F>UF@R]~v02,W2-3[RF@D>UR@F>UF@R],3,2,9,3,F' L 2F2 L' F' L 2F2 L' F2
rubiks-7,Wing3-Y01C,Wing3-Y01C#00,W2-3[RF@D>UR@F>UF@R]~v03,W2-3[RF@D>UR@F>UF@R]~v03,W2-3[RF@D>UR@F>UF@R],3,2,9,3,R2 B' 2R2 B R' B' 2R2 B R'
rubiks-7,Wing3-Y02,Wing3-Y02#00,W2-3[RF@U>UF@R>UR@F],W2-3[RF@U>UF@R>UR@F],W2-3[RF@U>UF@R>UR@F],3,2,10,1,R U F' 2U2 F U' F' 2U2 F R'
rubiks-7,Wing3-Y03,Wing3-Y03#00,W2-3[RF@D>UF@L>UR@B],W2-3[RF@D>UF@L>UR@B],W2-3[RF@D>UF@L>UR@B],3,2,10,1,R U F' 2D2 F U' F' 2D2 F R'
rubiks-7,WingParallel6-A,WingParallel6-A#00,W2-6p[3x2][BR@D>LB@U>FL@D;BR@U>LB@D>FL@U],W2-6p[3x2][BR@D>LB@U>FL@D;BR@U>LB@D>FL@U],W2-6p[3x2][BR@D>LB@U>FL@D;BR@U>LB@D>FL@U],26,4,6,1,2U 2D' B2 2U' 2D B2
rubiks-7,WingParallel6-B,WingParallel6-B#00,W2-6p[3x2][BR@D>LB@D>FL@U;BR@U>LB@U>FL@D],W2-6p[3x2][BR@D>LB@D>FL@U;BR@U>LB@U>FL@D],W2-6p[3x2][BR@D>LB@D>FL@U;BR@U>LB@U>FL@D],26,4,10,1,F' 2U' 2D F L2 F' 2U 2D' F L2
rubiks-7,WingParallel6-C,WingParallel6-C#00,W2-6p[3x2][BR@D>LB@D>FL@D;BR@U>LB@U>FL@U],W2-6p[3x2][BR@D>LB@D>FL@D;BR@U>LB@U>FL@U],W2-6p[3x2][BR@D>LB@D>FL@D;BR@U>LB@U>FL@U],6,0,11,1,L' 2F 2B' L' B2 L 2F' 2B L' B2 L2
rubiks-7,WingParallel6-D,WingParallel6-D#00,W2-6p[3x2][BR@D>LB@U>FL@U;BR@U>LB@D>FL@D],W2-6p[3x2][BR@D>LB@U>FL@U;BR@U>LB@D>FL@D],W2-6p[3x2][BR@D>LB@U>FL@U;BR@U>LB@D>FL@D],26,4,10,1,B2 R' 2U 2D' R B2 R' 2U' 2D R
rubiks-7,WingParallel6-E,WingParallel6-E#00,W2-6[BR@D>LB@U>FL@D>BR@U>LB@D>FL@U],W2-6[BR@D>LB@U>FL@D>BR@U>LB@D>FL@U],W2-6[BR@D>LB@U>FL@D>BR@U>LB@D>FL@U],36,6,16,1,2U2 R2 2D' L2 2U' F2 2D F2 L2 2U B2 2D' 2U2 B2 R2 2U2
rubiks-7,WingParallel6-F,WingParallel6-F#00,W2-6[BR@D>LB@D>FL@U>BR@U>LB@U>FL@D],W2-6[BR@D>LB@D>FL@U>BR@U>LB@U>FL@D],W2-6[BR@D>LB@D>FL@U>BR@U>LB@U>FL@D],16,2,18,1,2U2 L2 2U B2 2U B2 L2 2U L2 2U' L2 2U B2 2U2 B2 L2 2U2 L2
rubiks-7,WingParallel6-G,WingParallel6-G#00,W2-6[BR@D>LB@D>FL@D>BR@U>LB@U>FL@U],W2-6[BR@D>LB@D>FL@D>BR@U>LB@U>FL@U],W2-6[BR@D>LB@D>FL@D>BR@U>LB@U>FL@U],16,2,22,1,2D L2 2D' 2U L2 F2 R2 2D R2 F2 2D2 B2 2D L2 2U' F2 2D F2 L2 2U B2 2D
rubiks-7,WingParallel6-H,WingParallel6-H#00,W2-6[BR@D>LB@U>FL@U>BR@U>LB@D>FL@D],W2-6[BR@D>LB@U>FL@U>BR@U>LB@D>FL@D],W2-6[BR@D>LB@U>FL@U>BR@U>LB@D>FL@D],36,2,21,1,2U 2D' B2 2D 2U' B2 2U2 R2 2D' L2 2U L2 F2 2U F2 2U' F2 2D F2 R2 2U2
rubiks-7,WingParallel8-OneOpposite,WingParallel8-OneOpposite#00,W2-8p[4x2]~v01,W2-8p[4x2]~v01,W2-8p[4x2],48,0,8,2,2U F2 B2 2U' 2D B2 F2 2U
rubiks-7,WingParallel8-OneParallel,WingParallel8-OneParallel#00,W2-8p[4x2]~v02,W2-8p[4x2]~v02,W2-8p[4x2],8,0,13,2,2D F2 B2 2D' F2 B2 2D2 L2 R2 2U L2 R2 2D
rubiks-7,WingParallel8-OneTwo,WingParallel8-OneTwo#00,W2-8p[2x2+4],W2-8p[2x2+4],W2-8p[2x2+4],38,0,17,1,2U 2D' F2 B2 2U' 2D B2 2U F2 2U F2 2U F2 2U F2 2U F2
rubiks-7,WingParallel8-TwoTwo,WingParallel8-TwoTwo#00,W2-8s,W2-8s,W2-8s,48,0,8,1,2U 2D' F2 B2 2U' 2D B2 F2
rubiks-7,WingSwapParallel-A0,WingSwapParallel-A0#00,W2-2s[UB@L<>UF@L]~v01,W2-2s[UB@L<>UF@L]~v01,W2-2s[UB@L<>UF@L],12,2,12,4,2R2 U2 2L' U2 2L F2 2R' F2 U2 2R' U2 2R'
rubiks-7,WingSwapParallel-A1,WingSwapParallel-A1#00,W2-2s[UB@L<>UF@L]~v02,W2-2s[UB@L<>UF@L]~v02,W2-2s[UB@L<>UF@L],12,2,12,4,2R2 U2 2R B2 2L' D2 2R D2 B2 2L U2 2R
rubiks-7,WingSwapParallel-A2,WingSwapParallel-A2#00,W2-2s[UB@L<>UF@L]~v03,W2-2s[UB@L<>UF@L]~v03,W2-2s[UB@L<>UF@L],12,2,12,4,2L2 D2 2L D2 2R' D2 2R D2 B2 2R B2 2L
rubiks-7,WingSwapParallel-A3,WingSwapParallel-A3#00,W2-2s[UB@L<>UF@L]~v04,W2-2s[UB@L<>UF@L]~v04,W2-2s[UB@L<>UF@L],12,2,12,4,2L2 D2 2R F2 2R' F2 2L D2 B2 2R B2 2L
rubiks-7,WingSwapParallel-B0,WingSwapParallel-B0#00,W2-2s[UB@L<>UF@R]~v01,W2-2s[UB@L<>UF@R]~v01,W2-2s[UB@L<>UF@R],12,0,14,25,2R2 F2 U2 2R U2 2R2 F2 2R U2 2R2 U2 F2 2R F2
rubiks-7,WingSwapParallel-B1,WingSwapParallel-B1#00,W2-2s[UB@L<>UF@R]~v02,W2-2s[UB@L<>UF@R]~v02,W2-2s[UB@L<>UF@R],12,0,14,25,2L2 F2 U2 2L U2 2L2 F2 2L' U2 2L2 U2 F2 2L' F2
rubiks-7,WingSwapParallel-B2,WingSwapParallel-B2#00,W2-2s[UB@L<>UF@R]~v03,W2-2s[UB@L<>UF@R]~v03,W2-2s[UB@L<>UF@R],12,0,14,25,2L2 F2 D2 2L D2 2L2 F2 2R U2 2L2 U2 F2 2R' F2
rubiks-7,WingSwapParallel-B3,WingSwapParallel-B3#00,W2-2s[UB@L<>UF@R]~v04,W2-2s[UB@L<>UF@R]~v04,W2-2s[UB@L<>UF@R],12,0,14,25,2R2 F2 U2 2L' U2 2L2 F2 2L' U2 2R2 U2 F2 2R F2
rubiks-7,WingSwapParallel-B4,WingSwapParallel-B4#00,W2-2s[UB@L<>UF@R]~v05,W2-2s[UB@L<>UF@R]~v05,W2-2s[UB@L<>UF@R],12,0,14,25,2R2 B2 D2 2L' D2 2L2 B2 2R' U2 2R2 U2 B2 2L' B2
rubiks-7,WingSwapParallel-B5,WingSwapParallel-B5#00,W2-2s[UB@L<>UF@R]~v06,W2-2s[UB@L<>UF@R]~v06,W2-2s[UB@L<>UF@R],32,0,14,25,2L2 B2 D2 2R' D2 2R2 B2 2L U2 2L2 U2 B2 2R B2
rubiks-7,WingSwapParallel-B6,WingSwapParallel-B6#00,W2-2s[UB@L<>UF@R]~v07,W2-2s[UB@L<>UF@R]~v07,W2-2s[UB@L<>UF@R],32,0,15,25,2R2 F2 U2 2R' U2 2R2 F2 2L' 2R2 U2 2L2 U2 B2 2R B2
rubiks-7,WingSwapParallel-B7,WingSwapParallel-B7#00,W2-2s[UB@L<>UF@R]~v08,W2-2s[UB@L<>UF@R]~v08,W2-2s[UB@L<>UF@R],32,0,15,25,2L2 B2 D2 2R2 2L' D2 2L2 B2 2R' U2 2L2 U2 B2 2R B2
rubiks-7,WingSwapParallel-B8,WingSwapParallel-B8#00,W2-2s[UB@L<>UF@R]~v09,W2-2s[UB@L<>UF@R]~v09,W2-2s[UB@L<>UF@R],12,0,15,25,2L2 F2 U2 2L2 2R U2 2R2 F2 2R U2 2L2 U2 F2 2L' F2
rubiks-7,WingSwapParallel-BX00,WingSwapParallel-BX00#00,W2-2s[UB@L<>UF@R]~v10,W2-2s[UB@L<>UF@R]~v10,W2-2s[UB@L<>UF@R],12,0,15,25,2R2 F2 U2 2R U2 F2 2R2 F2 2R' F2 2R 2L F2 2L' F2
rubiks-7,WingSwapParallel-BX01,WingSwapParallel-BX01#00,W2-2s[UB@L<>UF@R]~v11,W2-2s[UB@L<>UF@R]~v11,W2-2s[UB@L<>UF@R],12,0,15,25,2R2 F2 U2 2R U2 F2 2R2 F2 2L F2 2L' 2R' F2 2R F2
rubiks-7,WingSwapParallel-BX02,WingSwapParallel-BX02#00,W2-2s[UB@L<>UF@R]~v12,W2-2s[UB@L<>UF@R]~v12,W2-2s[UB@L<>UF@R],12,0,15,25,2R2 B2 U2 2R U2 B2 2R2 B2 2L U2 2L' 2R' U2 2R B2
rubiks-7,WingSwapParallel-BX03,WingSwapParallel-BX03#00,W2-2s[UB@L<>UF@R]~v13,W2-2s[UB@L<>UF@R]~v13,W2-2s[UB@L<>UF@R],12,0,15,25,2R2 B2 U2 2R U2 B2 2R2 B2 2R' U2 2R 2L U2 2L' B2
rubiks-7,WingSwapParallel-BX04,WingSwapParallel-BX04#00,W2-2s[UB@L<>UF@R]~v14,W2-2s[UB@L<>UF@R]~v14,W2-2s[UB@L<>UF@R],12,0,15,25,2L2 F2 U2 2L U2 F2 2L2 F2 2R' F2 2R 2L F2 2L' F2
rubiks-7,WingSwapParallel-BX05,WingSwapParallel-BX05#00,W2-2s[UB@L<>UF@R]~v15,W2-2s[UB@L<>UF@R]~v15,W2-2s[UB@L<>UF@R],12,0,15,25,2L2 F2 U2 2L U2 F2 2L2 F2 2L F2 2L' 2R' F2 2R F2
rubiks-7,WingSwapParallel-BX06,WingSwapParallel-BX06#00,W2-2s[UB@L<>UF@R]~v16,W2-2s[UB@L<>UF@R]~v16,W2-2s[UB@L<>UF@R],12,0,15,25,2L2 B2 U2 2L U2 B2 2L2 B2 2L U2 2L' 2R' U2 2R B2
rubiks-7,WingSwapParallel-BX07,WingSwapParallel-BX07#00,W2-2s[UB@L<>UF@R]~v17,W2-2s[UB@L<>UF@R]~v17,W2-2s[UB@L<>UF@R],12,0,15,25,2L2 B2 U2 2L U2 B2 2L2 B2 2R' U2 2R 2L U2 2L' B2
rubiks-7,WingSwapParallel-BY00,WingSwapParallel-BY00#00,W2-2s[UB@L<>UF@R]~v18,W2-2s[UB@L<>UF@R]~v18,W2-2s[UB@L<>UF@R],12,0,15,25,2L2 B2 D2 2R D2 B2 2L2 F2 2R U2 2R' 2L' U2 2L F2
rubiks-7,WingSwapParallel-BY01,WingSwapParallel-BY01#00,W2-2s[UB@L<>UF@R]~v19,W2-2s[UB@L<>UF@R]~v19,W2-2s[UB@L<>UF@R],12,0,15,25,2L2 B2 D2 2R D2 B2 2L2 F2 2L' U2 2L 2R U2 2R' F2
rubiks-7,WingSwapParallel-BY02,WingSwapParallel-BY02#00,W2-2s[UB@L<>UF@R]~v20,W2-2s[UB@L<>UF@R]~v20,W2-2s[UB@L<>UF@R],12,0,15,25,2L2 B2 D2 2R D2 B2 2L2 F2 2R' F2 2R 2L F2 2L' F2
rubiks-7,WingSwapParallel-BY03,WingSwapParallel-BY03#00,W2-2s[UB@L<>UF@R]~v21,W2-2s[UB@L<>UF@R]~v21,W2-2s[UB@L<>UF@R],12,0,15,25,2L2 B2 D2 2R D2 B2 2L2 F2 2L F2 2L' 2R' F2 2R F2
rubiks-7,WingSwapParallel-BY04,WingSwapParallel-BY04#00,W2-2s[UB@L<>UF@R]~v22,W2-2s[UB@L<>UF@R]~v22,W2-2s[UB@L<>UF@R],12,0,15,25,2R2 B2 D2 2L D2 B2 2R2 F2 2R U2 2R' 2L' U2 2L F2
rubiks-7,WingSwapParallel-BY05,WingSwapParallel-BY05#00,W2-2s[UB@L<>UF@R]~v23,W2-2s[UB@L<>UF@R]~v23,W2-2s[UB@L<>UF@R],12,0,15,25,2R2 B2 D2 2L D2 B2 2R2 F2 2L' U2 2L 2R U2 2R' F2
rubiks-7,WingSwapParallel-BY06,WingSwapParallel-BY06#00,W2-2s[UB@L<>UF@R]~v24,W2-2s[UB@L<>UF@R]~v24,W2-2s[UB@L<>UF@R],12,0,15,25,2R2 B2 D2 2L D2 B2 2R2 F2 2R' F2 2R 2L F2 2L' F2
rubiks-7,WingSwapParallel-BY07,WingSwapParallel-BY07#00,W2-2s[UB@L<>UF@R]~v25,W2-2s[UB@L<>UF@R]~v25,W2-2s[UB@L<>UF@R],12,0,15,25,2R2 B2 D2 2L D2 B2 2R2 F2 2L F2 2L' 2R' F2 2R F2
rubiks-7,WingSwapParallel-I0,WingSwapParallel-I0#00,W2-2s[DF@L<>UB@L]~v01,W2-2s[DF@L<>UB@L]~v01,W2-2s[DF@L<>UB@L],12,0,15,18,2L B2 2R2 U2 2R U2 2R' 2L' B2 D2 2R' D2 B2 2R2 B2
rubiks-7,WingSwapParallel-I1,WingSwapParallel-I1#00,W2-2s[DF@L<>UB@L]~v02,W2-2s[DF@L<>UB@L]~v02,W2-2s[DF@L<>UB@L],12,0,15,18,2R D2 2L2 F2 2L F2 2L 2R D2 B2 2R B2 D2 2R2 D2
rubiks-7,WingSwapParallel-IX0,WingSwapParallel-IX0#00,W2-2s[DF@L<>UB@L]~v03,W2-2s[DF@L<>UB@L]~v03,W2-2s[DF@L<>UB@L],12,0,15,18,2L F2 2L' 2R' F2 2R F2 2R2 F2 U2 2R' U2 F2 2R2 F2
rubiks-7,WingSwapParallel-IX1,WingSwapParallel-IX1#00,W2-2s[DF@L<>UB@L]~v04,W2-2s[DF@L<>UB@L]~v04,W2-2s[DF@L<>UB@L],12,0,15,18,2R' F2 2R 2L F2 2L' F2 2R2 F2 U2 2R' U2 F2 2R2 F2
rubiks-7,WingSwapParallel-IX2,WingSwapParallel-IX2#00,W2-2s[DF@L<>UB@L]~v05,W2-2s[DF@L<>UB@L]~v05,W2-2s[DF@L<>UB@L],12,0,15,18,2L F2 2L' 2R' F2 2R U2 2R2 U2 F2 2R F2 U2 2R2 U2
rubiks-7,WingSwapParallel-IX3,WingSwapParallel-IX3#00,W2-2s[DF@L<>UB@L]~v06,W2-2s[DF@L<>UB@L]~v06,W2-2s[DF@L<>UB@L],12,0,15,18,2R' F2 2R 2L F2 2L' U2 2R2 U2 F2 2R F2 U2 2R2 U2
rubiks-7,WingSwapParallel-IX4,WingSwapParallel-IX4#00,W2-2s[DF@L<>UB@L]~v07,W2-2s[DF@L<>UB@L]~v07,W2-2s[DF@L<>UB@L],12,0,15,18,2L B2 2L' 2R' B2 2R B2 2L2 B2 D2 2L' D2 B2 2L2 B2
rubiks-7,WingSwapParallel-IX5,WingSwapParallel-IX5#00,W2-2s[DF@L<>UB@L]~v08,W2-2s[DF@L<>UB@L]~v08,W2-2s[DF@L<>UB@L],12,0,15,18,2R' B2 2R 2L B2 2L' B2 2L2 B2 D2 2L' D2 B2 2L2 B2
rubiks-7,WingSwapParallel-IX6,WingSwapParallel-IX6#00,W2-2s[DF@L<>UB@L]~v09,W2-2s[DF@L<>UB@L]~v09,W2-2s[DF@L<>UB@L],12,0,15,18,2L B2 2L' 2R' B2 2R D2 2L2 D2 B2 2L B2 D2 2L2 D2
rubiks-7,WingSwapParallel-IX7,WingSwapParallel-IX7#00,W2-2s[DF@L<>UB@L]~v10,W2-2s[DF@L<>UB@L]~v10,W2-2s[DF@L<>UB@L],12,0,15,18,2R' B2 2R 2L B2 2L' D2 2L2 D2 B2 2L B2 D2 2L2 D2
rubiks-7,WingSwapParallel-IY0,WingSwapParallel-IY0#00,W2-2s[DF@L<>UB@L]~v11,W2-2s[DF@L<>UB@L]~v11,W2-2s[DF@L<>UB@L],12,0,15,18,2L' U2 2L 2R U2 2R' F2 2L2 B2 D2 2R' D2 B2 2L2 F2
rubiks-7,WingSwapParallel-IY1,WingSwapParallel-IY1#00,W2-2s[DF@L<>UB@L]~v12,W2-2s[DF@L<>UB@L]~v12,W2-2s[DF@L<>UB@L],12,0,15,18,2R U2 2R' 2L' U2 2L F2 2L2 B2 D2 2R' D2 B2 2L2 F2
rubiks-7,WingSwapParallel-IY2,WingSwapParallel-IY2#00,W2-2s[DF@L<>UB@L]~v13,W2-2s[DF@L<>UB@L]~v13,W2-2s[DF@L<>UB@L],12,0,15,18,2L F2 2L' 2R' F2 2R F2 2L2 B2 D2 2R' D2 B2 2L2 F2
rubiks-7,WingSwapParallel-IY3,WingSwapParallel-IY3#00,W2-2s[DF@L<>UB@L]~v14,W2-2s[DF@L<>UB@L]~v14,W2-2s[DF@L<>UB@L],12,0,15,18,2R' F2 2R 2L F2 2L' F2 2L2 B2 D2 2R' D2 B2 2L2 F2
rubiks-7,WingSwapParallel-IY4,WingSwapParallel-IY4#00,W2-2s[DF@L<>UB@L]~v15,W2-2s[DF@L<>UB@L]~v15,W2-2s[DF@L<>UB@L],12,0,15,18,2L' U2 2L 2R U2 2R' F2 2R2 B2 D2 2L' D2 B2 2R2 F2
rubiks-7,WingSwapParallel-IY5,WingSwapParallel-IY5#00,W2-2s[DF@L<>UB@L]~v16,W2-2s[DF@L<>UB@L]~v16,W2-2s[DF@L<>UB@L],12,0,15,18,2R U2 2R' 2L' U2 2L F2 2R2 B2 D2 2L' D2 B2 2R2 F2
rubiks-7,WingSwapParallel-IY6,WingSwapParallel-IY6#00,W2-2s[DF@L<>UB@L]~v17,W2-2s[DF@L<>UB@L]~v17,W2-2s[DF@L<>UB@L],12,0,15,18,2L F2 2L' 2R' F2 2R F2 2R2 B2 D2 2L' D2 B2 2R2 F2
rubiks-7,WingSwapParallel-IY7,WingSwapParallel-IY7#00,W2-2s[DF@L<>UB@L]~v18,W2-2s[DF@L<>UB@L]~v18,W2-2s[DF@L<>UB@L],12,0,15,18,2R' F2 2R 2L F2 2L' F2 2R2 B2 D2 2L' D2 B2 2R2 F2
rubiks-7,WingSwapParallel-J0,WingSwapParallel-J0#00,W2-2s[DF@L<>UB@R]~v01,W2-2s[DF@L<>UB@R]~v01,W2-2s[DF@L<>UB@R],12,2,15,2,2L2 D2 B2 2L' B2 2R D2 2R' D2 2L2 B2 2L B2 2L' D2
rubiks-7,WingSwapParallel-J1,WingSwapParallel-J1#00,W2-2s[DF@L<>UB@R]~v02,W2-2s[DF@L<>UB@R]~v02,W2-2s[DF@L<>UB@R],12,2,16,2,2R2 B2 D2 2R' D2 2R2 2L' F2 2L' F2 2L2 D2 2R D2 2R' B2
rubiks-7,WingSwapParallel-K0,WingSwapParallel-K0#00,W2-2s[UF@L<>UF@R]~v01,W2-2s[UF@L<>UF@R]~v01,W2-2s[UF@L<>UF@R],12,2,15,2,2L2 B2 2R' F2 2L F2 U2 2L U2 2L' U2 2R U2 B2 2L2
rubiks-7,WingSwapParallel-K1,WingSwapParallel-K1#00,W2-2s[UF@L<>UF@R]~v02,W2-2s[UF@L<>UF@R]~v02,W2-2s[UF@L<>UF@R],12,2,15,2,2L2 B2 U2 2R' U2 2L U2 2L' U2 F2 2L' F2 2R B2 2L2
rubiks-7,WingSwapSkew-C,WingSwapSkew-C#00,W2-2s[RF@U<>UF@R],W2-2s[RF@U<>UF@R],W2-2s[RF@U<>UF@R],12,2,19,1,2D2 B 2R B' R2 B 2R' B 2D B2 2D2 R2 2U F2 2D2 F2 R2 2U' R2
rubiks-7,WingSwapSkew-D,WingSwapSkew-D#00,W2-2s[RF@D<>UF@L],W2-2s[RF@D<>UF@L],W2-2s[RF@D<>UF@L],12,2,19,1,2U2 B 2L' B' R2 B 2L B 2U' B2 2U2 R2 2D' F2 2U2 F2 R2 2D R2
rubiks-7,WingSwapSkew-Ex,WingSwapSkew-Ex#00,W2-2s[RF@D<>UF@R],W2-2s[RF@D<>UF@R],W2-2s[RF@D<>UF@R],12,0,19,1,2U2 B' 2R2 B R2 B' 2R2 B' 2U' B2 2U2 R2 2D' F2 2U2 F2 R2 2D R2
rubiks-7,WingSwapSkew-Ey,WingSwapSkew-Ey#00,W2-2s[RF@U<>UF@L],W2-2s[RF@U<>UF@L],W2-2s[RF@U<>UF@L],12,0,19,1,2D2 B' 2L2 B R2 B' 2L2 B' 2D B2 2D2 R2 2U F2 2D2 F2 R2 2U' R2
rubiks-7,WingSwapSkew-Fx,WingSwapSkew-Fx#00,W2-2s[FL@U<>UB@R],W2-2s[FL@U<>UB@R],W2-2s[FL@U<>UB@R],12,0,19,1,2U2 F' 2R' F R2 F' 2R F' 2U' F2 2U2 R2 2U F2 2U2 F2 R2 2U R2
rubiks-7,WingSwapSkew-Fy,WingSwapSkew-Fy#00,W2-2s[FL@D<>UB@L],W2-2s[FL@D<>UB@L],W2-2s[FL@D<>UB@L],12,0,19,1,2D2 F' 2L F R2 F' 2L' F' 2D F2 2D2 R2 2D' F2 2D2 F2 R2 2D' R2
rubiks-7,WingSwapSkew-G,WingSwapSkew-G#00,W2-2s[FL@U<>UB@L],W2-2s[FL@U<>UB@L],W2-2s[FL@U<>UB@L],12,2,19,1,2U2 F 2L2 F' R2 F 2L2 F 2U' F2 2U2 R2 2U F2 2U2 F2 R2 2U R2
rubiks-7,WingSwapSkew-H,WingSwapSkew-H#00,W2-2s[FL@D<>UB@R],W2-2s[FL@D<>UB@R],W2-2s[FL@D<>UB@R],12,2,19,1,2D2 F 2R2 F' R2 F 2R2 F 2D F2 2D2 R2 2D' F2 2D2 F2 R2 2D' R2
rubiks-7,X-Center-4A,X-Center-4A#00,CtrX6p[3x2][B@2L.2U>B@2R.2D>D@2R.2F;F@2L.2U>F@2R.2D>U@2R.2F],CtrX6p[3x2][B@2L.2U>B@2R.2D>D@2R.2F;F@2L.2U>F@2R.2D>U@2R.2F],CtrX6p[3x2][B@2L.2U>B@2R.2D>D@2R.2F;F@2L.2U>F@2R.2D>U@2R.2F],6,0,5,1,2R2 2U2 2R' 2U2 2R'
rubiks-7,X-Center-4B,X-Center-4B#00,CtrX6p[3x2][B@2L.2U>D@2R.2F>B@2R.2D;F@2L.2U>U@2R.2F>F@2R.2D],CtrX6p[3x2][B@2L.2U>D@2R.2F>B@2R.2D;F@2L.2U>U@2R.2F>F@2R.2D],CtrX6p[3x2][B@2L.2U>D@2R.2F>B@2R.2D;F@2L.2U>U@2R.2F>F@2R.2D],6,0,5,1,2R 2U2 2R 2U2 2R2
rubiks-7,X-Center-4C,X-Center-4C#00,CtrX6p[3x2][B@2R.2D>B@2R.2U>D@2R.2F;F@2R.2D>F@2R.2U>U@2R.2F],CtrX6p[3x2][B@2R.2D>B@2R.2U>D@2R.2F;F@2R.2D>F@2R.2U>U@2R.2F],CtrX6p[3x2][B@2R.2D>B@2R.2U>D@2R.2F;F@2R.2D>F@2R.2U>U@2R.2F],6,0,6,1,2U 2F 2R 2F' 2R' 2U'
rubiks-7,X-Center-4D,X-Center-4D#00,CtrX6p[3x2][B@2R.2D>D@2R.2B>D@2L.2F;F@2R.2D>U@2R.2B>U@2L.2F]~v01,CtrX6p[3x2][B@2R.2D>D@2R.2B>D@2L.2F;F@2R.2D>U@2R.2B>U@2L.2F]~v01,CtrX6p[3x2][B@2R.2D>D@2R.2B>D@2L.2F;F@2R.2D>U@2R.2B>U@2L.2F],6,0,8,3,2F 2D' 2F2 2D 2F' 2R2 2F2 2R2
rubiks-7,X-Center-4D01,X-Center-4D01#00,CtrX8s~v01,CtrX8s~v01,CtrX8s,8,0,8,8,2D' 2F' 2D2 2F2 2L 2F' 2L' 2D'
rubiks-7,X-Center-4D02,X-Center-4D02#00,CtrX6p[3x2][B@2R.2D>D@2R.2B>D@2L.2F;F@2R.2D>U@2R.2B>U@2L.2F]~v02,CtrX6p[3x2][B@2R.2D>D@2R.2B>D@2L.2F;F@2R.2D>U@2R.2B>U@2L.2F]~v02,CtrX6p[3x2][B@2R.2D>D@2R.2B>D@2L.2F;F@2R.2D>U@2R.2B>U@2L.2F],6,0,8,3,2F' 2D2 2B' 2D2 2F 2D 2B 2D'
rubiks-7,X-Center-4D03,X-Center-4D03#00,CtrX6p[3x2][B@2R.2D>D@2R.2B>D@2L.2F;F@2R.2D>U@2R.2B>U@2L.2F]~v03,CtrX6p[3x2][B@2R.2D>D@2R.2B>D@2L.2F;F@2R.2D>U@2R.2B>U@2L.2F]~v03,CtrX6p[3x2][B@2R.2D>D@2R.2B>D@2L.2F;F@2R.2D>U@2R.2B>U@2L.2F],6,0,8,3,2D' 2F' 2D 2F' 2R2 2F 2R2 2F
rubiks-7,X-Center-4D04,X-Center-4D04#00,CtrX6p[3x2][B@2L.2D>B@2R.2D>D@2L.2F;F@2L.2D>F@2R.2D>U@2L.2F],CtrX6p[3x2][B@2L.2D>B@2R.2D>D@2L.2F;F@2L.2D>F@2R.2D>U@2L.2F],CtrX6p[3x2][B@2L.2D>B@2R.2D>D@2L.2F;F@2L.2D>F@2R.2D>U@2L.2F],6,0,8,1,2F 2L' 2F' 2L 2F' 2D' 2F 2D
rubiks-7,X-Center-4D05,X-Center-4D05#00,CtrX8s~v02,CtrX8s~v02,CtrX8s,8,0,8,8,2F 2D' 2F2 2D 2F' 2L2 2F2 2L2
rubiks-7,X-Center-4WA,X-Center-4WA#00,CtrX6p[3x2][B@2R.2U>U@2R.2F>U@2L.2B;D@2L.2B>F@2R.2U>F@2L.2U],CtrX6p[3x2][B@2R.2U>U@2R.2F>U@2L.2B;D@2L.2B>F@2R.2U>F@2L.2U],CtrX6p[3x2][B@2R.2U>U@2R.2F>U@2L.2B;D@2L.2B>F@2R.2U>F@2L.2U],6,0,8,1,2L 2U2 D 2R 2U2 2R' D' 2L'
rubiks-7,X-Center-4WB,X-Center-4WB#00,CtrX6p[3x2][B@2L.2U>U@2L.2B>B@2R.2U;D@2L.2B>F@2R.2U>D@2R.2F],CtrX6p[3x2][B@2L.2U>U@2L.2B>B@2R.2U;D@2L.2B>F@2R.2U>D@2R.2F],CtrX6p[3x2][B@2L.2U>U@2L.2B>B@2R.2U;D@2L.2B>F@2R.2U>D@2R.2F],6,0,8,1,2L 2U2 U' 2R 2U2 2R' U 2L'
rubiks-7,X-Center-4XA,X-Center-4XA#00,CtrX6p[3x2][B@2R.2D>D@2L.2B>D@2R.2F;F@2R.2D>U@2L.2B>U@2R.2B],CtrX6p[3x2][B@2R.2D>D@2L.2B>D@2R.2F;F@2R.2D>U@2L.2B>U@2R.2B],CtrX6p[3x2][B@2R.2D>D@2L.2B>D@2R.2F;F@2R.2D>U@2L.2B>U@2R.2B],6,0,8,1,2L' U 2R' 2D2 2R U' 2D2 2L
rubiks-7,X-Center-4XB,X-Center-4XB#00,CtrX6p[3x2][B@2R.2D>D@2L.2B>D@2R.2B;F@2R.2D>U@2L.2B>U@2R.2F],CtrX6p[3x2][B@2R.2D>D@2L.2B>D@2R.2B;F@2R.2D>U@2L.2B>U@2R.2F],CtrX6p[3x2][B@2R.2D>D@2L.2B>D@2R.2B;F@2R.2D>U@2L.2B>U@2R.2F],6,0,8,1,2L' D' 2R' 2D2 2R D 2D2 2L
rubiks-7,X-Center-4YA,X-Center-4YA#00,CtrX6p[3x2][B@2R.2U>U@2R.2B>U@2L.2F;D@2R.2B>D@2R.2F>F@2R.2U],CtrX6p[3x2][B@2R.2U>U@2R.2B>U@2L.2F;D@2R.2B>D@2R.2F>F@2R.2U],CtrX6p[3x2][B@2R.2U>U@2R.2B>U@2L.2F;D@2R.2B>D@2R.2F>F@2R.2U],6,0,8,1,2B U' 2R 2U 2R' U 2U' 2B'
rubiks-7,X-Center-4YB,X-Center-4YB#00,CtrX6p[3x2][B@2R.2U>U@2R.2B>U@2R.2F;D@2L.2F>F@2R.2U>D@2R.2B],CtrX6p[3x2][B@2R.2U>U@2R.2B>U@2R.2F;D@2L.2F>F@2R.2U>D@2R.2B],CtrX6p[3x2][B@2R.2U>U@2R.2B>U@2R.2F;D@2L.2F>F@2R.2U>D@2R.2B],6,0,8,1,2B D 2R 2U 2R' D' 2U' 2B'
rubiks-7,X-Center-4YC,X-Center-4YC#00,CtrX6p[3x2][B@2L.2D>B@2R.2U>U@2L.2B;D@2R.2F>F@2L.2D>F@2R.2U],CtrX6p[3x2][B@2L.2D>B@2R.2U>U@2L.2B;D@2R.2F>F@2L.2D>F@2R.2U],CtrX6p[3x2][B@2L.2D>B@2R.2U>U@2L.2B;D@2R.2F>F@2L.2D>F@2R.2U],6,0,7,1,D2 2L 2U2 2L 2U2 2L2 D2
rubiks-7,X-Center-4YD,X-Center-4YD#00,CtrX6p[3x2][B@2L.2D>B@2R.2U>U@2R.2F;D@2L.2B>F@2L.2D>F@2R.2U],CtrX6p[3x2][B@2L.2D>B@2R.2U>U@2R.2F;D@2L.2B>F@2L.2D>F@2R.2U],CtrX6p[3x2][B@2L.2D>B@2R.2U>U@2R.2F;D@2L.2B>F@2L.2D>F@2R.2U],6,0,7,1,U2 2L 2U2 2L 2U2 2L2 U2
rubiks-7,X-Center-4ZA,X-Center-4ZA#00,CtrX6p[3x2][B@2L.2U>D@2R.2F>B@2R.2D;F@2L.2U>U@2L.2B>F@2R.2D],CtrX6p[3x2][B@2L.2U>D@2R.2F>B@2R.2D;F@2L.2U>U@2L.2B>F@2R.2D],CtrX6p[3x2][B@2L.2U>D@2R.2F>B@2R.2D;F@2L.2U>U@2L.2B>F@2R.2D],6,0,8,1,U2 2R 2U2 2R' U2 2R2 2U2 2R2
rubiks-7,X-Center-4ZB,X-Center-4ZB#00,CtrX6p[3x2][B@2L.2U>D@2L.2B>B@2R.2D;F@2L.2U>U@2R.2F>F@2R.2D],CtrX6p[3x2][B@2L.2U>D@2L.2B>B@2R.2D;F@2L.2U>U@2R.2F>F@2R.2D],CtrX6p[3x2][B@2L.2U>D@2L.2B>B@2R.2D;F@2L.2U>U@2R.2F>F@2R.2D],6,0,8,1,D2 2R 2U2 2R' D2 2R2 2U2 2R2
rubiks-7,X-Center-4ZC,X-Center-4ZC#00,CtrX8s~v03,CtrX8s~v03,CtrX8s,8,0,8,8,U2 2R 2U2 2R' U2 2L2 2U2 2L2
rubiks-7,X-Center-4ZD,X-Center-4ZD#00,CtrX8s~v04,CtrX8s~v04,CtrX8s,8,0,8,8,D2 2R 2U2 2R' D2 2L2 2U2 2L2
rubiks-7,X-Center-6A,X-Center-6A#00,CtrX6p[3x2][B@2R.2U>L@2F.2U>U@2R.2F;D@2R.2F>F@2R.2U>R@2F.2U],CtrX6p[3x2][B@2R.2U>L@2F.2U>U@2R.2F;D@2R.2F>F@2R.2U>R@2F.2U],CtrX6p[3x2][B@2R.2U>L@2F.2U>U@2R.2F;D@2R.2F>F@2R.2U>R@2F.2U],6,0,4,1,2R 2U 2R' 2U'
rubiks-7,X-Center-6B,X-Center-6B#00,CtrX6p[3x2][B@2R.2U>R@2F.2D>U@2R.2F;D@2R.2F>F@2R.2U>L@2F.2D],CtrX6p[3x2][B@2R.2U>R@2F.2D>U@2R.2F;D@2R.2F>F@2R.2U>L@2F.2D],CtrX6p[3x2][B@2R.2U>R@2F.2D>U@2R.2F;D@2R.2F>F@2R.2U>L@2F.2D],6,0,4,1,2R 2U' 2R' 2U
rubiks-7,X-Center-6C,X-Center-6C#00,CtrX6p[3x2][B@2L.2U>D@2R.2F>F@2R.2U;B@2R.2U>F@2L.2U>U@2R.2F],CtrX6p[3x2][B@2L.2U>D@2R.2F>F@2R.2U;B@2R.2U>F@2L.2U>U@2R.2F],CtrX6p[3x2][B@2L.2U>D@2R.2F>F@2R.2U;B@2R.2U>F@2L.2U>U@2R.2F],6,0,4,1,2R 2U2 2R' 2U2
rubiks-7,X-Center-6D,X-Center-6D#00,CtrX6p[3x2][B@2R.2D>F@2R.2U>L@2F.2D;B@2R.2U>R@2F.2D>F@2R.2D],CtrX6p[3x2][B@2R.2D>F@2R.2U>L@2F.2D;B@2R.2U>R@2F.2D>F@2R.2D],CtrX6p[3x2][B@2R.2D>F@2R.2U>L@2F.2D;B@2R.2U>R@2F.2D>F@2R.2D],6,0,4,1,2R2 2U' 2R2 2U
rubiks-7,X-Center-6E,X-Center-6E#00,CtrX6p[3x2][B@2R.2U>L@2F.2D>D@2R.2F;F@2R.2U>R@2F.2D>U@2R.2F],CtrX6p[3x2][B@2R.2U>L@2F.2D>D@2R.2F;F@2R.2U>R@2F.2D>U@2R.2F],CtrX6p[3x2][B@2R.2U>L@2F.2D>D@2R.2F;F@2R.2U>R@2F.2D>U@2R.2F],6,0,7,1,2U' 2R 2U 2R2 2F 2R 2F'
rubiks-7,X-Center-6F,X-Center-6F#00,CtrX10p[5x2]~v01,CtrX10p[5x2]~v01,CtrX10p[5x2],10,0,10,2,2B 2D2 2B 2D2 2L' 2B' 2L 2U 2B' 2U'
rubiks-7,X-Center-6G,X-Center-6G#00,CtrX6p[3x2][B@2R.2D>R@2F.2U>D@2R.2F;F@2R.2D>L@2F.2U>U@2R.2F],CtrX6p[3x2][B@2R.2D>R@2F.2U>D@2R.2F;F@2R.2D>L@2F.2U>U@2R.2F],CtrX6p[3x2][B@2R.2D>R@2F.2U>D@2R.2F;F@2R.2D>L@2F.2U>U@2R.2F],6,0,5,1,2R 2U 2R 2U' 2R2
rubiks-7,X-Center-6H,X-Center-6H#00,CtrX6p[3x2][B@2R.2D>L@2F.2D>D@2R.2F;F@2R.2D>R@2F.2D>U@2R.2F],CtrX6p[3x2][B@2R.2D>L@2F.2D>D@2R.2F;F@2R.2D>R@2F.2D>U@2R.2F],CtrX6p[3x2][B@2R.2D>L@2F.2D>D@2R.2F;F@2R.2D>R@2F.2D>U@2R.2F],6,0,5,1,2R 2U' 2R 2U 2R2
rubiks-7,X-Center-6I,X-Center-6I#00,CtrX6p[3x2][B@2R.2D>D@2R.2F>R@2F.2U;F@2R.2D>U@2R.2F>L@2F.2U],CtrX6p[3x2][B@2R.2D>D@2R.2F>R@2F.2U;F@2R.2D>U@2R.2F>L@2F.2U],CtrX6p[3x2][B@2R.2D>D@2R.2F>R@2F.2U;F@2R.2D>U@2R.2F>L@2F.2U],6,0,5,1,2R2 2U 2R' 2U' 2R'
rubiks-7,X-Center-6J,X-Center-6J#00,CtrX6p[3x2][B@2R.2D>D@2R.2F>L@2F.2D;F@2R.2D>U@2R.2F>R@2F.2D],CtrX6p[3x2][B@2R.2D>D@2R.2F>L@2F.2D;F@2R.2D>U@2R.2F>R@2F.2D],CtrX6p[3x2][B@2R.2D>D@2R.2F>L@2F.2D;F@2R.2D>U@2R.2F>R@2F.2D],6,0,5,1,2R2 2U' 2R' 2U 2R'
rubiks-7,X-Center-6K,X-Center-6K#00,CtrX6p[3x2][B@2L.2U>F@2R.2U>R@2F.2U;B@2R.2U>L@2F.2U>F@2L.2U],CtrX6p[3x2][B@2L.2U>F@2R.2U>R@2F.2U;B@2R.2U>L@2F.2U>F@2L.2U],CtrX6p[3x2][B@2L.2U>F@2R.2U>R@2F.2U;B@2R.2U>L@2F.2U>F@2L.2U],6,0,7,1,2R2 2U 2R2 2U 2R2 2U2 2R2
rubiks-7,X-Center-6L,X-Center-6L#00,CtrX6p[3x2][B@2L.2U>L@2F.2D>F@2R.2U;B@2R.2U>F@2L.2U>R@2F.2D],CtrX6p[3x2][B@2L.2U>L@2F.2D>F@2R.2U;B@2R.2U>F@2L.2U>R@2F.2D],CtrX6p[3x2][B@2L.2U>L@2F.2D>F@2R.2U;B@2R.2U>F@2L.2U>R@2F.2D],6,0,7,1,2R2 2U2 2R2 2U 2R2 2U 2R2
rubiks-7,X-Center-6M,X-Center-6M#00,CtrX6p[3x2][B@2R.2D>R@2F.2U>L@2F.2D;F@2R.2D>L@2F.2U>R@2F.2D],CtrX6p[3x2][B@2R.2D>R@2F.2U>L@2F.2D;F@2R.2D>L@2F.2U>R@2F.2D],CtrX6p[3x2][B@2R.2D>R@2F.2U>L@2F.2D;F@2R.2D>L@2F.2U>R@2F.2D],6,0,5,1,2U 2R2 2U2 2R2 2U
rubiks-7,X-Center-6N,X-Center-6N#00,CtrX6p[3x2][B@2R.2D>R@2F.2D>L@2B.2D;F@2R.2D>L@2F.2D>R@2B.2D],CtrX6p[3x2][B@2R.2D>R@2F.2D>L@2B.2D;F@2R.2D>L@2F.2D>R@2B.2D],CtrX6p[3x2][B@2R.2D>R@2F.2D>L@2B.2D;F@2R.2D>L@2F.2D>R@2B.2D],6,0,5,1,2F 2R 2F2 2R' 2F
rubiks-7,X-Center-6O,X-Center-6O#00,CtrX6p[3x2][B@2R.2D>L@2B.2D>R@2F.2D;F@2R.2D>R@2B.2D>L@2F.2D],CtrX6p[3x2][B@2R.2D>L@2B.2D>R@2F.2D;F@2R.2D>R@2B.2D>L@2F.2D],CtrX6p[3x2][B@2R.2D>L@2B.2D>R@2F.2D;F@2R.2D>R@2B.2D>L@2F.2D],6,0,5,1,2F' 2R 2F2 2R' 2F'
rubiks-7,X-Center-8,X-Center-8#00,CtrX10p[5x2]~v02,CtrX10p[5x2]~v02,CtrX10p[5x2],10,0,9,2,2U2 2R2 2U' 2R2 2U' 2R2 2U' 2R2 2U
rubiks-7,X-Center-Adjacent3Center-AAA,X-Center-Adjacent3Center-AAA#00,CtrX3[F@2R.2U>U@2R.2F>R@2F.2D],CtrX3[F@2R.2U>U@2R.2F>R@2F.2D],CtrX3[F@2R.2U>U@2R.2F>R@2F.2D],3,0,10,1,F 2D R2 2D' 2R' 2D R2 2D' 2R F'
rubiks-7,X-Center-Adjacent3Center-AAB,X-Center-Adjacent3Center-AAB#00,CtrX3[F@2L.2U>U@2R.2F>R@2F.2D],CtrX3[F@2L.2U>U@2R.2F>R@2F.2D],CtrX3[F@2L.2U>U@2R.2F>R@2F.2D],3,0,8,1,2U 2L' U2 2L 2U' 2L' U2 2L
rubiks-7,X-Center-Adjacent3Center-AAC,X-Center-Adjacent3Center-AAC#00,CtrX3[F@2L.2D>U@2R.2F>R@2F.2D],CtrX3[F@2L.2D>U@2R.2F>R@2F.2D],CtrX3[F@2L.2D>U@2R.2F>R@2F.2D],3,0,10,1,F' 2D R2 2D' 2R' 2D R2 2D' 2R F
rubiks-7,X-Center-Adjacent3Center-AAD,X-Center-Adjacent3Center-AAD#00,CtrX3[F@2R.2D>U@2R.2F>R@2F.2D],CtrX3[F@2R.2D>U@2R.2F>R@2F.2D],CtrX3[F@2R.2D>U@2R.2F>R@2F.2D],3,0,8,1,2D R2 2D' 2R' 2D R2 2D' 2R
rubiks-7,X-Center-Adjacent3Center-ABC,X-Center-Adjacent3Center-ABC#00,CtrX3[F@2L.2D>U@2R.2B>R@2F.2D],CtrX3[F@2L.2D>U@2R.2B>R@2F.2D],CtrX3[F@2L.2D>U@2R.2B>R@2F.2D],3,0,10,1,U2 2L' D' 2F' D 2L D' 2F D U2
rubiks-7,X-Center-Adjacent3Center-ADC,X-Center-Adjacent3Center-ADC#00,CtrX3[F@2L.2D>U@2L.2F>R@2F.2D],CtrX3[F@2L.2D>U@2L.2F>R@2F.2D],CtrX3[F@2L.2D>U@2L.2F>R@2F.2D],3,0,8,1,2L' D' 2F' D 2L D' 2F D
rubiks-7,X-Center-Adjacent3Center-BAD,X-Center-Adjacent3Center-BAD#00,CtrX3[F@2R.2D>U@2R.2F>R@2B.2D],CtrX3[F@2R.2D>U@2R.2F>R@2B.2D],CtrX3[F@2R.2D>U@2R.2F>R@2B.2D],3,0,8,1,2R D 2F' D' 2R' D 2F D'
rubiks-7,X-Center-Adjacent3Center-BBA,X-Center-Adjacent3Center-BBA#00,CtrX3[F@2R.2U>U@2R.2B>R@2B.2D],CtrX3[F@2R.2U>U@2R.2B>R@2B.2D],CtrX3[F@2R.2U>U@2R.2B>R@2B.2D],3,0,8,1,2U' R2 2U 2R' 2U' R2 2U 2R
rubiks-7,X-Center-Adjacent3Center-BBB,X-Center-Adjacent3Center-BBB#00,CtrX3[F@2L.2U>U@2R.2B>R@2B.2D],CtrX3[F@2L.2U>U@2R.2B>R@2B.2D],CtrX3[F@2L.2U>U@2R.2B>R@2B.2D],3,0,10,1,F' 2D' 2L' U2 2L 2D 2L' U2 2L F
rubiks-7,X-Center-Adjacent3Center-BBC,X-Center-Adjacent3Center-BBC#00,CtrX3[F@2L.2D>U@2R.2B>R@2B.2D],CtrX3[F@2L.2D>U@2R.2B>R@2B.2D],CtrX3[F@2L.2D>U@2R.2B>R@2B.2D],3,0,8,1,2D' 2L' U2 2L 2D 2L' U2 2L
rubiks-7,X-Center-Adjacent3Center-BBD,X-Center-Adjacent3Center-BBD#00,CtrX3[F@2R.2D>U@2R.2B>R@2B.2D],CtrX3[F@2R.2D>U@2R.2B>R@2B.2D],CtrX3[F@2R.2D>U@2R.2B>R@2B.2D],3,0,10,1,F 2D' 2L' U2 2L 2D 2L' U2 2L F'
rubiks-7,X-Center-Adjacent3Center-BCD,X-Center-Adjacent3Center-BCD#00,CtrX3[F@2R.2D>U@2L.2B>R@2B.2D],CtrX3[F@2R.2D>U@2L.2B>R@2B.2D],CtrX3[F@2R.2D>U@2L.2B>R@2B.2D],3,0,10,1,U2 2R D 2F' D' 2R' D 2F D' U2
rubiks-7,X-Center-Adjacent3Center-CBA,X-Center-Adjacent3Center-CBA#00,CtrX3[F@2R.2U>U@2R.2B>R@2B.2U],CtrX3[F@2R.2U>U@2R.2B>R@2B.2U],CtrX3[F@2R.2U>U@2R.2B>R@2B.2U],3,0,8,1,2R D' 2B D 2R' D' 2B' D
rubiks-7,X-Center-Adjacent3Center-CCA,X-Center-Adjacent3Center-CCA#00,CtrX3[F@2R.2U>U@2L.2B>R@2B.2U],CtrX3[F@2R.2U>U@2L.2B>R@2B.2U],CtrX3[F@2R.2U>U@2L.2B>R@2B.2U],3,0,10,1,F' 2U' R2 2U 2L 2U' R2 2U 2L' F
rubiks-7,X-Center-Adjacent3Center-CCB,X-Center-Adjacent3Center-CCB#00,CtrX3[F@2L.2U>U@2L.2B>R@2B.2U],CtrX3[F@2L.2U>U@2L.2B>R@2B.2U],CtrX3[F@2L.2U>U@2L.2B>R@2B.2U],3,0,8,1,2U' R2 2U 2L 2U' R2 2U 2L'
rubiks-7,X-Center-Adjacent3Center-CCC,X-Center-Adjacent3Center-CCC#00,CtrX3[F@2L.2D>U@2L.2B>R@2B.2U],CtrX3[F@2L.2D>U@2L.2B>R@2B.2U],CtrX3[F@2L.2D>U@2L.2B>R@2B.2U],3,0,10,1,F 2U' R2 2U 2L 2U' R2 2U 2L' F'
rubiks-7,X-Center-Adjacent3Center-CCD,X-Center-Adjacent3Center-CCD#00,CtrX3[F@2R.2D>U@2L.2B>R@2B.2U],CtrX3[F@2R.2D>U@2L.2B>R@2B.2U],CtrX3[F@2R.2D>U@2L.2B>R@2B.2U],3,0,8,1,2D' 2R U2 2R' 2D 2R U2 2R'
rubiks-7,X-Center-Adjacent3Center-CDA,X-Center-Adjacent3Center-CDA#00,CtrX3[F@2R.2U>U@2L.2F>R@2B.2U],CtrX3[F@2R.2U>U@2L.2F>R@2B.2U],CtrX3[F@2R.2U>U@2L.2F>R@2B.2U],3,0,10,1,U2 2R D' 2B D 2R' D' 2B' D U2
rubiks-7,X-Center-Adjacent3Center-DAB,X-Center-Adjacent3Center-DAB#00,CtrX3[F@2L.2U>U@2R.2F>R@2F.2U],CtrX3[F@2L.2U>U@2R.2F>R@2F.2U],CtrX3[F@2L.2U>U@2R.2F>R@2F.2U],3,0,10,1,U2 2L' D 2B D' 2L D 2B' D' U2
rubiks-7,X-Center-Adjacent3Center-DCB,X-Center-Adjacent3Center-DCB#00,CtrX3[F@2L.2U>U@2L.2B>R@2F.2U],CtrX3[F@2L.2U>U@2L.2B>R@2F.2U],CtrX3[F@2L.2U>U@2L.2B>R@2F.2U],3,0,8,1,2L' D 2B D' 2L D 2B' D'
rubiks-7,X-Center-Adjacent3Center-DDA,X-Center-Adjacent3Center-DDA#00,CtrX3[F@2R.2U>U@2L.2F>R@2F.2U],CtrX3[F@2R.2U>U@2L.2F>R@2F.2U],CtrX3[F@2R.2U>U@2L.2F>R@2F.2U],3,0,8,1,2U 2R U2 2R' 2U' 2R U2 2R'
rubiks-7,X-Center-Adjacent3Center-DDB,X-Center-Adjacent3Center-DDB#00,CtrX3[F@2L.2U>U@2L.2F>R@2F.2U],CtrX3[F@2L.2U>U@2L.2F>R@2F.2U],CtrX3[F@2L.2U>U@2L.2F>R@2F.2U],3,0,10,1,F 2U 2R U2 2R' 2U' 2R U2 2R' F'
rubiks-7,X-Center-Adjacent3Center-DDC,X-Center-Adjacent3Center-DDC#00,CtrX3[F@2L.2D>U@2L.2F>R@2F.2U],CtrX3[F@2L.2D>U@2L.2F>R@2F.2U],CtrX3[F@2L.2D>U@2L.2F>R@2F.2U],3,0,8,1,2D R2 2D' 2L 2D R2 2D' 2L'
rubiks-7,X-Center-Adjacent3Center-DDD,X-Center-Adjacent3Center-DDD#00,CtrX3[F@2R.2D>U@2L.2F>R@2F.2U],CtrX3[F@2R.2D>U@2L.2F>R@2F.2U],CtrX3[F@2R.2D>U@2L.2F>R@2F.2U],3,0,10,1,F' 2U 2R U2 2R' 2U' 2R U2 2R' F
rubiks-7,X-Center-InIn-Diagonal,X-Center-InIn-Diagonal#00,CtrX3[F@2L.2U>U@2L.2B>U@2R.2F],CtrX3[F@2L.2U>U@2L.2B>U@2R.2F],CtrX3[F@2L.2U>U@2L.2B>U@2R.2F],3,0,8,1,U2 2R 2U2 2R' U2 2R 2U2 2R'
rubiks-7,X-Center-InIn-Vertical,X-Center-InIn-Vertical#00,CtrX3[F@2R.2U>U@2L.2B>U@2R.2F],CtrX3[F@2R.2U>U@2L.2B>U@2R.2F],CtrX3[F@2R.2U>U@2L.2B>U@2R.2F],3,0,8,1,U2 2F' 2U 2F U2 2F' 2U' 2F
rubiks-7,X-Center-InOut-Diagonal,X-Center-InOut-Diagonal#00,CtrX3[F@2R.2U>U@2R.2F>U@2L.2B]~v01,CtrX3[F@2R.2U>U@2R.2F>U@2L.2B]~v01,CtrX3[F@2R.2U>U@2R.2F>U@2L.2B],3,0,8,2,2F' 2U 2F U2 2F' 2U' 2F U2
rubiks-7,X-Center-InOut-Diagonal01,X-Center-InOut-Diagonal01#00,CtrX3[B@2R.2U>D@2R.2F>D@2L.2B]~v01,CtrX3[B@2R.2U>D@2R.2F>D@2L.2B]~v01,CtrX3[B@2R.2U>D@2R.2F>D@2L.2B],3,0,8,2,2F' 2U 2F D2 2F' 2U' 2F D2
rubiks-7,X-Center-InOut-Diagonal02,X-Center-InOut-Diagonal02#00,CtrX3[F@2L.2D>U@2R.2F>F@2R.2D],CtrX3[F@2L.2D>U@2R.2F>F@2R.2D],CtrX3[F@2L.2D>U@2R.2F>F@2R.2D],3,0,8,1,U 2L' U' 2R U 2L U' 2R'
rubiks-7,X-Center-InOut-Diagonal03,X-Center-InOut-Diagonal03#00,CtrX3[F@2L.2U>F@2R.2U>U@2L.2B],CtrX3[F@2L.2U>F@2R.2U>U@2L.2B],CtrX3[F@2L.2U>F@2R.2U>U@2L.2B],3,0,8,1,U 2R U' 2L' U 2R' U' 2L
rubiks-7,X-Center-InOut-Diagonal04,X-Center-InOut-Diagonal04#00,CtrX3[F@2R.2U>U@2R.2F>U@2L.2B]~v02,CtrX3[F@2R.2U>U@2R.2F>U@2L.2B]~v02,CtrX3[F@2R.2U>U@2R.2F>U@2L.2B],3,0,8,2,U2 2B' 2U' 2B U2 2B' 2U 2B
rubiks-7,X-Center-InOut-Diagonal05,X-Center-InOut-Diagonal05#00,CtrX3[B@2R.2U>D@2R.2F>D@2L.2B]~v02,CtrX3[B@2R.2U>D@2R.2F>D@2L.2B]~v02,CtrX3[B@2R.2U>D@2R.2F>D@2L.2B],3,0,8,2,D2 2B' 2U' 2B D2 2B' 2U 2B
rubiks-7,X-Center-InOut-Vertical,X-Center-InOut-Vertical#00,CtrX3[F@2L.2U>U@2R.2F>U@2L.2B],CtrX3[F@2L.2U>U@2R.2F>U@2L.2B],CtrX3[F@2L.2U>U@2R.2F>U@2L.2B],3,0,8,1,2R 2U2 2R' U2 2R 2U2 2R' U2
rubiks-7,X-Center-InOut-Vertical01,X-Center-InOut-Vertical01#00,CtrX3[B@2L.2U>D@2R.2F>D@2L.2B],CtrX3[B@2L.2U>D@2R.2F>D@2L.2B],CtrX3[B@2L.2U>D@2R.2F>D@2L.2B],3,0,8,1,2R 2U2 2R' D2 2R 2U2 2R' D2
rubiks-7,X-Center-InOut-Vertical02,X-Center-InOut-Vertical02#00,CtrX3[F@2L.2D>F@2R.2D>U@2R.2F],CtrX3[F@2L.2D>F@2R.2D>U@2R.2F],CtrX3[F@2L.2D>F@2R.2D>U@2R.2F],3,0,8,1,2R U 2L' U' 2R' U 2L U'
rubiks-7,X-Center-InOut-Vertical03,X-Center-InOut-Vertical03#00,CtrX3[F@2L.2U>U@2L.2B>F@2R.2U],CtrX3[F@2L.2U>U@2L.2B>F@2R.2U],CtrX3[F@2L.2U>U@2L.2B>F@2R.2U],3,0,8,1,2L' U 2R U' 2L U 2R' U'
rubiks-7,X-Center-Line3Center-AAA,X-Center-Line3Center-AAA#00,CtrX3[B@2R.2U>F@2R.2D>U@2R.2F],CtrX3[B@2R.2U>F@2R.2D>U@2R.2F],CtrX3[B@2R.2U>F@2R.2D>U@2R.2F],3,0,10,1,2U2 2L 2F2 2L' F2 2L 2F2 2L' F2 2U2
rubiks-7,X-Center-Line3Center-AAB,X-Center-Line3Center-AAB#00,CtrX3[B@2R.2D>F@2R.2D>U@2R.2F],CtrX3[B@2R.2D>F@2R.2D>U@2R.2F],CtrX3[B@2R.2D>F@2R.2D>U@2R.2F],3,0,11,1,2F2 F' 2R2 F' 2L' F 2R2 F' 2L 2F2 F2
rubiks-7,X-Center-Line3Center-AAC,X-Center-Line3Center-AAC#00,CtrX3[B@2L.2D>F@2R.2D>U@2R.2F],CtrX3[B@2L.2D>F@2R.2D>U@2R.2F],CtrX3[B@2L.2D>F@2R.2D>U@2R.2F],3,0,8,1,2L U2 2L' 2D2 2L U2 2L' 2D2
rubiks-7,X-Center-Line3Center-AAD,X-Center-Line3Center-AAD#00,CtrX3[B@2L.2U>F@2R.2D>U@2R.2F],CtrX3[B@2L.2U>F@2R.2D>U@2R.2F],CtrX3[B@2L.2U>F@2R.2D>U@2R.2F],3,0,8,1,2R U 2L U' 2R' U 2L' U'
rubiks-7,X-Center-Line3Center-ABA,X-Center-Line3Center-ABA#00,CtrX3[B@2R.2U>F@2R.2U>U@2R.2F],CtrX3[B@2R.2U>F@2R.2U>U@2R.2F],CtrX3[B@2R.2U>F@2R.2U>U@2R.2F],3,0,11,1,B2 2F2 2L B 2R2 B' 2L' B 2R2 B 2F2
rubiks-7,X-Center-Line3Center-ABB,X-Center-Line3Center-ABB#00,CtrX3[B@2R.2D>F@2R.2U>U@2R.2F],CtrX3[B@2R.2D>F@2R.2U>U@2R.2F],CtrX3[B@2R.2D>F@2R.2U>U@2R.2F],3,0,10,1,2F2 2R2 F' 2L' F 2R2 F' 2L 2F2 F
rubiks-7,X-Center-Line3Center-ABC,X-Center-Line3Center-ABC#00,CtrX3[B@2L.2D>F@2R.2U>U@2R.2F],CtrX3[B@2L.2D>F@2R.2U>U@2R.2F],CtrX3[B@2L.2D>F@2R.2U>U@2R.2F],3,0,10,1,2F2 2L F 2D2 F' 2L' F 2D2 2F2 F'
rubiks-7,X-Center-Line3Center-ABD,X-Center-Line3Center-ABD#00,CtrX3[B@2L.2U>F@2R.2U>U@2R.2F],CtrX3[B@2L.2U>F@2R.2U>U@2R.2F],CtrX3[B@2L.2U>F@2R.2U>U@2R.2F],3,0,8,1,2L U 2L' 2U2 2L U' 2L' 2U2
rubiks-7,X-Center-Line3Center-ACA,X-Center-Line3Center-ACA#00,CtrX3[B@2L.2U>U@2R.2B>F@2R.2U],CtrX3[B@2L.2U>U@2R.2B>F@2R.2U],CtrX3[B@2L.2U>U@2R.2B>F@2R.2U],3,0,8,1,2U2 2L U2 2L' 2U2 2L U2 2L'
rubiks-7,X-Center-Line3Center-ACB,X-Center-Line3Center-ACB#00,CtrX3[B@2R.2D>F@2L.2U>U@2R.2F],CtrX3[B@2R.2D>F@2L.2U>U@2R.2F],CtrX3[B@2R.2D>F@2L.2U>U@2R.2F],3,0,10,1,2F2 2L D 2R D' 2L' D 2R' D' 2F2
rubiks-7,X-Center-Line3Center-ACC,X-Center-Line3Center-ACC#00,CtrX3[B@2L.2D>F@2L.2U>U@2R.2F],CtrX3[B@2L.2D>F@2L.2U>U@2R.2F],CtrX3[B@2L.2D>F@2L.2U>U@2R.2F],3,0,10,1,2U2 2L' 2F2 2L B2 2L' 2F2 2L B2 2U2
rubiks-7,X-Center-Line3Center-ADA,X-Center-Line3Center-ADA#00,CtrX3[B@2R.2U>F@2L.2D>U@2R.2F],CtrX3[B@2R.2U>F@2L.2D>U@2R.2F],CtrX3[B@2R.2U>F@2L.2D>U@2R.2F],3,0,8,1,2R F 2U2 F' 2R' F 2U2 F'
rubiks-7,X-Center-Line3Center-ADB,X-Center-Line3Center-ADB#00,CtrX3[B@2R.2D>F@2L.2D>U@2R.2F],CtrX3[B@2R.2D>F@2L.2D>U@2R.2F],CtrX3[B@2R.2D>F@2L.2D>U@2R.2F],3,0,8,1,2D2 2L' U 2L 2D2 2L' U' 2L
rubiks-7,X-Center-Line3Center-ADD,X-Center-Line3Center-ADD#00,CtrX3[B@2L.2U>F@2L.2D>U@2R.2F],CtrX3[B@2L.2U>F@2L.2D>U@2R.2F],CtrX3[B@2L.2U>F@2L.2D>U@2R.2F],3,0,8,1,2L2 F' 2R' F 2L2 F' 2R F
rubiks-7,X-Center-Line3Center-CAA,X-Center-Line3Center-CAA#00,CtrX3[B@2R.2U>F@2R.2D>U@2L.2B],CtrX3[B@2R.2U>F@2R.2D>U@2L.2B],CtrX3[B@2R.2U>F@2R.2D>U@2L.2B],3,0,10,1,2D2 2R 2B2 2R' B2 2R 2B2 2R' B2 2D2
rubiks-7,X-Center-Line3Center-CAC,X-Center-Line3Center-CAC#00,CtrX3[B@2R.2D>U@2L.2F>F@2L.2D],CtrX3[B@2R.2D>U@2L.2F>F@2L.2D],CtrX3[B@2R.2D>U@2L.2F>F@2L.2D],3,0,8,1,2D2 2R' U2 2R 2D2 2R' U2 2R
rubiks-7,X-Center-Line3Center-CAD,X-Center-Line3Center-CAD#00,CtrX3[B@2L.2U>F@2R.2D>U@2L.2B],CtrX3[B@2L.2U>F@2R.2D>U@2L.2B],CtrX3[B@2L.2U>F@2R.2D>U@2L.2B],3,0,10,1,2B2 2R' D 2L' D' 2R D 2L D' 2B2
rubiks-7,X-Center-Line3Center-CBB,X-Center-Line3Center-CBB#00,CtrX3[B@2R.2D>F@2R.2U>U@2L.2B],CtrX3[B@2R.2D>F@2R.2U>U@2L.2B],CtrX3[B@2R.2D>F@2R.2U>U@2L.2B],3,0,8,1,2R2 F' 2L F 2R2 F' 2L' F
rubiks-7,X-Center-Line3Center-CBC,X-Center-Line3Center-CBC#00,CtrX3[B@2L.2D>F@2R.2U>U@2L.2B],CtrX3[B@2L.2D>F@2R.2U>U@2L.2B],CtrX3[B@2L.2D>F@2R.2U>U@2L.2B],3,0,8,1,2L' F 2D2 F' 2L F 2D2 F'
rubiks-7,X-Center-Line3Center-CBD,X-Center-Line3Center-CBD#00,CtrX3[B@2L.2U>F@2R.2U>U@2L.2B],CtrX3[B@2L.2U>F@2R.2U>U@2L.2B],CtrX3[B@2L.2U>F@2R.2U>U@2L.2B],3,0,8,1,2U2 2R U 2R' 2U2 2R U' 2R'
rubiks-7,X-Center-Line3Center-CCA,X-Center-Line3Center-CCA#00,CtrX3[B@2R.2U>F@2L.2U>U@2L.2B],CtrX3[B@2R.2U>F@2L.2U>U@2L.2B],CtrX3[B@2R.2U>F@2L.2U>U@2L.2B],3,0,8,1,2R' U2 2R 2U2 2R' U2 2R 2U2
rubiks-7,X-Center-Line3Center-CCB,X-Center-Line3Center-CCB#00,CtrX3[B@2R.2D>F@2L.2U>U@2L.2B],CtrX3[B@2R.2D>F@2L.2U>U@2L.2B],CtrX3[B@2R.2D>F@2L.2U>U@2L.2B],3,0,8,1,2L' U 2R' U' 2L U 2R U'
rubiks-7,X-Center-Line3Center-CCC,X-Center-Line3Center-CCC#00,CtrX3[B@2L.2D>F@2L.2U>U@2L.2B],CtrX3[B@2L.2D>F@2L.2U>U@2L.2B],CtrX3[B@2L.2D>F@2L.2U>U@2L.2B],3,0,10,1,2D2 2R' 2B2 2R F2 2R' 2B2 2R F2 2D2
rubiks-7,X-Center-Line3Center-CCD,X-Center-Line3Center-CCD#00,CtrX3[B@2L.2U>F@2L.2U>U@2L.2B],CtrX3[B@2L.2U>F@2L.2U>U@2L.2B],CtrX3[B@2L.2U>F@2L.2U>U@2L.2B],3,0,11,1,2B2 F' 2L2 F' 2R F 2L2 F' 2R' 2B2 F2
rubiks-7,X-Center-Line3Center-CDA,X-Center-Line3Center-CDA#00,CtrX3[B@2R.2U>F@2L.2D>U@2L.2B],CtrX3[B@2R.2U>F@2L.2D>U@2L.2B],CtrX3[B@2R.2U>F@2L.2D>U@2L.2B],3,0,10,1,2B2 2R' F 2U2 F' 2R F 2U2 2B2 F'
rubiks-7,X-Center-Line3Center-CDB,X-Center-Line3Center-CDB#00,CtrX3[B@2R.2D>F@2L.2D>U@2L.2B],CtrX3[B@2R.2D>F@2L.2D>U@2L.2B],CtrX3[B@2R.2D>F@2L.2D>U@2L.2B],3,0,8,1,2R' U 2R 2D2 2R' U' 2R 2D2
rubiks-7,X-Center-Line3Center-CDC,X-Center-Line3Center-CDC#00,CtrX3[B@2L.2D>F@2L.2D>U@2L.2B],CtrX3[B@2L.2D>F@2L.2D>U@2L.2B],CtrX3[B@2L.2D>F@2L.2D>U@2L.2B],3,0,11,1,B2 2B2 2R' B 2L2 B' 2R B 2L2 B 2B2
rubiks-7,X-Center-Line3Center-CDD,X-Center-Line3Center-CDD#00,CtrX3[B@2L.2U>F@2L.2D>U@2L.2B],CtrX3[B@2L.2U>F@2L.2D>U@2L.2B],CtrX3[B@2L.2U>F@2L.2D>U@2L.2B],3,0,10,1,2B2 2L2 F' 2R F 2L2 F' 2R' 2B2 F
rubiks-7,X-Center-Opp2X,X-Center-Opp2X#00,CtrX3[D@2R.2F>U@2L.2F>U@2L.2B],CtrX3[D@2R.2F>U@2L.2F>U@2L.2B],CtrX3[D@2R.2F>U@2L.2F>U@2L.2B],3,0,8,1,U 2R2 U' 2F2 U 2R2 U' 2F2
rubiks-7,X-Center-Opp2X01,X-Center-Opp2X01#00,CtrX3[D@2R.2F>U@2R.2B>U@2L.2B]~v01,CtrX3[D@2R.2F>U@2R.2B>U@2L.2B]~v01,CtrX3[D@2R.2F>U@2R.2B>U@2L.2B],3,0,8,2,D' 2L2 D 2R2 D' 2L2 D 2R2
rubiks-7,X-Center-Opp2X02,X-Center-Opp2X02#00,CtrX3[D@2L.2F>U@2R.2B>D@2R.2F],CtrX3[D@2L.2F>U@2R.2B>D@2R.2F],CtrX3[D@2L.2F>U@2R.2B>D@2R.2F],3,0,8,1,2R2 2F L 2F' 2R2 2F L' 2F'
rubiks-7,X-Center-Opp2X03,X-Center-Opp2X03#00,CtrX3[D@2R.2F>U@2R.2B>U@2L.2B]~v02,CtrX3[D@2R.2F>U@2R.2B>U@2L.2B]~v02,CtrX3[D@2R.2F>U@2R.2B>U@2L.2B],3,0,8,2,2R2 2B' R 2B 2R2 2B' R' 2B
rubiks-7,X-Center-Opp2Y,X-Center-Opp2Y#00,CtrX3[D@2R.2F>U@2L.2B>U@2R.2B]~v01,CtrX3[D@2R.2F>U@2L.2B>U@2R.2B]~v01,CtrX3[D@2R.2F>U@2L.2B>U@2R.2B],3,0,8,3,2R2 U' 2F2 U 2R2 U' 2F2 U
rubiks-7,X-Center-Opp2Y01,X-Center-Opp2Y01#00,CtrX3[D@2R.2F>U@2L.2B>U@2R.2B]~v02,CtrX3[D@2R.2F>U@2L.2B>U@2R.2B]~v02,CtrX3[D@2R.2F>U@2L.2B>U@2R.2B],3,0,8,3,2R2 D' 2L2 D 2R2 D' 2L2 D
rubiks-7,X-Center-Opp2Y02,X-Center-Opp2Y02#00,CtrX3[D@2L.2F>D@2R.2F>U@2R.2B],CtrX3[D@2L.2F>D@2R.2F>U@2R.2B],CtrX3[D@2L.2F>D@2R.2F>U@2R.2B],3,0,8,1,2F L 2F' 2R2 2F L' 2F' 2R2
rubiks-7,X-Center-Opp2Y03,X-Center-Opp2Y03#00,CtrX3[D@2R.2F>U@2L.2B>U@2R.2B]~v03,CtrX3[D@2R.2F>U@2L.2B>U@2R.2B]~v03,CtrX3[D@2R.2F>U@2L.2B>U@2R.2B],3,0,8,3,2B' R 2B 2R2 2B' R' 2B 2R2
rubiks-7,X-Center-Opp2Z,X-Center-Opp2Z#00,CtrX3[D@2R.2F>U@2R.2B>U@2R.2F],CtrX3[D@2R.2F>U@2R.2B>U@2R.2F],CtrX3[D@2R.2F>U@2R.2B>U@2R.2F],3,0,9,1,U' 2R2 U' 2F2 U 2R2 U' 2F2 U2
rubiks-7,X-Center-Opp2Z01,X-Center-Opp2Z01#00,CtrX3[D@2L.2F>D@2R.2F>U@2R.2F],CtrX3[D@2L.2F>D@2R.2F>U@2R.2F],CtrX3[D@2L.2F>D@2R.2F>U@2R.2F],3,0,9,1,U' 2R2 U' 2L2 U 2R2 U' 2L2 U2
rubiks-7,X-Center-Opp2Z02,X-Center-Opp2Z02#00,CtrX8s~v05,CtrX8s~v05,CtrX8s,8,0,10,8,2R2 D' 2F 2B 2R2 2F' 2B' 2R2 D 2R2
rubiks-7,X-Center-Opp2Z03,X-Center-Opp2Z03#00,CtrX8s~v06,CtrX8s~v06,CtrX8s,8,0,10,8,2R2 D' 2R2 2B 2F 2R2 2B' 2F' D 2R2
rubiks-7,X-Center-Opp2Z04,X-Center-Opp2Z04#00,CtrX8s~v07,CtrX8s~v07,CtrX8s,8,0,10,8,2F2 D 2R 2L 2F2 2R' 2L' 2F2 D' 2F2
rubiks-7,X-Center-Opp2Z05,X-Center-Opp2Z05#00,CtrX8s~v08,CtrX8s~v08,CtrX8s,8,0,10,8,2F2 D 2F2 2L 2R 2F2 2L' 2R' D' 2F2
rubiks-7,X-Center-Opp2Z06,X-Center-Opp2Z06#00,CtrX6p[2+4][D@2L.2F<>D@2R.2B;D@2R.2F>U@2L.2B>U@2L.2F>U@2R.2F],CtrX6p[2+4][D@2L.2F<>D@2R.2B;D@2R.2F>U@2L.2B>U@2L.2F>U@2R.2F],CtrX6p[2+4][D@2L.2F<>D@2R.2B;D@2R.2F>U@2L.2B>U@2L.2F>U@2R.2F],6,0,10,1,2B2 D' 2F2 D 2B2 D' 2L2 2F2 2L2 D
rubiks-7,X-Center-OutOut-Diagonal,X-Center-OutOut-Diagonal#00,CtrX3[B@2L.2U>D@2L.2B>D@2R.2F],CtrX3[B@2L.2U>D@2L.2B>D@2R.2F],CtrX3[B@2L.2U>D@2L.2B>D@2R.2F],3,0,8,1,D2 2R 2U2 2R' D2 2R 2U2 2R'
rubiks-7,X-Center-OutOut-Vertical,X-Center-OutOut-Vertical#00,CtrX3[B@2R.2U>D@2L.2B>D@2R.2F],CtrX3[B@2R.2U>D@2L.2B>D@2R.2F],CtrX3[B@2R.2U>D@2L.2B>D@2R.2F],3,0,8,1,D2 2F' 2U 2F D2 2F' 2U' 2F
rubiks-7,X-Center-UA,X-Center-UA#00,CtrX6p[3x2][D@2L.2F>U@2R.2F>U@2R.2B;D@2R.2B>U@2L.2F>D@2R.2F],CtrX6p[3x2][D@2L.2F>U@2R.2F>U@2R.2B;D@2R.2B>U@2L.2F>D@2R.2F],CtrX6p[3x2][D@2L.2F>U@2R.2F>U@2R.2B;D@2R.2B>U@2L.2F>D@2R.2F],6,0,10,1,2F2 U 2R2 U' 2R2 2F2 2R2 U 2R2 U'
rubiks-7,X-Center-UB,X-Center-UB#00,CtrX4s[D@2L.2F<>U@2L.2B;D@2R.2B<>U@2R.2F],CtrX4s[D@2L.2F<>U@2L.2B;D@2R.2B<>U@2R.2F],CtrX4s[D@2L.2F<>U@2L.2B;D@2R.2B<>U@2R.2F],4,0,10,1,2R2 2F2 2R2 2F2 U2 2R2 2F2 2R2 2F2 U2
rubiks-7,X-Center-VA,X-Center-VA#00,CtrX4s[B@2R.2U<>F@2R.2U;L@2F.2D<>R@2F.2D]~v01,CtrX4s[B@2R.2U<>F@2R.2U;L@2F.2D<>R@2F.2D]~v01,CtrX4s[B@2R.2U<>F@2R.2U;L@2F.2D<>R@2F.2D],4,0,8,2,2F' 2U 2F 2U' 2F 2R' 2F' 2R
rubiks-7,X-Center-VB,X-Center-VB#00,CtrX4s[B@2R.2U<>F@2R.2U;L@2B.2D<>R@2B.2D],CtrX4s[B@2R.2U<>F@2R.2U;L@2B.2D<>R@2B.2D],CtrX4s[B@2R.2U<>F@2R.2U;L@2B.2D<>R@2B.2D],4,0,8,1,2F' 2U 2F' 2U' 2F 2R' 2F 2R
rubiks-7,X-Center-VC,X-Center-VC#00,CtrX4s[B@2R.2U<>F@2R.2U;L@2F.2D<>R@2F.2D]~v02,CtrX4s[B@2R.2U<>F@2R.2U;L@2F.2D<>R@2F.2D]~v02,CtrX4s[B@2R.2U<>F@2R.2U;L@2F.2D<>R@2F.2D],4,0,8,2,2R' 2F 2R 2F' 2U 2F' 2U' 2F
rubiks-7,X-Center-WA,X-Center-WA#00,CtrX6p[3x2][D@2L.2B>D@2L.2F>U@2L.2F;D@2R.2B>D@2R.2F>U@2R.2B],CtrX6p[3x2][D@2L.2B>D@2L.2F>U@2L.2F;D@2R.2B>D@2R.2F>U@2R.2B],CtrX6p[3x2][D@2L.2B>D@2L.2F>U@2L.2F;D@2R.2B>D@2R.2F>U@2R.2B],6,0,8,1,2F2 D' 2R2 2F2 2R2 2F2 D 2F2
rubiks-7,X-Center-WB,X-Center-WB#00,CtrX6p[3x2][D@2L.2B>U@2L.2F>D@2L.2F;D@2R.2B>U@2R.2B>D@2R.2F],CtrX6p[3x2][D@2L.2B>U@2L.2F>D@2L.2F;D@2R.2B>U@2R.2B>D@2R.2F],CtrX6p[3x2][D@2L.2B>U@2L.2F>D@2L.2F;D@2R.2B>U@2R.2B>D@2R.2F],6,0,8,1,2B2 D' 2L2 2B2 2L2 2B2 D 2B2
rubiks-7,X-Center-WC,X-Center-WC#00,CtrX6p[3x2][D@2L.2B>D@2L.2F>U@2L.2F;D@2R.2F>U@2R.2F>U@2R.2B],CtrX6p[3x2][D@2L.2B>D@2L.2F>U@2L.2F;D@2R.2F>U@2R.2F>U@2R.2B],CtrX6p[3x2][D@2L.2B>D@2L.2F>U@2L.2F;D@2R.2F>U@2R.2F>U@2R.2B],6,0,8,1,2F2 U 2L2 2F2 2L2 2F2 U' 2F2
rubiks-7,X-Center-WD,X-Center-WD#00,CtrX6p[3x2][D@2L.2B>U@2L.2B>U@2L.2F;D@2R.2B>U@2R.2B>D@2R.2F],CtrX6p[3x2][D@2L.2B>U@2L.2B>U@2L.2F;D@2R.2B>U@2R.2B>D@2R.2F],CtrX6p[3x2][D@2L.2B>U@2L.2B>U@2L.2F;D@2R.2B>U@2R.2B>D@2R.2F],6,0,8,1,2B2 U 2R2 2B2 2R2 2B2 U' 2B2
rubiks-7,X-Center-XA,X-Center-XA#00,CtrX6p[3x2][D@2L.2F>D@2R.2B>U@2R.2F;D@2R.2F>U@2L.2F>U@2R.2B],CtrX6p[3x2][D@2L.2F>D@2R.2B>U@2R.2F;D@2R.2F>U@2L.2F>U@2R.2B],CtrX6p[3x2][D@2L.2F>D@2R.2B>U@2R.2F;D@2R.2F>U@2L.2F>U@2R.2B],6,0,4,1,2R2 2F2 2R2 2F2
rubiks-7,X-Center-XB,X-Center-XB#00,CtrX6p[3x2][D@2L.2F>D@2R.2B>U@2R.2B;D@2R.2F>U@2R.2F>U@2L.2B],CtrX6p[3x2][D@2L.2F>D@2R.2B>U@2R.2B;D@2R.2F>U@2R.2F>U@2L.2B],CtrX6p[3x2][D@2L.2F>D@2R.2B>U@2R.2B;D@2R.2F>U@2R.2F>U@2L.2B],6,0,6,1,U 2R2 2F2 2R2 2F2 U'
rubiks-7,X-Center-XC,X-Center-XC#00,CtrX6p[3x2][D@2L.2F>D@2R.2B>U@2L.2B;D@2R.2F>U@2R.2B>U@2L.2F],CtrX6p[3x2][D@2L.2F>D@2R.2B>U@2L.2B;D@2R.2F>U@2R.2B>U@2L.2F],CtrX6p[3x2][D@2L.2F>D@2R.2B>U@2L.2B;D@2R.2F>U@2R.2B>U@2L.2F],6,0,6,1,U2 2R2 2F2 2R2 2F2 U2
rubiks-7,X-Perm-A,X-Perm-A#00,C4s[UBR<>UFL;ULB<>URF],C4s[UBR<>UFL;ULB<>URF],C4s[UBR<>UFL;ULB<>URF],52,0,10,1,U' L2 F2 B2 R2 D' R2 B2 F2 L2
rubiks-7,X-Perm-B,X-Perm-B#00,C4[UBR>LBU;UFL>RFU],C4[UBR>LBU;UFL>RFU],C4[UBR>LBU;UFL>RFU],4,4,12,1,L F2 R2 D2 R D2 R F2 L2 U2 L U2
rubiks-7,X-Perm-C,X-Perm-C#00,C4[DFR>FUR;DRB>BRU],C4[DFR>FUR;DRB>BRU],C4[DFR>FUR;DRB>BRU],52,4,12,1,F R2 F U2 F' R2 D2 B L2 B' D2 F'
rubiks-7,X-Perm-D,X-Perm-D#00,C4s[DFR<>UBR;DLF<>ULB],C4s[DFR<>UBR;DLF<>ULB],C4s[DFR<>UBR;DLF<>ULB],52,0,10,1,R2 B2 D' B2 R2 L2 F2 U' F2 L2
rubiks-7,X-Perm-E,X-Perm-E#00,C4[DFR>LFD;UBR>LBU],C4[DFR>LFD;UBR>LBU],C4[DFR>LFD;UBR>LBU],4,4,14,1,F' R U R' U' R U R' U' R U R' U' F
rubiks-7,X-Perm-F,X-Perm-F#00,C4[DLF>FLU;DRB>BRU],C4[DLF>FLU;DRB>BRU],C4[DLF>FLU;DRB>BRU],52,4,12,1,F' R2 F U2 F' R2 D2 B L2 B' D2 F
rubiks-7,X-Perm-G,X-Perm-G#00,C4s[DLF<>ULB;DRB<>URF],C4s[DLF<>ULB;DRB<>URF],C4s[DLF<>ULB;DRB<>URF],52,0,12,1,R2 D U R2 F2 L2 B2 D U B2 L2 F2
megaminx,CO2-A,CO2-A#00,C2[UFL>LUF;URF>RFU],C2[UFL>LUF;URF>RFU],C2[UFL>LUF;URF>RFU],2,2,12,1,R bR bL' bR2' R' F R bR2 bL bR' R' F'
megaminx,CO2-B,CO2-B#00,C2[U.bR.R>bR.R.U;UFL>LUF],C2[U.bR.R>bR.R.U;UFL>LUF],C2[U.bR.R>bR.R.U;UFL>LUF],2,2,12,1,L' bL L2 F R' F' L2' bL' L F R F'
megaminx,CO2-C,CO2-C#00,C2[R.sR.dR>sR.dR.R;UFL>LUF],C2[R.sR.dR>sR.dR.R;UFL>LUF],C2[R.sR.dR>sR.dR.R;UFL>LUF],2,2,12,1,F2 R' sR' R F2' U' F R' sR R F' U
megaminx,CO2-D,CO2-D#00,C2[D.dR.sR>dR.sR.D;UFL>LUF],C2[D.dR.sR>dR.sR.D;UFL>LUF],C2[D.dR.sR>dR.sR.D;UFL>LUF],2,2,13,1,sR R2 F' L' F R2' sR R2' F' L F R2 sR2'
megaminx,CO2-E,CO2-E#00,C2[D.sR.B>sR.B.D;UFL>LUF],C2[D.sR.B>sR.B.D;UFL>LUF],C2[D.sR.B>sR.B.D;UFL>LUF],2,2,13,1,sR2 R2 F' L' F R2' sR R2' F' L F R2 sR2
megaminx,CO2-b,CO2-b#00,C2[U.bR.R>R.U.bR;UFL>FLU],C2[U.bR.R>R.U.bR;UFL>FLU],C2[U.bR.R>R.U.bR;UFL>FLU],2,2,12,1,F R' F' L' bL L2 F R F' L2' bL' L
megaminx,CO3-U,CO3-U#00,C3[U.L.bL>L.bL.U;U.bL.bR>bL.bR.U;U.bR.R>bR.R.U],C3[U.L.bL>L.bL.U;U.bL.bR>bL.bR.U;U.bR.R>bR.R.U],C3[U.L.bL>L.bL.U;U.bL.bR>bL.bR.U;U.bR.R>bR.R.U],3,3,15,1,bR U' L' U bR2' R' bR bL2' bR' R bR bL2 U' L U
megaminx,CO3-V,CO3-V#00,C3[U.bL.bR>bL.bR.U;UFL>FLU;URF>RFU],C3[U.bL.bR>bL.bR.U;UFL>FLU;URF>RFU],C3[U.bL.bR>bL.bR.U;UFL>FLU;URF>RFU],3,3,18,1,bR' R2 sR' R F2 R' sR R F2' R U L U' R U L' U' bR
megaminx,CP-II(BQP)00,CP-II(BQP)00#00,C3[B.bR.bL>bR.R.U>L.bL.U],C3[B.bR.bL>bR.R.U>L.bL.U],C3[B.bR.bL>bR.R.U>L.bL.U],3,2,9,1,U' bR B bR' U2 bR B' bR' U'
megaminx,CP-II(BQP)01,CP-II(BQP)01#00,C3[B.bR.bL>R.U.bR>bL.U.L],C3[B.bR.bL>R.U.bR>bL.U.L],C3[B.bR.bL>R.U.bR>bL.U.L],3,2,9,1,U' bL' B' bL U2 bL' B bL U'
megaminx,CP-II(BQP)02,CP-II(BQP)02#00,C3[B.bR.bL>bR.R.U>bL.U.L],C3[B.bR.bL>bR.R.U>bL.U.L],C3[B.bR.bL>bR.R.U>bL.U.L],3,3,14,1,U2 bL2' U2' bL' bR bL L bL' bR' bL L' U2 bL2 U2'
megaminx,CP-II(BQP)03,CP-II(BQP)03#00,C3[B.bR.bL>R.U.bR>L.bL.U],C3[B.bR.bL>R.U.bR>L.bL.U],C3[B.bR.bL>R.U.bR>L.bL.U],3,3,12,1,U' bL' B' bL L' U bL' B bL U' L U
megaminx,CP-II(BQP)04,CP-II(BQP)04#00,C3[B.bR.bL>U.bR.R>U.L.bL],C3[B.bR.bL>U.bR.R>U.L.bL],C3[B.bR.bL>U.bR.R>U.L.bL],3,0,10,1,U2' bL2 U2 L2' U2' L2 bL2' L2' U2 L2
megaminx,CP-II(BQP)05,CP-II(BQP)05#00,C3[B.bR.bL>R.U.bR>U.L.bL],C3[B.bR.bL>R.U.bR>U.L.bL],C3[B.bR.bL>R.U.bR>U.L.bL],3,2,9,1,bL' U R U' bL2 U R' U' bL'
megaminx,CP-II(BQP)06,CP-II(BQP)06#00,C3[B.bR.bL>U.bR.R>bL.U.L],C3[B.bR.bL>U.bR.R>bL.U.L],C3[B.bR.bL>U.bR.R>bL.U.L],3,2,9,1,bR' bL L bL' bR2 bL L' bL' bR'
megaminx,CP-II(BQP)07,CP-II(BQP)07#00,C3[B.bR.bL>bR.R.U>U.L.bL],C3[B.bR.bL>bR.R.U>U.L.bL],C3[B.bR.bL>bR.R.U>U.L.bL],3,2,9,1,bL' bR' R' bR bL2 bR' R bR bL'
megaminx,CP-II(BQP)08,CP-II(BQP)08#00,C3[B.bR.bL>U.bR.R>L.bL.U],C3[B.bR.bL>U.bR.R>L.bL.U],C3[B.bR.bL>U.bR.R>L.bL.U],3,2,9,1,bR' U' L' U bR2 U' L U bR'
megaminx,CP-U00,CP-U00#00,C3[U.L.bL>U.bR.R>U.bL.bR],C3[U.L.bL>U.bR.R>U.bL.bR],C3[U.L.bL>U.bR.R>U.bL.bR],3,0,9,1,bL2 sL' bL bR2 bL' sL bL bR2' bL2
megaminx,CP-U01,CP-U01#00,C3[U.L.bL>R.U.bR>U.bL.bR],C3[U.L.bL>R.U.bR>U.bL.bR],C3[U.L.bL>R.U.bR>U.bL.bR],3,2,13,1,L bL' bR bL L' bL' bR2' bL L bL' bR bL L'
megaminx,CP-U02,CP-U02#00,C3[U.L.bL>bR.R.U>U.bL.bR],C3[U.L.bL>bR.R.U>U.bL.bR],C3[U.L.bL>bR.R.U>U.bL.bR],3,2,8,1,bR bL L bL' bR' bL L' bL'
megaminx,CP-U03,CP-U03#00,C3[U.L.bL>bR.R.U>bR.U.bL],C3[U.L.bL>bR.R.U>bR.U.bL],C3[U.L.bL>bR.R.U>bR.U.bL],3,3,13,1,R bR R' L F R bR2' R' F' L' R bR R'
megaminx,CP-U04,CP-U04#00,C3[U.L.bL>U.bR.R>bR.U.bL],C3[U.L.bL>U.bR.R>bR.U.bL],C3[U.L.bL>U.bR.R>bR.U.bL],3,2,10,1,R' L F R bR' R' F' L' R bR
megaminx,CP-U05,CP-U05#00,C3[U.L.bL>R.U.bR>bR.U.bL],C3[U.L.bL>R.U.bR>bR.U.bL],C3[U.L.bL>R.U.bR>bR.U.bL],3,2,13,1,R' bR bL bR' R bR bL2' bR' R' bR bL bR' R
megaminx,CP-U06,CP-U06#00,C3[U.L.bL>R.U.bR>bL.bR.U],C3[U.L.bL>R.U.bR>bL.bR.U],C3[U.L.bL>R.U.bR>bL.bR.U],3,3,8,1,bR U' L' U bR' U' L U
megaminx,CP-U07,CP-U07#00,C3[U.L.bL>bR.R.U>bL.bR.U],C3[U.L.bL>bR.R.U>bL.bR.U],C3[U.L.bL>bR.R.U>bL.bR.U],3,2,8,1,bR' R' bR bL' bR' R bR bL
megaminx,CP-U08,CP-U08#00,C3[U.L.bL>U.bR.R>bL.bR.U],C3[U.L.bL>U.bR.R>bL.bR.U],C3[U.L.bL>U.bR.R>bL.bR.U],3,2,10,1,R' bL L F' L' bL' L F R L'
megaminx,CP-V00,CP-V00#00,C3[U.bL.bR>FLU>RFU],C3[U.bL.bR>FLU>RFU],C3[U.bL.bR>FLU>RFU],3,2,10,1,bL L F R F' L' F R' F' bL'
megaminx,CP-V01,CP-V01#00,C3[U.bL.bR>UFL>RFU],C3[U.bL.bR>UFL>RFU],C3[U.bL.bR>UFL>RFU],3,2,11,1,R' F R bR' R' F2' R bR R' F R
megaminx,CP-V02,CP-V02#00,C3[U.bL.bR>LUF>RFU],C3[U.bL.bR>LUF>RFU],C3[U.bL.bR>LUF>RFU],3,3,9,1,F' L2 bL2 L2' F' L2 bL2' L2' F2
megaminx,CP-V03,CP-V03#00,C3[U.bL.bR>LUF>URF],C3[U.bL.bR>LUF>URF],C3[U.bL.bR>LUF>URF],3,2,11,1,L F L' bL L F2' L' bL' L F L'
megaminx,CP-V04,CP-V04#00,C3[U.bL.bR>FLU>URF],C3[U.bL.bR>FLU>URF],C3[U.bL.bR>FLU>URF],3,2,8,1,L' bL L F' L' bL' L F
megaminx,CP-V05,CP-V05#00,C3[U.bL.bR>UFL>URF],C3[U.bL.bR>UFL>URF],C3[U.bL.bR>UFL>URF],3,0,14,1,bL F' L' bL' L F L' R bR bL L bL' bR' R'
megaminx,CP-V06,CP-V06#00,C3[U.bL.bR>UFL>FUR],C3[U.bL.bR>UFL>FUR],C3[U.bL.bR>UFL>FUR],3,2,8,1,F R bR' R' F' R bR R'
megaminx,CP-V07,CP-V07#00,C3[U.bL.bR>LUF>FUR],C3[U.bL.bR>LUF>FUR],C3[U.bL.bR>LUF>FUR],3,2,10,1,bR' F' L' F R' F' L F R bR
megaminx,CP-V08,CP-V08#00,C3[U.bL.bR>FLU>FUR],C3[U.bL.bR>FLU>FUR],C3[U.bL.bR>FLU>FUR],3,3,10,1,bR' R bR L' bL' bR' R' bR bL L
megaminx,Commutator4-00,Commutator4-00#00,C4[U.bL.bR>bR.R.U;U.bR.R>U.bL.bR;URF>F.R.dR;dR.F.R>RFU]+E3[RF>RU>Rb.U],C4[U.bL.bR>bR.R.U;U.bR.R>U.bL.bR;URF>F.R.dR;dR.F.R>RFU]+E3[RF>RU>Rb.U],C4[U.bL.bR>bR.R.U;U.bR.R>U.bL.bR;URF>F.R.dR;dR.F.R>RFU]+E3[RF>RU>Rb.U],7,5,4,1,R U R' U'
megaminx,Commutator4-01,Commutator4-01#00,C4[U.bR.R>URF;UFL>R.dR.F;URF>R.U.bR;dR.F.R>LUF]+E3[RF>RU>FU],C4[U.bR.R>URF;UFL>R.dR.F;URF>R.U.bR;dR.F.R>LUF]+E3[RF>RU>FU],C4[U.bR.R>URF;UFL>R.dR.F;URF>R.U.bR;dR.F.R>LUF]+E3[RF>RU>FU],7,5,4,1,R U' R' U
megaminx,Commutator4-02,Commutator4-02#00,C5[U.L.bL>bL.bR.U>dR.F.R>RFU>U.bR.R]+E3[RF>RU>Lb.U],C5[U.L.bL>bL.bR.U>dR.F.R>RFU>U.bR.R]+E3[RF>RU>Lb.U],C5[U.L.bL>bL.bR.U>dR.F.R>RFU>U.bR.R]+E3[RF>RU>Lb.U],8,6,4,1,R U2 R' U2'
megaminx,Commutator4-03,Commutator4-03#00,C5[U.L.bL>R.dR.F>URF>R.U.bR>LUF]+E3[RF>RU>LU],C5[U.L.bL>R.dR.F>URF>R.U.bR>LUF]+E3[RF>RU>LU],C5[U.L.bL>R.dR.F>URF>R.U.bR>LUF]+E3[RF>RU>LU],8,6,4,1,R U2' R' U2
megaminx,Commutator4-04,Commutator4-04#00,C5[R.sR.dR>FUR>R.U.bR>bR.U.bL>R.dR.F]+E3[R.dR>RU;U.bR>dR.R;UR>U.bR],C5[R.sR.dR>FUR>R.U.bR>bR.U.bL>R.dR.F]+E3[R.dR>RU;U.bR>dR.R;UR>U.bR],C5[R.sR.dR>FUR>R.U.bR>bR.U.bL>R.dR.F]+E3[R.dR>RU;U.bR>dR.R;UR>U.bR],8,4,4,1,R2 U R2' U'
megaminx,Commutator4-05,Commutator4-05#00,C5[R.sR.dR>R.dR.F>R.U.bR>FUR>LUF]+E3[R.dR>RU;UF>dR.R;UR>UF],C5[R.sR.dR>R.dR.F>R.U.bR>FUR>LUF]+E3[R.dR>RU;UF>dR.R;UR>UF],C5[R.sR.dR>R.dR.F>R.U.bR>FUR>LUF]+E3[R.dR>RU;UF>dR.R;UR>UF],8,4,4,1,R2 U' R2' U
megaminx,Commutator4-06,Commutator4-06#00,C6[R.sR.dR>FUR>bR.U.bL;U.L.bL>dR.F.R>U.bR.R]+E3[R.dR>RU;U.bL>dR.R;UR>U.bL],C6[R.sR.dR>FUR>bR.U.bL;U.L.bL>dR.F.R>U.bR.R]+E3[R.dR>RU;U.bL>dR.R;UR>U.bL],C6[R.sR.dR>FUR>bR.U.bL;U.L.bL>dR.F.R>U.bR.R]+E3[R.dR>RU;U.bL>dR.R;UR>U.bL],9,4,4,1,R2 U2 R2' U2'
megaminx,Commutator4-07,Commutator4-07#00,C6[R.sR.dR>FUR>bL.U.L;U.bR.R>UFL>dR.F.R]+E3[R.dR>RU;UL>dR.R;UR>UL],C6[R.sR.dR>FUR>bL.U.L;U.bR.R>UFL>dR.F.R]+E3[R.dR>RU;UL>dR.R;UR>UL],C6[R.sR.dR>FUR>bL.U.L;U.bR.R>UFL>dR.F.R]+E3[R.dR>RU;UL>dR.R;UR>UL],9,4,4,1,R2 U2' R2' U2
megaminx,Commutator5-00,Commutator5-00#00,C4[U.L.bL>bL.bR.U;U.bL.bR>U.L.bL;UFL>R.bR.sR;sR.R.bR>FLU]+E3[U.bL>UL>bR.R],C4[U.L.bL>bL.bR.U;U.bL.bR>U.L.bL;UFL>R.bR.sR;sR.R.bR>FLU]+E3[U.bL>UL>bR.R],C4[U.L.bL>bL.bR.U;U.bL.bR>U.L.bL;UFL>R.bR.sR;sR.R.bR>FLU]+E3[U.bL>UL>bR.R],7,3,5,1,U2 R' U R U2
megaminx,Commutator5-01,Commutator5-01#00,C6[U.L.bL>bR.sR.R;U.bL.bR>U.L.bL;U.bR.R>LUF;UFL>U.bR.R;URF>U.bL.bR;sR.R.bR>FUR]+E6p[3x2][U.bL>UL>UR;U.bR>bR.R>UF],C6[U.L.bL>bR.sR.R;U.bL.bR>U.L.bL;U.bR.R>LUF;UFL>U.bR.R;URF>U.bL.bR;sR.R.bR>FUR]+E6p[3x2][U.bL>UL>UR;U.bR>bR.R>UF],C6[U.L.bL>bR.sR.R;U.bL.bR>U.L.bL;U.bR.R>LUF;UFL>U.bR.R;URF>U.bL.bR;sR.R.bR>FUR]+E6p[3x2][U.bL>UL>UR;U.bR>bR.R>UF],12,3,5,1,U2 R' U' R U2
megaminx,Commutator5-02,Commutator5-02#00,C4[U.L.bL>UFL;U.bL.bR>F.R.dR;UFL>L.bL.U;dR.F.R>bL.bR.U]+E3[RF>bL.U;U.bL>UL;UL>FR],C4[U.L.bL>UFL;U.bL.bR>F.R.dR;UFL>L.bL.U;dR.F.R>bL.bR.U]+E3[RF>bL.U;U.bL>UL;UL>FR],C4[U.L.bL>UFL;U.bL.bR>F.R.dR;UFL>L.bL.U;dR.F.R>bL.bR.U]+E3[RF>bL.U;U.bL>UL;UL>FR],7,5,5,1,U2 R U R' U2
megaminx,Commutator5-03,Commutator5-03#00,C6[U.L.bL>UFL;U.bL.bR>FUR;U.bR.R>R.dR.F;UFL>U.bR.R;URF>U.bL.bR;dR.F.R>bL.U.L]+E6[RF>FU>Rb.U;U.bL>UL>UR],C6[U.L.bL>UFL;U.bL.bR>FUR;U.bR.R>R.dR.F;UFL>U.bR.R;URF>U.bL.bR;dR.F.R>bL.U.L]+E6[RF>FU>Rb.U;U.bL>UL>UR],C6[U.L.bL>UFL;U.bL.bR>FUR;U.bR.R>R.dR.F;UFL>U.bR.R;URF>U.bL.bR;dR.F.R>bL.U.L]+E6[RF>FU>Rb.U;U.bL>UL>UR],12,5,5,1,U2 R U' R' U2
megaminx,Corner2MidEdge2-000,Corner2MidEdge2-000#00,C2[UFL>FLU;URF>FUR]+E2[UF>FU;UL>LU],C2[UFL>FLU;URF>FUR]+E2[UF>FU;UL>LU],C2[UFL>FLU;URF>FUR]+E2[UF>FU;UL>LU],4,4,19,1,F2' L2 F L' F' L' F2 U L U' L' U L U' R U L' U' R'
megaminx,Corner3-000,Corner3-000#00,C3[U.bR.R>RFU>L.sL.bL],C3[U.bR.R>RFU>L.sL.bL],C3[U.bR.R>RFU>L.sL.bL],3,3,8,1,U2' L U2 R U2' L' U2 R'
megaminx,Corner3-001,Corner3-001#00,C3[UFL>bR.sR.R>FUR],C3[UFL>bR.sR.R>FUR],C3[UFL>bR.sR.R>FUR],3,2,8,1,R2' U L U' R2 U L' U'
megaminx,Corner3-002,Corner3-002#00,C3[UFL>FUR>sR.R.bR],C3[UFL>FUR>sR.R.bR],C3[UFL>FUR>sR.R.bR],3,2,10,1,bR U L U' R' U L' U' R bR'
megaminx,Corner3-003,Corner3-003#00,C3[UFL>R.bR.sR>URF],C3[UFL>R.bR.sR>URF],C3[UFL>R.bR.sR>URF],3,2,10,1,bR R' F' L' F R F' L F bR'
megaminx,Corner3-004,Corner3-004#00,C3[UFL>sR.R.bR>URF],C3[UFL>sR.R.bR>URF],C3[UFL>sR.R.bR>URF],3,0,8,1,R2' F' L' F R2 F' L F
megaminx,Corner3-005,Corner3-005#00,C3[UFL>sR.R.bR>RFU],C3[UFL>sR.R.bR>RFU],C3[UFL>sR.R.bR>RFU],3,2,11,1,R' F' R bR R' F2 R bR' R' F' R
megaminx,Corner3-006,Corner3-006#00,C3[L.dL.sL>URF>bL.L.sL],C3[L.dL.sL>URF>bL.L.sL],C3[L.dL.sL>URF>bL.L.sL],3,2,9,1,L2 U' R' U L U' R U L2
megaminx,Corner3-007,Corner3-007#00,C3[U.L.bL>R.U.bR>sR.R.bR],C3[U.L.bL>R.U.bR>sR.R.bR],C3[U.L.bL>R.U.bR>sR.R.bR],3,2,12,1,bR U' L' U bR' R' bR U' L U bR' R
megaminx,Corner3-008,Corner3-008#00,C3[U.L.bL>R.bR.sR>bR.R.U],C3[U.L.bL>R.bR.sR>bR.R.U],C3[U.L.bL>R.bR.sR>bR.R.U],3,2,13,1,bR2 U' L' U bR2 R' bR U' L U bR' R bR
megaminx,Corner3-009,Corner3-009#00,C3[UFL>URF>sR.R.bR],C3[UFL>URF>sR.R.bR],C3[UFL>URF>sR.R.bR],3,0,8,1,F' L' F R2' F' L F R2
megaminx,Corner3-010,Corner3-010#00,C3[U.bR.R>L.F.dL>R.dR.F],C3[U.bR.R>L.F.dL>R.dR.F],C3[U.bR.R>L.F.dL>R.dR.F],3,3,12,1,R U L' U' bR R' U L U' R bR' R'
megaminx,Corner3-011,Corner3-011#00,C3[U.bR.R>dL.L.F>LUF],C3[U.bR.R>dL.L.F>LUF],C3[U.bR.R>dL.L.F>LUF],3,2,8,1,L' F R' F' L F R F'
megaminx,Corner3-012,Corner3-012#00,C3[D.dR.sR>L.dL.sL>sR.dR.R],C3[D.dR.sR>L.dL.sL>sR.dR.R],C3[D.dR.sR>L.dL.sL>sR.dR.R],3,2,10,1,sL sR' dR dL' dR' sR dR dL dR' sL'
megaminx,Corner3-013,Corner3-013#00,C3[U.bL.bR>sR.R.bR>UFL],C3[U.bL.bR>sR.R.bR>UFL],C3[U.bL.bR>sR.R.bR>UFL],3,0,9,1,bR' R' F R bR2 R' F' R bR'
megaminx,Corner3MidEdge3-000,Corner3MidEdge3-000#00,C3[U.bL.bR>U.bR.R>LUF]+E3[U.bR>UR;UF>bR.U;UR>FU],C3[U.bL.bR>U.bR.R>LUF]+E3[U.bR>UR;UF>bR.U;UR>FU],C3[U.bL.bR>U.bR.R>LUF]+E3[U.bR>UR;UF>bR.U;UR>FU],6,4,8,1,F R' F' R U R U' R'
megaminx,Corner3MidEdge3-001,Corner3MidEdge3-001#00,C3[U.bL.bR>LUF>U.bR.R]+E3[U.bR>FU>UR],C3[U.bL.bR>LUF>U.bR.R]+E3[U.bR>FU>UR],C3[U.bL.bR>LUF>U.bR.R]+E3[U.bR>FU>UR],6,4,8,1,R U R' U' R' F R F'
megaminx,Corner4MidEdge2-000,Corner4MidEdge2-000#00,C4[U.bR.R>R.dR.F;UFL>RFU;URF>UFL;dR.F.R>U.bR.R]+E2[UF>FU;UR>RU],C4[U.bR.R>R.dR.F;UFL>RFU;URF>UFL;dR.F.R>U.bR.R]+E2[UF>FU;UR>RU],C4[U.bR.R>R.dR.F;UFL>RFU;URF>UFL;dR.F.R>U.bR.R]+E2[UF>FU;UR>RU],6,4,8,1,R U' R' U R' F R F'
megaminx,Corner4MidEdge2-001,Corner4MidEdge2-001#00,C4[U.bR.R>dR.F.R;UFL>URF;URF>LUF;dR.F.R>bR.R.U]+E2[UF>FU;UR>RU],C4[U.bR.R>dR.F.R;UFL>URF;URF>LUF;dR.F.R>bR.R.U]+E2[UF>FU;UR>RU],C4[U.bR.R>dR.F.R;UFL>URF;URF>LUF;dR.F.R>bR.R.U]+E2[UF>FU;UR>RU],6,4,8,1,F R' F' R U' R U R'
megaminx,EF-A,EF-A#00,E2[UF>FU;UR>RU],E2[UF>FU;UR>RU],E2[UF>FU;UR>RU],2,2,13,1,F2 R2' F' R F R F2' L' U' R' U R L
megaminx,EF-B,EF-B#00,E2[U.bR>bR.U;UF>FU],E2[U.bR>bR.U;UF>FU],E2[U.bR>bR.U;UF>FU],2,2,16,1,bR' R' F2 R2' F' R F R F2' L' U' R' U R2 L bR
megaminx,EF-C,EF-C#00,E2[UF>FU;bR.R>R.bR],E2[UF>FU;bR.R>R.bR],E2[UF>FU;bR.R>R.bR],2,2,14,1,R' F2 R2' F' R F R F2' L' U' R' U R2 L
megaminx,EF-D,EF-D#00,E2[UF>FU;sR.R>R.sR],E2[UF>FU;sR.R>R.sR],E2[UF>FU;sR.R>R.sR],2,2,14,1,R2' F2 R2' F' R F R F2' L' U' R' U R2' L
megaminx,EF-E,EF-E#00,E2[UF>FU;bR.sR>sR.bR],E2[UF>FU;bR.sR>sR.bR],E2[UF>FU;bR.sR>sR.bR],2,2,16,1,bR R' F2 R2' F' R F R F2' L' U' R' U R2 L bR'
megaminx,EF-F,EF-F#00,E2[D.dR>dR.D;UF>FU],E2[D.dR>dR.D;UF>FU],E2[D.dR>dR.D;UF>FU],2,2,16,1,dR2' R2 F2 R2' F' R F R F2' L' U' R' U R' L dR2
megaminx,EF-G,EF-G#00,E2[D.sR>sR.D;UF>FU],E2[D.sR>sR.D;UF>FU],E2[D.sR>sR.D;UF>FU],2,2,16,1,sR2 R2' F2 R2' F' R F R F2' L' U' R' U R2' L sR2'
megaminx,EF-H,EF-H#00,E2[DB>BD;UF>FU],E2[DB>BD;UF>FU],E2[DB>BD;UF>FU],2,2,18,1,B sR2' R2' F2 R2' F' R F R F2' L' U' R' U R2' L sR2 B'
megaminx,EF-Q,EF-Q#00,E4[U.bL>bL.U;U.bR>bR.U;UL>LU;UR>RU],E4[U.bL>bL.U;U.bR>bR.U;UL>LU;UR>RU],E4[U.bL>bL.U;U.bR>bR.U;UL>LU;UR>RU],4,4,16,1,bR' R bR U2' R' U2' R2 U bR U' bR' R2 U R2 U2' R'
megaminx,EP-U00,EP-U00#00,E3[UF>UR>UL],E3[UF>UR>UL],E3[UF>UR>UL],3,0,12,1,L U F U' F' L' R' F' U' F U R
megaminx,EP-U01,EP-U01#00,E3[UF>RU>UL],E3[UF>RU>UL],E3[UF>RU>UL],3,2,13,1,L U2 F U' F' U' L' F R U R' U' F'
megaminx,EP-U02,EP-U02#00,E3[UF>RU>LU],E3[UF>RU>LU],E3[UF>RU>LU],3,2,12,1,R' F' U' F U R L U F U' F' L'
megaminx,EP-U03,EP-U03#00,E3[UF>UR>LU],E3[UF>UR>LU],E3[UF>UR>LU],3,2,13,1,F' U' L' U L F R' U' F' U' F U2 R
megaminx,EP-V00,EP-V00#00,E3[U.bL>FU;U.bR>U.bL;UF>bR.U],E3[U.bL>FU;U.bR>U.bL;UF>bR.U],E3[U.bL>FU;U.bR>U.bL;UF>bR.U],3,2,13,1,bR U bL U bL' U2' bR' bL U L U' L' bL'
megaminx,EP-V01,EP-V01#00,E3[U.bL>UF>U.bR],E3[U.bL>UF>U.bR],E3[U.bL>UF>U.bR],3,0,17,1,F' L' bR U2 bL U' bL' U' bR' bL L U L' U' bL' L F
megaminx,EP-V02,EP-V02#00,E3[U.bL>UF;U.bR>bL.U;UF>bR.U],E3[U.bL>UF;U.bR>bL.U;UF>bR.U],E3[U.bL>UF;U.bR>bL.U;UF>bR.U],3,2,15,1,F' L2' bL' U' bL U L bR U bL U' bL' bR' L F
megaminx,EP-V03,EP-V03#00,E3[U.bL>FU;U.bR>bL.U;UF>U.bR],E3[U.bL>FU;U.bR>bL.U;UF>U.bR],E3[U.bL>FU;U.bR>bL.U;UF>U.bR],3,2,16,1,F' L' bL' U' bR' U bR bL L' U' bL' U' bL U2 L2 F
pyraminx,Pyraminx-Center3Cycle-A,Pyraminx-Center3Cycle-A#00,Ctr3[B1>R1>L1],Ctr3[B1>R1>L1],Ctr3[B1>R1>L1],3,0,9,1,U R U R' U R U R' u'
pyraminx,Pyraminx-Center3Cycle-A-I,Pyraminx-Center3Cycle-A-I#00,Ctr3[B1>L1>R1],Ctr3[B1>L1>R1],Ctr3[B1>L1>R1],3,0,9,1,u R U' R' U' R U' R' U'
pyraminx,Pyraminx-Edge2Flip-A,Pyraminx-Edge2Flip-A#00,E2[LB>BL;RB>BR]~v01,E2[LB>BL;RB>BR]~v01,E2[LB>BL;RB>BR],2,2,8,2,R' L R L' U L' U' L
pyraminx,Pyraminx-Edge2Flip-A-I,Pyraminx-Edge2Flip-A-I#00,E2[LB>BL;RB>BR]~v02,E2[LB>BL;RB>BR]~v02,E2[LB>BL;RB>BR],2,2,8,2,L' U L U' L R' L' R
pyraminx,Pyraminx-Edge2Flip-B,Pyraminx-Edge2Flip-B#00,E2[LR>RL;UB>BU]~v01,E2[LR>RL;UB>BU]~v01,E2[LR>RL;UB>BU],2,2,8,2,R U R' U L' U' L U'
pyraminx,Pyraminx-Edge2Flip-B-I,Pyraminx-Edge2Flip-B-I#00,E2[LR>RL;UB>BU]~v02,E2[LR>RL;UB>BU]~v02,E2[LR>RL;UB>BU],2,2,8,2,U L' U L U' R U' R'
pyraminx,Pyraminx-Edge3Cycle-Down,Pyraminx-Edge3Cycle-Down#00,E3[LB>RB>UB],E3[LB>RB>UB],E3[LB>RB>UB],3,0,7,1,L' U L U R U R'
pyraminx,Pyraminx-Edge3Cycle-Down-I,Pyraminx-Edge3Cycle-Down-I#00,E3[LB>UB>RB],E3[LB>UB>RB],E3[LB>UB>RB],3,0,7,1,R U' R' U' L' U' L
pyraminx,Pyraminx-Edge3Cycle-SexyA,Pyraminx-Edge3Cycle-SexyA#00,E3[LB>RL>BU],E3[LB>RL>BU],E3[LB>RL>BU],3,2,4,1,R U R' U'
pyraminx,Pyraminx-Edge3Cycle-SexyA-I,Pyraminx-Edge3Cycle-SexyA-I#00,E3[LB>BU>RL],E3[LB>BU>RL],E3[LB>BU>RL],3,2,4,1,U R U' R'
pyraminx,Pyraminx-Edge3Cycle-SexyB,Pyraminx-Edge3Cycle-SexyB#00,E3[LB>RL>UL],E3[LB>RL>UL],E3[LB>RL>UL],3,2,4,1,R' U R U'
pyraminx,Pyraminx-Edge3Cycle-SexyB-I,Pyraminx-Edge3Cycle-SexyB-I#00,E3[LB>UL>RL],E3[LB>UL>RL],E3[LB>UL>RL],3,2,4,1,U R' U' R
pyraminx,Pyraminx-Edge3Cycle-SkewA,Pyraminx-Edge3Cycle-SkewA#00,E3[RB>UB>UL],E3[RB>UB>UL],E3[RB>UB>UL],3,0,6,1,R L' U L U' R'
pyraminx,Pyraminx-Edge3Cycle-SkewA-I,Pyraminx-Edge3Cycle-SkewA-I#00,E3[RB>UL>UB],E3[RB>UL>UB],E3[RB>UL>UB],3,0,6,1,R U L' U' L R'
pyraminx,Pyraminx-Edge3Cycle-SkewB,Pyraminx-Edge3Cycle-SkewB#00,E3[LR>UB>RB],E3[LR>UB>RB],E3[LR>UB>RB],3,0,5,1,U' R U' R' U'
pyraminx,Pyraminx-Edge3Cycle-SkewB-I,Pyraminx-Edge3Cycle-SkewB-I#00,E3[LR>RB>UB],E3[LR>RB>UB],E3[LR>RB>UB],3,0,5,1,U R U R' U
pyraminx,Pyraminx-Edge3Cycle-UpperA,Pyraminx-Edge3Cycle-UpperA#00,E3[LB>BR>RL],E3[LB>BR>RL],E3[LB>BR>RL],3,2,7,1,R U' R' U' R U' R'
pyraminx,Pyraminx-Edge3Cycle-UpperA-I,Pyraminx-Edge3Cycle-UpperA-I#00,E3[LB>RL>BR],E3[LB>RL>BR],E3[LB>RL>BR],3,2,7,1,R U R' U R U R'
pyraminx,Pyraminx-Edge3Cycle-UpperB,Pyraminx-Edge3Cycle-UpperB#00,E3[LB>RL>RB],E3[LB>RL>RB],E3[LB>RL>RB],3,2,6,1,L R U R' U' L'
pyraminx,Pyraminx-Edge3Cycle-UpperB-I,Pyraminx-Edge3Cycle-UpperB-I#00,E3[LB>RB>RL],E3[LB>RB>RL],E3[LB>RB>RL],3,2,6,1,L U R U' R' L'
master-pyraminx,MasterPyraminx-Center3Cycle-InnerA,MasterPyraminx-Center3Cycle-InnerA#00,Ctr3[B9>U9>R9],Ctr3[B9>U9>R9],Ctr3[B9>U9>R9],3,0,11,1,R 3L 3R R' 3L' 3R 3L 3R R' 3L' 3R
master-pyraminx,MasterPyraminx-Center3Cycle-InnerA-I,MasterPyraminx-Center3Cycle-InnerA-I#00,Ctr3[B9>R9>U9],Ctr3[B9>R9>U9],Ctr3[B9>R9>U9],3,0,11,1,3R' 3L R 3R' 3L' 3R' 3L R 3R' 3L' R'
master-pyraminx,MasterPyraminx-Center3Cycle-OuterA,MasterPyraminx-Center3Cycle-OuterA#00,Ctr3[B1>R1>L1],Ctr3[B1>R1>L1],Ctr3[B1>R1>L1],3,0,9,1,U 3R U 3R' U 3R U 3R' u'
master-pyraminx,MasterPyraminx-Center3Cycle-OuterA-I,MasterPyraminx-Center3Cycle-OuterA-I#00,Ctr3[B1>L1>R1],Ctr3[B1>L1>R1],Ctr3[B1>L1>R1],3,0,9,1,u 3R U' 3R' U' 3R U' 3R' U'
master-pyraminx,MasterPyraminx-MidEdge2Flip-A,MasterPyraminx-MidEdge2Flip-A#00,ME2[LB>BL;RB>BR]~v01,ME2[LB>BL;RB>BR]~v01,ME2[LB>BL;RB>BR],2,2,14,2,3R' 3B L 3B 3U' R' 3L' 3B' 3R' L 3U' 3B' 3L' U'
master-pyraminx,MasterPyraminx-MidEdge2Flip-A-I,MasterPyraminx-MidEdge2Flip-A-I#00,ME2[LB>BL;RB>BR]~v02,ME2[LB>BL;RB>BR]~v02,ME2[LB>BL;RB>BR],2,2,14,2,U 3L 3B 3U L' 3R 3B 3L R 3U 3B' L' 3B' 3R
master-pyraminx,MasterPyraminx-MidEdge2Flip-B,MasterPyraminx-MidEdge2Flip-B#00,ME2[RB>BR;UL>LU]~v01,ME2[RB>BR;UL>LU]~v01,ME2[RB>BR;UL>LU],2,2,15,2,3R 3B L 3B 3U' R' 3L' 3B' 3R' L 3U' 3B' 3L' U' 3R
master-pyraminx,MasterPyraminx-MidEdge2Flip-B-I,MasterPyraminx-MidEdge2Flip-B-I#00,ME2[RB>BR;UL>LU]~v02,ME2[RB>BR;UL>LU]~v02,ME2[RB>BR;UL>LU],2,2,15,2,3R' U 3L 3B 3U L' 3R 3B 3L R 3U 3B' L' 3B' 3R'
master-pyraminx,MasterPyraminx-MidEdge3Cycle-CaseA,MasterPyraminx-MidEdge3Cycle-CaseA#00,ME3[UB>UR>UL],ME3[UB>UR>UL],ME3[UB>UR>UL],3,0,18,1,3R 3L' L' 3U 3L' L 3U' U 3L L' 3U U 3L' L 3U' U 3L' 3R'
master-pyraminx,MasterPyraminx-MidEdge3Cycle-CaseA-I,MasterPyraminx-MidEdge3Cycle-CaseA-I#00,ME3[UB>UL>UR],ME3[UB>UL>UR],ME3[UB>UL>UR],3,0,18,1,3R 3L U' 3U L' 3L U' 3U' L 3L' U' 3U L' 3L 3U' L 3L 3R'
master-pyraminx,MasterPyraminx-MidEdge3Cycle-CaseB,MasterPyraminx-MidEdge3Cycle-CaseB#00,ME3[LR>RU>UL],ME3[LR>RU>UL],ME3[LR>RU>UL],3,2,10,1,B' 3R' 3B 3R' 3B R 3B 3R' 3B 3R'
master-pyraminx,MasterPyraminx-MidEdge3Cycle-CaseB-I,MasterPyraminx-MidEdge3Cycle-CaseB-I#00,ME3[LR>UL>RU],ME3[LR>UL>RU],ME3[LR>UL>RU],3,2,10,1,3R 3B' 3R 3B' R' 3B' 3R 3B' 3R B
master-pyraminx,MasterPyraminx-MidEdge3Cycle-CaseC,MasterPyraminx-MidEdge3Cycle-CaseC#00,ME3[LR>UB>UL],ME3[LR>UB>UL],ME3[LR>UB>UL],3,0,10,1,3B 3L' 3B L 3B 3L' 3B 3L' B' 3L'
master-pyraminx,MasterPyraminx-MidEdge3Cycle-CaseC-I,MasterPyraminx-MidEdge3Cycle-CaseC-I#00,ME3[LR>UL>UB],ME3[LR>UL>UB],ME3[LR>UL>UB],3,0,10,1,3L B 3L 3B' 3L 3B' L' 3B' 3L 3B'
master-pyraminx,MasterPyraminx-MidEdge3Cycle-CaseD,MasterPyraminx-MidEdge3Cycle-CaseD#00,ME3[LB>UB>BR],ME3[LB>UB>BR],ME3[LB>UB>BR],3,2,18,1,3L 3U L 3L' 3U L' 3L 3U 3L 3U' L' 3L 3U L U 3L' U' 3L
master-pyraminx,MasterPyraminx-MidEdge3Cycle-CaseD-I,MasterPyraminx-MidEdge3Cycle-CaseD-I#00,ME3[LB>BR>UB],ME3[LB>BR>UB],ME3[LB>BR>UB],3,2,18,1,3L' U 3L U' L' 3U' 3L' L 3U 3L' 3U' 3L' L 3U' 3L L' 3U' 3L'
master-pyraminx,MasterPyraminx-MidEdge3Cycle-CaseE,MasterPyraminx-MidEdge3Cycle-CaseE#00,ME3[LB>RU>UL],ME3[LB>RU>UL],ME3[LB>RU>UL],3,2,16,1,3R' 3B' 3R' R 3B 3R' B' 3R' U 3B U' 3B U 3B U' 3B
master-pyraminx,MasterPyraminx-MidEdge3Cycle-CaseE-I,MasterPyraminx-MidEdge3Cycle-CaseE-I#00,ME3[LB>UL>RU],ME3[LB>UL>RU],ME3[LB>UL>RU],3,2,16,1,3B' U 3B' U' 3B' U 3B' U' 3R B 3R 3B' R' 3R 3B 3R
master-pyraminx,MasterPyraminx-MidEdge3Cycle-CaseF,MasterPyraminx-MidEdge3Cycle-CaseF#00,ME3[LB>RB>LU],ME3[LB>RB>LU],ME3[LB>RB>LU],3,2,20,1,3L' 3R 3L' R' 3L' 3R 3L' 3R L 3R 3U' B' 3U' 3B 3U' 3B U 3B 3U' 3B
master-pyraminx,MasterPyraminx-MidEdge3Cycle-CaseF-I,MasterPyraminx-MidEdge3Cycle-CaseF-I#00,ME3[LB>LU>RB],ME3[LB>LU>RB],ME3[LB>LU>RB],3,2,20,1,3B' 3U 3B' U' 3B' 3U 3B' 3U B 3U 3R' L' 3R' 3L 3R' 3L R 3L 3R' 3L
master-pyraminx,MasterPyraminx-MidEdge3Cycle-CaseG,MasterPyraminx-MidEdge3Cycle-CaseG#00,ME3[LR>LU>RU],ME3[LR>LU>RU],ME3[LR>LU>RU],3,2,23,1,3R' 3L U 3L 3B' R' 3U' 3L' 3R' 3B' U 3L' 3B' 3U 3B 3U U' 3B' 3U 3B' U 3B U'
master-pyraminx,MasterPyraminx-MidEdge3Cycle-CaseG-I,MasterPyraminx-MidEdge3Cycle-CaseG-I#00,ME3[LR>RU>LU],ME3[LR>RU>LU],ME3[LR>RU>LU],3,2,23,1,U 3B' U' 3B 3U' 3B U 3U' 3B' 3U' 3B 3L U' 3B 3R 3L 3U R 3B 3L' U' 3L' 3R
master-pyraminx,MasterPyraminx-OuterEdge3Cycle-CaseA,MasterPyraminx-OuterEdge3Cycle-CaseA#00,OE3[LB>BL;LB>BR;RB>LB]~v01,OE3[LB>BL;LB>BR;RB>LB]~v01,OE3[LB>BL;LB>BR;RB>LB],3,2,8,2,3R' L 3R L' 3U L' 3U' L
master-pyraminx,MasterPyraminx-OuterEdge3Cycle-CaseA-I,MasterPyraminx-OuterEdge3Cycle-CaseA-I#00,OE3[LB>BL;LB>RB;RB>BL]~v01,OE3[LB>BL;LB>RB;RB>BL]~v01,OE3[LB>BL;LB>RB;RB>BL],3,2,8,2,L' 3U L 3U' L 3R' L' 3R
master-pyraminx,MasterPyraminx-OuterEdge3Cycle-CaseB,MasterPyraminx-OuterEdge3Cycle-CaseB#00,OE3[LB>BL;LB>BR;RB>LB]~v02,OE3[LB>BL;LB>BR;RB>LB]~v02,OE3[LB>BL;LB>BR;RB>LB],3,2,6,2,R' U 3L' U' 3L R
master-pyraminx,MasterPyraminx-OuterEdge3Cycle-CaseB-I,MasterPyraminx-OuterEdge3Cycle-CaseB-I#00,OE3[LB>BL;LB>RB;RB>BL]~v02,OE3[LB>BL;LB>RB;RB>BL]~v02,OE3[LB>BL;LB>RB;RB>BL],3,2,6,2,R' 3L' U 3L U' R
master-pyraminx,MasterPyraminx-OuterEdge3Cycle-CaseC,MasterPyraminx-OuterEdge3Cycle-CaseC#00,OE3[LR>UB;UB>RL;UB>BU]~v01,OE3[LR>UB;UB>RL;UB>BU]~v01,OE3[LR>UB;UB>RL;UB>BU],3,2,7,2,L 3B' R' 3B' R 3B' L'
master-pyraminx,MasterPyraminx-OuterEdge3Cycle-CaseC-I,MasterPyraminx-OuterEdge3Cycle-CaseC-I#00,OE3[LR>BU;UB>LR;UB>BU]~v01,OE3[LR>BU;UB>LR;UB>BU]~v01,OE3[LR>BU;UB>LR;UB>BU],3,2,7,2,L 3B R' 3B R 3B L'
master-pyraminx,MasterPyraminx-OuterEdge3Cycle-CaseD,MasterPyraminx-OuterEdge3Cycle-CaseD#00,OE3[LR>UB;UB>RL;UB>BU]~v02,OE3[LR>UB;UB>RL;UB>BU]~v02,OE3[LR>UB;UB>RL;UB>BU],3,2,8,2,R 3U R' 3U L' 3U' L 3U'
master-pyraminx,MasterPyraminx-OuterEdge3Cycle-CaseD-I,MasterPyraminx-OuterEdge3Cycle-CaseD-I#00,OE3[LR>BU;UB>LR;UB>BU]~v02,OE3[LR>BU;UB>LR;UB>BU]~v02,OE3[LR>BU;UB>LR;UB>BU],3,2,8,2,3U L' 3U L 3U' R 3U' R'
master-pyraminx,MasterPyraminx-OuterEdge3Cycle-CaseE,MasterPyraminx-OuterEdge3Cycle-CaseE#00,OE3[LR>LU;RB>LR;UL>BR]~v01,OE3[LR>LU;RB>LR;UL>BR]~v01,OE3[LR>LU;RB>LR;UL>BR],3,2,5,2,U' 3R' U' 3R U'
master-pyraminx,MasterPyraminx-OuterEdge3Cycle-CaseE-I,MasterPyraminx-OuterEdge3Cycle-CaseE-I#00,OE3[LR>RB;RB>LU;UL>RL]~v01,OE3[LR>RB;RB>LU;UL>RL]~v01,OE3[LR>RB;RB>LU;UL>RL],3,2,5,2,U 3R' U 3R U
master-pyraminx,MasterPyraminx-OuterEdge3Cycle-CaseF,MasterPyraminx-OuterEdge3Cycle-CaseF#00,OE3[LR>LU;RB>LR;UL>BR]~v02,OE3[LR>LU;RB>LR;UL>BR]~v02,OE3[LR>LU;RB>LR;UL>BR],3,2,5,2,3U' R' 3U' R 3U'
master-pyraminx,MasterPyraminx-OuterEdge3Cycle-CaseF-I,MasterPyraminx-OuterEdge3Cycle-CaseF-I#00,OE3[LR>RB;RB>LU;UL>RL]~v02,OE3[LR>RB;RB>LU;UL>RL]~v02,OE3[LR>RB;RB>LU;UL>RL],3,2,5,2,3U R' 3U R 3U
master-pyraminx,MasterPyraminx-OuterEdge3Cycle-CaseG,MasterPyraminx-OuterEdge3Cycle-CaseG#00,OE3[LB>UB>UL],OE3[LB>UB>UL],OE3[LB>UB>UL],3,0,6,1,L' R' 3U' R 3U L
master-pyraminx,MasterPyraminx-OuterEdge3Cycle-CaseG-I,MasterPyraminx-OuterEdge3Cycle-CaseG-I#00,OE3[LB>UL>UB],OE3[LB>UL>UB],OE3[LB>UL>UB],3,0,6,1,L' 3U' R' 3U R L
master-pyraminx,MasterPyraminx-OuterEdge3Cycle-CaseH,MasterPyraminx-OuterEdge3Cycle-CaseH#00,OE3[LR>UB>UR],OE3[LR>UB>UR],OE3[LR>UB>UR],3,0,6,1,3L U 3B' U' 3B 3L'
master-pyraminx,MasterPyraminx-OuterEdge3Cycle-CaseH-I,MasterPyraminx-OuterEdge3Cycle-CaseH-I#00,OE3[LR>UR>UB],OE3[LR>UR>UB],OE3[LR>UR>UB],3,0,6,1,3L 3B' U 3B U' 3L'
master-pyraminx,MasterPyraminx-OuterEdge3Cycle-CaseI,MasterPyraminx-OuterEdge3Cycle-CaseI#00,OE3[LB>LR;LR>BR;RB>BL],OE3[LB>LR;LR>BR;RB>BL],OE3[LB>LR;LR>BR;RB>BL],3,2,6,1,3B L 3U L' 3U' 3B'
master-pyraminx,MasterPyraminx-OuterEdge3Cycle-CaseI-I,MasterPyraminx-OuterEdge3Cycle-CaseI-I#00,OE3[LB>BR;LR>LB;RB>RL],OE3[LB>BR;LR>LB;RB>RL],OE3[LB>BR;LR>LB;RB>RL],3,2,6,1,3B 3U L 3U' L' 3B'
master-pyraminx,MasterPyraminx-OuterEdge3Cycle-CaseJ,MasterPyraminx-OuterEdge3Cycle-CaseJ#00,OE3[LR>UR;RB>RL;UR>BR],OE3[LR>UR;RB>RL;UR>BR],OE3[LR>UR;RB>RL;UR>BR],3,2,7,1,3L' 3B R' 3B R 3B 3L
master-pyraminx,MasterPyraminx-OuterEdge3Cycle-CaseJ-I,MasterPyraminx-OuterEdge3Cycle-CaseJ-I#00,OE3[LR>BR;RB>RU;UR>LR],OE3[LR>BR;RB>RU;UR>LR],OE3[LR>BR;RB>RU;UR>LR],3,2,7,1,3L' 3B' R' 3B' R 3B' 3L
master-pyraminx,MasterPyraminx-OuterEdge3Cycle-SexyA,MasterPyraminx-OuterEdge3Cycle-SexyA#00,OE3[LB>RL;LR>UB;UB>BL]~v01,OE3[LB>RL;LR>UB;UB>BL]~v01,OE3[LB>RL;LR>UB;UB>BL],3,2,4,2,3R U 3R' U'
master-pyraminx,MasterPyraminx-OuterEdge3Cycle-SexyA-I,MasterPyraminx-OuterEdge3Cycle-SexyA-I#00,OE3[LB>BU;LR>BL;UB>LR]~v01,OE3[LB>BU;LR>BL;UB>LR]~v01,OE3[LB>BU;LR>BL;UB>LR],3,2,4,2,U 3R U' 3R'
master-pyraminx,MasterPyraminx-OuterEdge3Cycle-SexyB,MasterPyraminx-OuterEdge3Cycle-SexyB#00,OE3[LB>RL;LR>LU;UL>LB]~v01,OE3[LB>RL;LR>LU;UL>LB]~v01,OE3[LB>RL;LR>LU;UL>LB],3,2,4,2,3R' U 3R U'
master-pyraminx,MasterPyraminx-OuterEdge3Cycle-SexyB-I,MasterPyraminx-OuterEdge3Cycle-SexyB-I#00,OE3[LB>UL;LR>BL;UL>RL]~v01,OE3[LB>UL;LR>BL;UL>RL]~v01,OE3[LB>UL;LR>BL;UL>RL],3,2,4,2,U 3R' U' 3R
master-pyraminx,MasterPyraminx-OuterEdge3Cycle-SexyC,MasterPyraminx-OuterEdge3Cycle-SexyC#00,OE3[LB>RL;LR>UB;UB>BL]~v02,OE3[LB>RL;LR>UB;UB>BL]~v02,OE3[LB>RL;LR>UB;UB>BL],3,2,4,2,R 3U R' 3U'
master-pyraminx,MasterPyraminx-OuterEdge3Cycle-SexyC-I,MasterPyraminx-OuterEdge3Cycle-SexyC-I#00,OE3[LB>BU;LR>BL;UB>LR]~v02,OE3[LB>BU;LR>BL;UB>LR]~v02,OE3[LB>BU;LR>BL;UB>LR],3,2,4,2,3U R 3U' R'
master-pyraminx,MasterPyraminx-OuterEdge3Cycle-SexyD,MasterPyraminx-OuterEdge3Cycle-SexyD#00,OE3[LB>RL;LR>LU;UL>LB]~v02,OE3[LB>RL;LR>LU;UL>LB]~v02,OE3[LB>RL;LR>LU;UL>LB],3,2,4,2,R' 3U R 3U'
master-pyraminx,MasterPyraminx-OuterEdge3Cycle-SexyD-I,MasterPyraminx-OuterEdge3Cycle-SexyD-I#00,OE3[LB>UL;LR>BL;UL>RL]~v02,OE3[LB>UL;LR>BL;UL>RL]~v02,OE3[LB>UL;LR>BL;UL>RL],3,2,4,2,3U R' 3U' R
master-pyraminx,MasterPyraminx-OuterEdge3Cycle-UpperA,MasterPyraminx-OuterEdge3Cycle-UpperA#00,OE3[LB>BR;LR>BL;RB>LR]~v01,OE3[LB>BR;LR>BL;RB>LR]~v01,OE3[LB>BR;LR>BL;RB>LR],3,2,7,2,3R U' 3R' U' 3R U' 3R'
master-pyraminx,MasterPyraminx-OuterEdge3Cycle-UpperA-I,MasterPyraminx-OuterEdge3Cycle-UpperA-I#00,OE3[LB>RL;LR>RB;RB>BL]~v01,OE3[LB>RL;LR>RB;RB>BL]~v01,OE3[LB>RL;LR>RB;RB>BL],3,2,7,2,3R U 3R' U 3R U 3R'
master-pyraminx,MasterPyraminx-OuterEdge3Cycle-UpperB,MasterPyraminx-OuterEdge3Cycle-UpperB#00,OE3[LB>BR;LR>BL;RB>LR]~v02,OE3[LB>BR;LR>BL;RB>LR]~v02,OE3[LB>BR;LR>BL;RB>LR],3,2,7,2,R 3U' R' 3U' R 3U' R'
master-pyraminx,MasterPyraminx-OuterEdge3Cycle-UpperB-I,MasterPyraminx-OuterEdge3Cycle-UpperB-I#00,OE3[LB>RL;LR>RB;RB>BL]~v02,OE3[LB>RL;LR>RB;RB>BL]~v02,OE3[LB>RL;LR>RB;RB>BL],3,2,7,2,R 3U R' 3U R 3U R'
skewb,Skewb-Center3Cycle-A,Skewb-Center3Cycle-A#00,Ctr3[B0>D0>F0],Ctr3[B0>D0>F0],Ctr3[B0>D0>F0],3,0,8,1,DFL' DFR DFL DFR' DRB' DBL DRB DBL'
skewb,Skewb-Center3Cycle-A-I,Skewb-Center3Cycle-A-I#00,Ctr3[B0>F0>D0],Ctr3[B0>F0>D0],Ctr3[B0>F0>D0],3,0,8,1,DBL DRB' DBL' DRB DFR DFL' DFR' DFL
skewb,Skewb-Center3Cycle-B,Skewb-Center3Cycle-B#00,Ctr3[B0>L0>D0],Ctr3[B0>L0>D0],Ctr3[B0>L0>D0],3,0,9,1,DFL DFR DFL DFR' DRB' DBL DRB DBL' DFL
skewb,Skewb-Center3Cycle-B-I,Skewb-Center3Cycle-B-I#00,Ctr3[B0>D0>L0],Ctr3[B0>D0>L0],Ctr3[B0>D0>L0],3,0,9,1,DFL' DBL DRB' DBL' DRB DFR DFL' DFR' DFL'
skewb,Skewb-Corner2Twist,Skewb-Corner2Twist#00,C2[RDB>BRD;ULB>BUL],C2[RDB>BRD;ULB>BUL],C2[RDB>BRD;ULB>BUL],2,2,10,1,UFL URF' UFL' ULB' UBR' URF' ULB URF ULB UBR
skewb,Skewb-Corner2Twist-I,Skewb-Corner2Twist-I#00,C2[RDB>DBR;ULB>LBU],C2[RDB>DBR;ULB>LBU],C2[RDB>DBR;ULB>LBU],2,2,10,1,UBR' ULB' URF' ULB' URF UBR ULB UFL URF UFL'
skewb,Skewb-Corner3,Skewb-Corner3#00,C3[FDL>DLF;RDB>BRD;URF>RFU],C3[FDL>DLF;RDB>BRD;URF>RFU],C3[FDL>DLF;RDB>BRD;URF>RFU],3,3,12,1,UFL URF DFR DRB' DBL DFR DFL DFR' DFL DFR DRB DFR'
skewb,Skewb-Corner3-I,Skewb-Corner3-I#00,C3[FDL>LFD;RDB>DBR;URF>FUR],C3[FDL>LFD;RDB>DBR;URF>FUR],C3[FDL>LFD;RDB>DBR;URF>FUR],3,3,12,1,DFR DRB' DFR' DFL' DFR DFL' DFR' DBL' DRB DFR' URF' UFL'
skewb,Skewb-Corner4-A,Skewb-Corner4-A#00,C4[DLB>LBD;FDL>FUR;RDB>LDF;URF>RBD],C4[DLB>LBD;FDL>FUR;RDB>LDF;URF>RBD],C4[DLB>LBD;FDL>FUR;RDB>LDF;URF>RBD],4,4,9,1,UFL' DFL' DFR UFL' DFL DFR DFL DFR DFL'
skewb,Skewb-Corner4-A-I,Skewb-Corner4-A-I#00,C4[DLB>BDL;FDL>BDR;RDB>UFR;URF>DLF],C4[DLB>BDL;FDL>BDR;RDB>UFR;URF>DLF],C4[DLB>BDL;FDL>BDR;RDB>UFR;URF>DLF],4,4,9,1,DFL DFR' DFL' DFR' DFL' UFL DFR' DFL UFL
skewb,Skewb-Corner4-B,Skewb-Corner4-B#00,C4[FDL>BDR;RDB>UFR;URB>BUR;URF>DLF],C4[FDL>BDR;RDB>UFR;URB>BUR;URF>DLF],C4[FDL>BDR;RDB>UFR;URB>BUR;URF>DLF],4,4,10,1,UFL URF' UFL URF UBR' UFL ULB UFL' ULB' UFL
skewb,Skewb-Corner4-B-I,Skewb-Corner4-B-I#00,C4[FDL>FUR;RDB>LDF;URB>RBU;URF>RBD],C4[FDL>FUR;RDB>LDF;URB>RBU;URF>RBD],C4[FDL>FUR;RDB>LDF;URB>RBU;URF>RBD],4,4,10,1,UFL' ULB UFL ULB' UFL' UBR URF' UFL' URF UFL'
skewb,Skewb-Corner4-C,Skewb-Corner4-C#00,C4[FDL>DLF;RFD>DRF;UFL>LUF;URF>FUR],C4[FDL>DLF;RFD>DRF;UFL>LUF;URF>FUR],C4[FDL>DLF;RFD>DRF;UFL>LUF;URF>FUR],4,4,8,1,DFL' DFR DFL' DFR DFL DFR' DFL DFR'
skewb,Skewb-Corner4-C-I,Skewb-Corner4-C-I#00,C4[FDL>LFD;RFD>FDR;UFL>FLU;URF>RFU],C4[FDL>LFD;RFD>FDR;UFL>FLU;URF>RFU],C4[FDL>LFD;RFD>FDR;UFL>FLU;URF>RFU],4,4,8,1,DFR DFL' DFR DFL' DFR' DFL DFR' DFL
skewb,Skewb-Sexy-A,Skewb-Sexy-A#00,C4[FDL>ULB;RDB>UFR;ULB>DLF;URF>BDR]+Ctr3[B0>R0>L0],C4[FDL>ULB;RDB>UFR;ULB>DLF;URF>BDR]+Ctr3[B0>R0>L0],C4[FDL>ULB;RDB>UFR;ULB>DLF;URF>BDR]+Ctr3[B0>R0>L0],7,3,4,1,DBL' UBR' DBL UBR
skewb,Skewb-Sexy-A-I,Skewb-Sexy-A-I#00,C4[FDL>BUL;RDB>FRU;ULB>FDL;URF>RBD]+Ctr3[B0>L0>R0],C4[FDL>BUL;RDB>FRU;ULB>FDL;URF>RBD]+Ctr3[B0>L0>R0],C4[FDL>BUL;RDB>FRU;ULB>FDL;URF>RBD]+Ctr3[B0>L0>R0],7,3,4,1,UBR' DBL' UBR DBL
skewb,Skewb-Sexy-B,Skewb-Sexy-B#00,C4[FDL>RFU;RDB>UBL;ULB>BDR;URF>FDL]+Ctr3[B0>R0>D0],C4[FDL>RFU;RDB>UBL;ULB>BDR;URF>FDL]+Ctr3[B0>R0>D0],C4[FDL>RFU;RDB>UBL;ULB>BDR;URF>FDL]+Ctr3[B0>R0>D0],7,3,4,1,DBL UBR' DBL' UBR
skewb,Skewb-Sexy-B-I,Skewb-Sexy-B-I#00,C4[FDL>URF;RDB>BLU;ULB>RBD;URF>LFD]+Ctr3[B0>D0>R0],C4[FDL>URF;RDB>BLU;ULB>RBD;URF>LFD]+Ctr3[B0>D0>R0],C4[FDL>URF;RDB>BLU;ULB>RBD;URF>LFD]+Ctr3[B0>D0>R0],7,3,4,1,UBR' DBL UBR DBL'
skewb,Skewb-Sledgehammer-A,Skewb-Sledgehammer-A#00,C4[FDL>RBD;RDB>DFL;ULB>URF;URF>LBU]+Ctr3[D0>F0>L0],C4[FDL>RBD;RDB>DFL;ULB>URF;URF>LBU]+Ctr3[D0>F0>L0],C4[FDL>RBD;RDB>DFL;ULB>URF;URF>LBU]+Ctr3[D0>F0>L0],7,3,4,1,DBL DFR' DBL' DFR
skewb,Skewb-Sledgehammer-A-I,Skewb-Sledgehammer-A-I#00,C4[FDL>DRB;RDB>FLD;ULB>FUR;URF>ULB]+Ctr3[D0>L0>F0],C4[FDL>DRB;RDB>FLD;ULB>FUR;URF>ULB]+Ctr3[D0>L0>F0],C4[FDL>DRB;RDB>FLD;ULB>FUR;URF>ULB]+Ctr3[D0>L0>F0],7,3,4,1,DFR' DBL DFR DBL'
skewb,Skewb-Sledgehammer-B,Skewb-Sledgehammer-B#00,C4[FDL>DRB;RDB>FLD;ULB>URF;URF>BUL]+Ctr3[B0>D0>R0],C4[FDL>DRB;RDB>FLD;ULB>URF;URF>BUL]+Ctr3[B0>D0>R0],C4[FDL>DRB;RDB>FLD;ULB>URF;URF>BUL]+Ctr3[B0>D0>R0],7,3,4,1,DBL' DFR DBL DFR'
skewb,Skewb-Sledgehammer-B-I,Skewb-Sledgehammer-B-I#00,C4[FDL>RBD;RDB>DFL;ULB>RFU;URF>ULB]+Ctr3[B0>R0>D0],C4[FDL>RBD;RDB>DFL;ULB>RFU;URF>ULB]+Ctr3[B0>R0>D0],C4[FDL>RBD;RDB>DFL;ULB>RFU;URF>ULB]+Ctr3[B0>R0>D0],7,3,4,1,DFR DBL' DFR' DBL
fto,FTO-CenterPerm-A,FTO-CenterPerm-A#00,CtrA3[DLF7>URF8>URF6],CtrA3[DLF7>URF8>URF6],CtrA3[DLF7>URF8>URF6],3,0,8,1,mUFL' UBR UFL' UBR' mUFL UBR UFL UBR'
fto,FTO-CenterPerm-A-I,FTO-CenterPerm-A-I#00,CtrA3[DLF7>URF6>URF8],CtrA3[DLF7>URF6>URF8],CtrA3[DLF7>URF6>URF8],3,0,8,1,UBR UFL' UBR' mUFL' UBR UFL UBR' mUFL
fto,FTO-CenterPerm-B,FTO-CenterPerm-B#00,CtrA3[DRB6>URF6>DRB7],CtrA3[DRB6>URF6>DRB7],CtrA3[DRB6>URF6>DRB7],3,0,8,1,mUBR' DFR' UBR DFR mUBR DFR' UBR' DFR
fto,FTO-CenterPerm-B-I,FTO-CenterPerm-B-I#00,CtrA3[DRB6>DRB7>URF6],CtrA3[DRB6>DRB7>URF6],CtrA3[DRB6>DRB7>URF6],3,0,8,1,DFR' UBR DFR mUBR' DFR' UBR' DFR mUBR
fto,FTO-CenterPerm-C,FTO-CenterPerm-C#00,CtrA5[DLF6>DRB8>DRB6>ULB7>DRB7],CtrA5[DLF6>DRB8>DRB6>ULB7>DRB7],CtrA5[DLF6>DRB8>DRB6>ULB7>DRB7],5,0,16,1,mURF DFR DBL' DFR' mURF' DFR DBL DFR' mURF' UBR' DBL UBR mURF UBR' DBL' UBR
fto,FTO-CenterPerm-C-I,FTO-CenterPerm-C-I#00,CtrA5[DLF6>DRB7>ULB7>DRB6>DRB8],CtrA5[DLF6>DRB7>ULB7>DRB6>DRB8],CtrA5[DLF6>DRB7>ULB7>DRB6>DRB8],5,0,16,1,UBR' DBL UBR mURF' UBR' DBL' UBR mURF DFR DBL' DFR' mURF DFR DBL DFR' mURF'
fto,FTO-EdgeCycle3-A,FTO-EdgeCycle3-A#00,CtrA3[ULB6>ULB7>ULB8]+E3[BL>UB;UB>ULB.UFL;UL>DBL.ULB],CtrA3[ULB6>ULB7>ULB8]+E3[BL>UB;UB>ULB.UFL;UL>DBL.ULB],CtrA3[ULB6>ULB7>ULB8]+E3[BL>UB;UB>ULB.UFL;UL>DBL.ULB],6,2,8,1,URF ULB URF' ULB URF ULB URF' ULB
fto,FTO-EdgeCycle3-A-I,FTO-EdgeCycle3-A-I#00,CtrA3[ULB6>ULB8>ULB7]+E3[BL>ULB.UFL;UB>BL;UL>UBR.ULB],CtrA3[ULB6>ULB8>ULB7]+E3[BL>ULB.UFL;UB>BL;UL>UBR.ULB],CtrA3[ULB6>ULB8>ULB7]+E3[BL>ULB.UFL;UB>BL;UL>UBR.ULB],6,2,8,1,ULB' URF ULB' URF' ULB' URF ULB' URF'
fto,FTO-FaceCommutator-A,FTO-FaceCommutator-A#00,C4[2x2]+CtrA5+CtrB5+E3[3]~v01,C4[2x2]+CtrA5+CtrB5+E3[3]~v01,C4[2x2]+CtrA5+CtrB5+E3[3],17,6,4,4,URF UFL URF' UFL'
fto,FTO-FaceCommutator-A-I,FTO-FaceCommutator-A-I#00,C4[2x2]+CtrA5+CtrB5+E3[3]~v02,C4[2x2]+CtrA5+CtrB5+E3[3]~v02,C4[2x2]+CtrA5+CtrB5+E3[3],17,6,4,4,UFL URF UFL' URF'
fto,FTO-FaceCommutator-B,FTO-FaceCommutator-B#00,C4[2x2]+CtrA5+CtrB5+E3[3]~v03,C4[2x2]+CtrA5+CtrB5+E3[3]~v03,C4[2x2]+CtrA5+CtrB5+E3[3],17,6,4,4,URF UFL' URF' UFL
fto,FTO-FaceCommutator-B-I,FTO-FaceCommutator-B-I#00,C4[2x2]+CtrA5+CtrB5+E3[3]~v04,C4[2x2]+CtrA5+CtrB5+E3[3]~v04,C4[2x2]+CtrA5+CtrB5+E3[3],17,6,4,4,UFL' URF UFL URF'
fto,FTO-FaceCommutator-C,FTO-FaceCommutator-C#00,C3[B>DLF.DFR.UFL.URF;F>URF.ULB.UBR.UFL;U>DBL.UBR.DRB.ULB]+CtrB6p[3x2][DBL6>UFL6>UBR7;DFR6>UFL7>UBR6],C3[B>DLF.DFR.UFL.URF;F>URF.ULB.UBR.UFL;U>DBL.UBR.DRB.ULB]+CtrB6p[3x2][DBL6>UFL6>UBR7;DFR6>UFL7>UBR6],C3[B>DLF.DFR.UFL.URF;F>URF.ULB.UBR.UFL;U>DBL.UBR.DRB.ULB]+CtrB6p[3x2][DBL6>UFL6>UBR7;DFR6>UFL7>UBR6],9,3,4,1,URF ULB URF' ULB'
fto,FTO-FaceCommutator-C-I,FTO-FaceCommutator-C-I#00,C3[B>UBR.UFL.URF.ULB;F>DRB.DBL.UBR.ULB;U>URF.DLF.UFL.DFR]+CtrB6p[3x2][DBL6>UBR7>UFL6;DFR6>UBR6>UFL7],C3[B>UBR.UFL.URF.ULB;F>DRB.DBL.UBR.ULB;U>URF.DLF.UFL.DFR]+CtrB6p[3x2][DBL6>UBR7>UFL6;DFR6>UBR6>UFL7],C3[B>UBR.UFL.URF.ULB;F>DRB.DBL.UBR.ULB;U>URF.DLF.UFL.DFR]+CtrB6p[3x2][DBL6>UBR7>UFL6;DFR6>UBR6>UFL7],9,3,4,1,ULB URF ULB' URF'
fto,FTO-FaceCommutator-D,FTO-FaceCommutator-D#00,C3[F>URF.ULB.UBR.UFL;L>DFR.URF.DLF.UFL;U>DBL.DLF.UFL.ULB]+CtrB6p[3x2][DBL8>DFR6>UFL7;UBR7>UFL8>UFL6],C3[F>URF.ULB.UBR.UFL;L>DFR.URF.DLF.UFL;U>DBL.DLF.UFL.ULB]+CtrB6p[3x2][DBL8>DFR6>UFL7;UBR7>UFL8>UFL6],C3[F>URF.ULB.UBR.UFL;L>DFR.URF.DLF.UFL;U>DBL.DLF.UFL.ULB]+CtrB6p[3x2][DBL8>DFR6>UFL7;UBR7>UFL8>UFL6],9,3,4,1,URF ULB' URF' ULB
fto,FTO-FaceCommutator-D-I,FTO-FaceCommutator-D-I#00,C3[F>ULB.DBL.UFL.DLF;L>ULB.UBR.UFL.URF;U>URF.DLF.UFL.DFR]+CtrB6p[3x2][DBL8>UFL7>DFR6;UBR7>UFL6>UFL8],C3[F>ULB.DBL.UFL.DLF;L>ULB.UBR.UFL.URF;U>URF.DLF.UFL.DFR]+CtrB6p[3x2][DBL8>UFL7>DFR6;UBR7>UFL6>UFL8],C3[F>ULB.DBL.UFL.DLF;L>ULB.UBR.UFL.URF;U>URF.DLF.UFL.DFR]+CtrB6p[3x2][DBL8>UFL7>DFR6;UBR7>UFL6>UFL8],9,3,4,1,ULB' URF ULB URF'
fto,FTO-FaceOutPerm-A,FTO-FaceOutPerm-A#00,C3[F>URF.DFR.UBR.DRB;L>DFR.URF.DLF.UFL;R>DLF.DBL.UFL.ULB]+CtrB6p[3x2][DBL8>DFR6>UBR8;DFR8>UFL8>UFL6],C3[F>URF.DFR.UBR.DRB;L>DFR.URF.DLF.UFL;R>DLF.DBL.UFL.ULB]+CtrB6p[3x2][DBL8>DFR6>UBR8;DFR8>UFL8>UFL6],C3[F>URF.DFR.UBR.DRB;L>DFR.URF.DLF.UFL;R>DLF.DBL.UFL.ULB]+CtrB6p[3x2][DBL8>DFR6>UBR8;DFR8>UFL8>UFL6],9,3,5,1,URF ULB' URF ULB URF
fto,FTO-FaceOutPerm-A-I,FTO-FaceOutPerm-A-I#00,C3[F>ULB.DBL.UFL.DLF;L>DFR.DRB.URF.UBR;R>URF.DFR.UFL.DLF]+CtrB6p[3x2][DBL8>UBR8>DFR6;DFR8>UFL6>UFL8],C3[F>ULB.DBL.UFL.DLF;L>DFR.DRB.URF.UBR;R>URF.DFR.UFL.DLF]+CtrB6p[3x2][DBL8>UBR8>DFR6;DFR8>UFL6>UFL8],C3[F>ULB.DBL.UFL.DLF;L>DFR.DRB.URF.UBR;R>URF.DFR.UFL.DLF]+CtrB6p[3x2][DBL8>UBR8>DFR6;DFR8>UFL6>UFL8],9,3,5,1,URF' ULB' URF' ULB URF'
fto,FTO-InsideCommutator-A,FTO-InsideCommutator-A#00,E6[BR>DF;DF>UBR.URF;DL>DLF.UFL;FL>UBR.ULB;UB>DL;UR>DRB.UBR],E6[BR>DF;DF>UBR.URF;DL>DLF.UFL;FL>UBR.ULB;UB>DL;UR>DRB.UBR],E6[BR>DF;DF>UBR.URF;DL>DLF.UFL;FL>UBR.ULB;UB>DL;UR>DRB.UBR],6,4,4,1,mURF mUFL mURF' mUFL'
fto,FTO-InsideCommutator-A-I,FTO-InsideCommutator-A-I#00,E6[BR>UBR.URF;DF>BR;DL>UB;FL>DBL.DLF;UB>DLF.UFL;UR>DLF.DFR],E6[BR>UBR.URF;DF>BR;DL>UB;FL>DBL.DLF;UB>DLF.UFL;UR>DLF.DFR],E6[BR>UBR.URF;DF>BR;DL>UB;FL>DBL.DLF;UB>DLF.UFL;UR>DLF.DFR],6,4,4,1,mUFL mURF mUFL' mURF'
fto,FTO-InsideCommutator-B,FTO-InsideCommutator-B#00,E6[BL>DRB.UBR;BR>DF;DF>DBL.ULB;FL>UBR.ULB;FR>DLF.UFL;UB>FR],E6[BL>DRB.UBR;BR>DF;DF>DBL.ULB;FL>UBR.ULB;FR>DLF.UFL;UB>FR],E6[BL>DRB.UBR;BR>DF;DF>DBL.ULB;FL>UBR.ULB;FR>DLF.UFL;UB>FR],6,4,4,1,mURF mUFL' mURF' mUFL
fto,FTO-InsideCommutator-B-I,FTO-InsideCommutator-B-I#00,E6[BL>DLF.DFR;BR>DBL.ULB;DF>BR;FL>DFR.URF;FR>UB;UB>DLF.UFL],E6[BL>DLF.DFR;BR>DBL.ULB;DF>BR;FL>DFR.URF;FR>UB;UB>DLF.UFL],E6[BL>DLF.DFR;BR>DBL.ULB;DF>BR;FL>DFR.URF;FR>UB;UB>DLF.UFL],6,4,4,1,mUFL' mURF mUFL mURF'
fto,FTO-InsideCommutator-C,FTO-InsideCommutator-C#00,E6[BR>DBL.DLF;DL>ULB.UFL;DR>FL;FL>UBR.URF;UL>BR;UR>DRB.DFR],E6[BR>DBL.DLF;DL>ULB.UFL;DR>FL;FL>UBR.URF;UL>BR;UR>DRB.DFR],E6[BR>DBL.DLF;DL>ULB.UFL;DR>FL;FL>UBR.URF;UL>BR;UR>DRB.DFR],6,4,4,1,mURF mULB mURF' mULB'
fto,FTO-InsideCommutator-C-I,FTO-InsideCommutator-C-I#00,E6[BR>UL;DL>DRB.UBR;DR>UBR.URF;FL>DR;UL>DBL.DLF;UR>DLF.UFL],E6[BR>UL;DL>DRB.UBR;DR>UBR.URF;FL>DR;UL>DBL.DLF;UR>DLF.UFL],E6[BR>UL;DL>DRB.UBR;DR>UBR.URF;FL>DR;UL>DBL.DLF;UR>DLF.UFL],6,4,4,1,mULB mURF mULB' mURF'
fto,FTO-InsideCommutator-D,FTO-InsideCommutator-D#00,E6[BR>UFL.URF;DB>DR;DR>FL;FL>DB;UF>ULB.UFL;UL>BR],E6[BR>UFL.URF;DB>DR;DR>FL;FL>DB;UF>ULB.UFL;UL>BR],E6[BR>UFL.URF;DB>DR;DR>FL;FL>DB;UF>ULB.UFL;UL>BR],6,2,4,1,mURF mULB' mURF' mULB
fto,FTO-InsideCommutator-D-I,FTO-InsideCommutator-D-I#00,E6[BR>UL;DB>FL;DR>DB;FL>DR;UF>DRB.UBR;UL>UFL.URF],E6[BR>UL;DB>FL;DR>DB;FL>DR;UF>DRB.UBR;UL>UFL.URF],E6[BR>UL;DB>FL;DR>DB;FL>DR;UF>DRB.UBR;UL>UFL.URF],6,2,4,1,mULB' mURF mULB mURF'
fto,FTO-MiddleCommutator-A,FTO-MiddleCommutator-A#00,CtrA3[ULB6>URF7>URF8]+CtrB5[DBL8>UFL6>UBR8>DFR6>UBR7]+E5[BL>UF>UR>FR>UB],CtrA3[ULB6>URF7>URF8]+CtrB5[DBL8>UFL6>UBR8>DFR6>UBR7]+E5[BL>UF>UR>FR>UB],CtrA3[ULB6>URF7>URF8]+CtrB5[DBL8>UFL6>UBR8>DFR6>UBR7]+E5[BL>UF>UR>FR>UB],13,0,4,1,URF mUFL URF' mUFL'
fto,FTO-MiddleCommutator-A-I,FTO-MiddleCommutator-A-I#00,CtrA3[ULB6>URF8>URF7]+CtrB5[DBL8>UBR7>DFR6>UBR8>UFL6]+E5[BL>UB>FR>UR>UF],CtrA3[ULB6>URF8>URF7]+CtrB5[DBL8>UBR7>DFR6>UBR8>UFL6]+E5[BL>UB>FR>UR>UF],CtrA3[ULB6>URF8>URF7]+CtrB5[DBL8>UBR7>DFR6>UBR8>UFL6]+E5[BL>UB>FR>UR>UF],13,0,4,1,mUFL URF mUFL' URF'
fto,FTO-MiddleCommutator-B,FTO-MiddleCommutator-B#00,CtrA3[DLF7>URF7>URF8]+CtrB5[DBL8>UBR8>UFL6>UBR7>DFR6]+E5[DF>UFL.URF;DL>DLF.DFR;FR>DL;UF>UR;UR>FR],CtrA3[DLF7>URF7>URF8]+CtrB5[DBL8>UBR8>UFL6>UBR7>DFR6]+E5[DF>UFL.URF;DL>DLF.DFR;FR>DL;UF>UR;UR>FR],CtrA3[DLF7>URF7>URF8]+CtrB5[DBL8>UBR8>UFL6>UBR7>DFR6]+E5[DF>UFL.URF;DL>DLF.DFR;FR>DL;UF>UR;UR>FR],13,2,4,1,URF mUFL' URF' mUFL
fto,FTO-MiddleCommutator-B-I,FTO-MiddleCommutator-B-I#00,CtrA3[DLF7>URF8>URF7]+CtrB5[DBL8>DFR6>UBR7>UFL6>UBR8]+E5[DF>DBL.DLF;DL>FR;FR>UR;UF>DLF.DFR;UR>UF],CtrA3[DLF7>URF8>URF7]+CtrB5[DBL8>DFR6>UBR7>UFL6>UBR8]+E5[DF>DBL.DLF;DL>FR;FR>UR;UF>DLF.DFR;UR>UF],CtrA3[DLF7>URF8>URF7]+CtrB5[DBL8>DFR6>UBR7>UFL6>UBR8]+E5[DF>DBL.DLF;DL>FR;FR>UR;UF>DLF.DFR;UR>UF],13,2,4,1,mUFL' URF mUFL URF'
fto,FTO-MiddleCommutator-C,FTO-MiddleCommutator-C#00,CtrA3[DRB6>URF6>URF7]+CtrB5[DBL7>UFL7>DFR8>UFL6>UBR8]+E5[BR>DFR.URF;DB>BR;FR>UF;UF>UR;UR>DRB.DBL],CtrA3[DRB6>URF6>URF7]+CtrB5[DBL7>UFL7>DFR8>UFL6>UBR8]+E5[BR>DFR.URF;DB>BR;FR>UF;UF>UR;UR>DRB.DBL],CtrA3[DRB6>URF6>URF7]+CtrB5[DBL7>UFL7>DFR8>UFL6>UBR8]+E5[BR>DFR.URF;DB>BR;FR>UF;UF>UR;UR>DRB.DBL],13,2,4,1,URF mULB URF' mULB'
fto,FTO-MiddleCommutator-C-I,FTO-MiddleCommutator-C-I#00,CtrA3[DRB6>URF7>URF6]+CtrB5[DBL7>UBR8>UFL6>DFR8>UFL7]+E5[BR>DB;DB>UBR.URF;FR>DRB.UBR;UF>FR;UR>UF],CtrA3[DRB6>URF7>URF6]+CtrB5[DBL7>UBR8>UFL6>DFR8>UFL7]+E5[BR>DB;DB>UBR.URF;FR>DRB.UBR;UF>FR;UR>UF],CtrA3[DRB6>URF7>URF6]+CtrB5[DBL7>UBR8>UFL6>DFR8>UFL7]+E5[BR>DB;DB>UBR.URF;FR>DRB.UBR;UF>FR;UR>UF],13,2,4,1,mULB URF mULB' URF'
fto,FTO-MiddleCommutator-D,FTO-MiddleCommutator-D#00,CtrA3[DLF8>URF6>URF7]+CtrB5[DBL7>DFR8>UFL7>UBR8>UFL6]+E5[DL>FR;FL>DBL.DLF;FR>UF;UF>UR;UR>DLF.UFL],CtrA3[DLF8>URF6>URF7]+CtrB5[DBL7>DFR8>UFL7>UBR8>UFL6]+E5[DL>FR;FL>DBL.DLF;FR>UF;UF>UR;UR>DLF.UFL],CtrA3[DLF8>URF6>URF7]+CtrB5[DBL7>DFR8>UFL7>UBR8>UFL6]+E5[DL>FR;FL>DBL.DLF;FR>UF;UF>UR;UR>DLF.UFL],13,2,4,1,URF mULB' URF' mULB
fto,FTO-MiddleCommutator-D-I,FTO-MiddleCommutator-D-I#00,CtrA3[DLF8>URF7>URF6]+CtrB5[DBL7>UFL6>UBR8>UFL7>DFR8]+E5[DL>DLF.UFL;FL>UBR.URF;FR>DL;UF>FR;UR>UF],CtrA3[DLF8>URF7>URF6]+CtrB5[DBL7>UFL6>UBR8>UFL7>DFR8]+E5[DL>DLF.UFL;FL>UBR.URF;FR>DL;UF>FR;UR>UF],CtrA3[DLF8>URF7>URF6]+CtrB5[DBL7>UFL6>UBR8>UFL7>DFR8]+E5[DL>DLF.UFL;FL>UBR.URF;FR>DL;UF>FR;UR>UF],13,2,4,1,mULB' URF mULB URF'
cto,CTO-Center1-A,CTO-Center1-A#00,Ctr1[U>ULB.UBR.URF.UFL]~v01,Ctr1[U>ULB.UBR.URF.UFL]~v01,Ctr1[U>ULB.UBR.URF.UFL],1,1,13,2,U2 R U2 R' U R U2 R' U2 u2 R U R'
cto,CTO-Center1-A-I,CTO-Center1-A-I#00,Ctr1[U>ULB.UBR.URF.UFL]~v02,Ctr1[U>ULB.UBR.URF.UFL]~v02,Ctr1[U>ULB.UBR.URF.UFL],1,1,13,2,R U' R' u2 U2 R U2 R' U' R U2 R' U2
cto,CTO-Center2-A,CTO-Center2-A#00,Ctr2[D>DLF.DBL.DRB.DFR;F>UFL.DLF.URF.DFR],Ctr2[D>DLF.DBL.DRB.DFR;F>UFL.DLF.URF.DFR],Ctr2[D>DLF.DBL.DRB.DFR;F>UFL.DLF.URF.DFR],2,2,19,1,D B D B' D2 B D B' d' F D F D' F D F D' F f'
cto,CTO-Center2-A-I,CTO-Center2-A-I#00,Ctr2[D>DRB.DFR.DLF.DBL;F>DFR.URF.DLF.UFL],Ctr2[D>DRB.DFR.DLF.DBL;F>DFR.URF.DLF.UFL],Ctr2[D>DRB.DFR.DLF.DBL;F>DFR.URF.DLF.UFL],2,2,19,1,f F' D F' D' F' D F' D' F' d B D' B' D2 B D' B' D'
cto,CTO-Commutator-A,CTO-Commutator-A#00,E3[FR>UB;UB>UBR.URF;UR>DFR.URF],E3[FR>UB;UB>UBR.URF;UR>DFR.URF],E3[FR>UB;UB>UBR.URF;UR>DFR.URF],3,2,4,1,U R U' R'
cto,CTO-Commutator-A-I,CTO-Commutator-A-I#00,E3[FR>UBR.URF;UB>FR;UR>UBR.ULB],E3[FR>UBR.URF;UB>FR;UR>UBR.ULB],E3[FR>UBR.URF;UB>FR;UR>UBR.ULB],3,2,4,1,R U R' U'
cto,CTO-Commutator-B,CTO-Commutator-B#00,E3[BR>UBR.ULB;UB>UBR.URF;UR>BR],E3[BR>UBR.ULB;UB>UBR.URF;UR>BR],E3[BR>UBR.ULB;UB>UBR.URF;UR>BR],3,2,4,1,U R' U' R
cto,CTO-Commutator-B-I,CTO-Commutator-B-I#00,E3[BR>UR;UB>DRB.UBR;UR>UBR.ULB],E3[BR>UR;UB>DRB.UBR;UR>UBR.ULB],E3[BR>UR;UB>DRB.UBR;UR>UBR.ULB],3,2,4,1,R' U R U'
cto,CTO-Commutator-C,CTO-Commutator-C#00,E3[FR>UL;UL>UBR.URF;UR>DFR.URF],E3[FR>UL;UL>UBR.URF;UR>DFR.URF],E3[FR>UL;UL>UBR.URF;UR>DFR.URF],3,2,4,1,U2 R U2 R'
cto,CTO-Commutator-C-I,CTO-Commutator-C-I#00,E3[FR>UBR.URF;UL>FR;UR>ULB.UFL],E3[FR>UBR.URF;UL>FR;UR>ULB.UFL],E3[FR>UBR.URF;UL>FR;UR>ULB.UFL],3,2,4,1,R U2 R' U2
cto,CTO-Commutator-D,CTO-Commutator-D#00,E3[BR>ULB.UFL;UL>UBR.URF;UR>BR],E3[BR>ULB.UFL;UL>UBR.URF;UR>BR],E3[BR>ULB.UFL;UL>UBR.URF;UR>BR],3,2,4,1,U2 R' U2 R
cto,CTO-Commutator-D-I,CTO-Commutator-D-I#00,E3[BR>UR;UL>DRB.UBR;UR>ULB.UFL],E3[BR>UR;UL>DRB.UBR;UR>ULB.UFL],E3[BR>UR;UL>DRB.UBR;UR>ULB.UFL],3,2,4,1,R' U2 R U2
cto,CTO-Edge3Cycle-A,CTO-Edge3Cycle-A#00,E3[UB>UFL.URF;UF>UR;UR>UBR.ULB],E3[UB>UFL.URF;UF>UR;UR>UBR.ULB],E3[UB>UFL.URF;UF>UR;UR>UBR.ULB],3,2,6,1,F R U R' U' F'
cto,CTO-Edge3Cycle-A-I,CTO-Edge3Cycle-A-I#00,E3[UB>UBR.URF;UF>UBR.ULB;UR>UF],E3[UB>UBR.URF;UF>UBR.ULB;UR>UF],E3[UB>UBR.URF;UF>UBR.ULB;UR>UF],3,2,6,1,F U R U' R' F'
cto,CTO-Edge3Cycle-B,CTO-Edge3Cycle-B#00,E3[BR>ULB.UFL;UB>DRB.UBR;UL>UB],E3[BR>ULB.UFL;UB>DRB.UBR;UL>UB],E3[BR>ULB.UFL;UB>DRB.UBR;UL>UB],3,2,5,1,U2 R' U' R U'
cto,CTO-Edge3Cycle-B-I,CTO-Edge3Cycle-B-I#00,E3[BR>UBR.ULB;UB>UL;UL>DRB.UBR],E3[BR>UBR.ULB;UB>UL;UL>DRB.UBR],E3[BR>UBR.ULB;UB>UL;UL>DRB.UBR],3,2,5,1,U R' U R U2
cto,CTO-Edge3Cycle-C,CTO-Edge3Cycle-C#00,E3[FR>UL>UB],E3[FR>UL>UB],E3[FR>UL>UB],3,0,5,1,U2 R U' R' U'
cto,CTO-Edge3Cycle-C-I,CTO-Edge3Cycle-C-I#00,E3[FR>UB>UL],E3[FR>UB>UL],E3[FR>UB>UL],3,0,5,1,U R U R' U2
cto,CTO-Edge3Cycle-D,CTO-Edge3Cycle-D#00,E3[BR>UBR.ULB;UB>UF;UF>DRB.UBR],E3[BR>UBR.ULB;UB>UF;UF>DRB.UBR],E3[BR>UBR.ULB;UB>UF;UF>DRB.UBR],3,2,5,1,U R' U2 R U
cto,CTO-Edge3Cycle-D-I,CTO-Edge3Cycle-D-I#00,E3[BR>UFL.URF;UB>DRB.UBR;UF>UB],E3[BR>UFL.URF;UB>DRB.UBR;UF>UB],E3[BR>UFL.URF;UB>DRB.UBR;UF>UB],3,2,5,1,U' R' U2 R U'
cto,CTO-Edge3Cycle-E,CTO-Edge3Cycle-E#00,E3[BR>ULB.UFL;FR>DRB.UBR;UL>FR],E3[BR>ULB.UFL;FR>DRB.UBR;UL>FR],E3[BR>ULB.UFL;FR>DRB.UBR;UL>FR],3,2,5,1,R U2 R2 U2 R
cto,CTO-Edge3Cycle-E-I,CTO-Edge3Cycle-E-I#00,E3[BR>DFR.URF;FR>UL;UL>DRB.UBR],E3[BR>DFR.URF;FR>UL;UL>DRB.UBR],E3[BR>DFR.URF;FR>UL;UL>DRB.UBR],3,2,5,1,R' U2 R2 U2 R'
cto,CTO-Edge3Cycle-F,CTO-Edge3Cycle-F#00,E3[DR>UF>UL],E3[DR>UF>UL],E3[DR>UF>UL],3,0,5,1,U' R2 U' R2 U2
cto,CTO-Edge3Cycle-F-I,CTO-Edge3Cycle-F-I#00,E3[DR>UL>UF],E3[DR>UL>UF],E3[DR>UL>UF],3,0,5,1,U2 R2 U R2 U
cto,CTO-Edge3Cycle-G,CTO-Edge3Cycle-G#00,E3[DR>UL;UL>UBR.URF;UR>DRB.DFR],E3[DR>UL;UL>UBR.URF;UR>DRB.DFR],E3[DR>UL;UL>UBR.URF;UR>DRB.DFR],3,2,4,1,U2 R2 U2 R2
cto,CTO-Edge3Cycle-G-I,CTO-Edge3Cycle-G-I#00,E3[DR>UBR.URF;UL>DR;UR>ULB.UFL],E3[DR>UBR.URF;UL>DR;UR>ULB.UFL],E3[DR>UBR.URF;UL>DR;UR>ULB.UFL],3,2,4,1,R2 U2 R2 U2
cto,CTO-Edge3Cycle-H,CTO-Edge3Cycle-H#00,E3[UB>UL;UL>UBR.URF;UR>UBR.ULB],E3[UB>UL;UL>UBR.URF;UR>UBR.ULB],E3[UB>UL;UL>UBR.URF;UR>UBR.ULB],3,2,7,1,R U R' U R U2 R'
cto,CTO-Edge3Cycle-H-I,CTO-Edge3Cycle-H-I#00,E3[UB>UBR.URF;UL>UB;UR>ULB.UFL],E3[UB>UBR.URF;UL>UB;UR>ULB.UFL],E3[UB>UBR.URF;UL>UB;UR>ULB.UFL],3,2,7,1,R U2 R' U' R U' R'
cto,CTO-Edge3Cycle-I,CTO-Edge3Cycle-I#00,E3[FL>UBR.URF;UF>DLF.UFL;UR>UF],E3[FL>UBR.URF;UF>DLF.UFL;UR>UF],E3[FL>UBR.URF;UF>DLF.UFL;UR>UF],3,2,6,1,F U' R U R' F'
cto,CTO-Edge3Cycle-I-I,CTO-Edge3Cycle-I-I#00,E3[FL>UFL.URF;UF>UR;UR>DLF.UFL],E3[FL>UFL.URF;UF>UR;UR>DLF.UFL],E3[FL>UFL.URF;UF>UR;UR>DLF.UFL],3,2,6,1,F R U' R' U F'
cto,CTO-Edge3Cycle-J,CTO-Edge3Cycle-J#00,E3[BR>UFL.URF;FL>DRB.UBR;UF>FL],E3[BR>UFL.URF;FL>DRB.UBR;UF>FL],E3[BR>UFL.URF;FL>DRB.UBR;UF>FL],3,2,6,1,R' U F U' F' R
cto,CTO-Edge3Cycle-J-I,CTO-Edge3Cycle-J-I#00,E3[BR>DLF.UFL;FL>UF;UF>DRB.UBR],E3[BR>DLF.UFL;FL>UF;UF>DRB.UBR],E3[BR>DLF.UFL;FL>UF;UF>DRB.UBR],3,2,6,1,R' F U F' U' R
cto,CTO-Edge3Cycle-K,CTO-Edge3Cycle-K#00,E3[BR>UF>DR],E3[BR>UF>DR],E3[BR>UF>DR],3,0,6,1,R2 F' U F U' R2
cto,CTO-Edge3Cycle-K-I,CTO-Edge3Cycle-K-I#00,E3[BR>DR>UF],E3[BR>DR>UF],E3[BR>DR>UF],3,0,6,1,R2 U F' U' F R2
cto,CTO-Edge3Cycle-L,CTO-Edge3Cycle-L#00,E3[BR>DF;DF>UFL.URF;UF>DRB.UBR],E3[BR>DF;DF>UFL.URF;UF>DRB.UBR],E3[BR>DF;DF>UFL.URF;UF>DRB.UBR],3,2,6,1,R' F2 U F2 U' R
cto,CTO-Edge3Cycle-L-I,CTO-Edge3Cycle-L-I#00,E3[BR>UFL.URF;DF>BR;UF>DLF.DFR],E3[BR>UFL.URF;DF>BR;UF>DLF.DFR],E3[BR>UFL.URF;DF>BR;UF>DLF.DFR],3,2,6,1,R' U F2 U' F2 R
cto,CTO-Edge3Cycle-M,CTO-Edge3Cycle-M#00,E3[UB>UF>UR],E3[UB>UF>UR],E3[UB>UF>UR],3,0,6,1,R' U2 F' U2 F R
cto,CTO-Edge3Cycle-M-I,CTO-Edge3Cycle-M-I#00,E3[UB>UR>UF],E3[UB>UR>UF],E3[UB>UR>UF],3,0,6,1,R' F' U2 F U2 R
cto,CTO-Flip-A,CTO-Flip-A#00,E2[UF>UFL.URF;UR>UBR.URF]~v01,E2[UF>UFL.URF;UR>UBR.URF]~v01,E2[UF>UFL.URF;UR>UBR.URF],2,2,8,2,R' F R F' U F' U' F
cto,CTO-Flip-A-I,CTO-Flip-A-I#00,E2[UF>UFL.URF;UR>UBR.URF]~v02,E2[UF>UFL.URF;UR>UBR.URF]~v02,E2[UF>UFL.URF;UR>UBR.URF],2,2,8,2,F' U F U' F R' F' R
cto,CTO-Flip-B,CTO-Flip-B#00,E2[FL>DLF.UFL;UR>UBR.URF]~v01,E2[FL>DLF.UFL;UR>UBR.URF]~v01,E2[FL>DLF.UFL;UR>UBR.URF],2,2,8,2,F R' F R F' U F' U'
cto,CTO-Flip-B-I,CTO-Flip-B-I#00,E2[FL>DLF.UFL;UR>UBR.URF]~v02,E2[FL>DLF.UFL;UR>UBR.URF]~v02,E2[FL>DLF.UFL;UR>UBR.URF],2,2,8,2,U F U' F R' F' R F'
cto,CTO-Flip-C,CTO-Flip-C#00,E2[DB>DRB.DBL;DF>DLF.DFR]~v01,E2[DB>DRB.DBL;DF>DLF.DFR]~v01,E2[DB>DRB.DBL;DF>DLF.DFR],2,2,8,2,D2 F D' L D2 L' D F'
cto,CTO-Flip-C-I,CTO-Flip-C-I#00,E2[DB>DRB.DBL;DF>DLF.DFR]~v02,E2[DB>DRB.DBL;DF>DLF.DFR]~v02,E2[DB>DRB.DBL;DF>DLF.DFR],2,2,8,2,F D' L D2 L' D F' D2
cto,CTO-Flip-D,CTO-Flip-D#00,E2[BL>DBL.ULB;FR>DFR.URF]~v01,E2[BL>DBL.ULB;FR>DFR.URF]~v01,E2[BL>DBL.ULB;FR>DFR.URF],2,2,9,2,F L D' L2 D L' F L2 F2
cto,CTO-Flip-D-I,CTO-Flip-D-I#00,E2[BL>DBL.ULB;FR>DFR.URF]~v02,E2[BL>DBL.ULB;FR>DFR.URF]~v02,E2[BL>DBL.ULB;FR>DFR.URF],2,2,9,2,F2 L2 F' L D' L2 D L' F'
cto,CTO-ParityFix-A,CTO-ParityFix-A#00,Ctr1[U>UFL.ULB.UBR.URF]+E2s[FR<>UB],Ctr1[U>UFL.ULB.UBR.URF]+E2s[FR<>UB],Ctr1[U>UFL.ULB.UBR.URF]+E2s[FR<>UB],3,1,9,1,R U' R' u U' R U' R' U2
cto,CTO-ParityFix-A-I,CTO-ParityFix-A-I#00,Ctr1[U>UBR.URF.UFL.ULB]+E2s[FR<>UB],Ctr1[U>UBR.URF.UFL.ULB]+E2s[FR<>UB],Ctr1[U>UBR.URF.UFL.ULB]+E2s[FR<>UB],3,1,9,1,U2 R U R' U u' R U R'
cto,CTO-ParityFix-B,CTO-ParityFix-B#00,Ctr1[U>UBR.URF.UFL.ULB]+E2s[UB<>UL],Ctr1[U>UBR.URF.UFL.ULB]+E2s[UB<>UL],Ctr1[U>UBR.URF.UFL.ULB]+E2s[UB<>UL],3,1,9,1,u' R2 U R2 U2 R2 U R2 U
cto,CTO-ParityFix-B-I,CTO-ParityFix-B-I#00,Ctr1[U>UFL.ULB.UBR.URF]+E2s[UB<>UL],Ctr1[U>UFL.ULB.UBR.URF]+E2s[UB<>UL],Ctr1[U>UFL.ULB.UBR.URF]+E2s[UB<>UL],3,1,9,1,U' R2 U' R2 U2 R2 U' R2 u
cto,CTO-ParityFix-C,CTO-ParityFix-C#00,Ctr1[U>UBR.URF.UFL.ULB]+E2s[FR<>UF],Ctr1[U>UBR.URF.UFL.ULB]+E2s[FR<>UF],Ctr1[U>UBR.URF.UFL.ULB]+E2s[FR<>UF],3,1,9,1,u' R U R' U R U R' U2
cto,CTO-ParityFix-C-I,CTO-ParityFix-C-I#00,Ctr1[U>UFL.ULB.UBR.URF]+E2s[FR<>UF],Ctr1[U>UFL.ULB.UBR.URF]+E2s[FR<>UF],Ctr1[U>UFL.ULB.UBR.URF]+E2s[FR<>UF],3,1,9,1,U2 R U' R' U' R U' R' u
cto,CTO-ParityFix-D,CTO-ParityFix-D#00,Ctr1[U>UFL.ULB.UBR.URF]+E2s[UB<>UF],Ctr1[U>UFL.ULB.UBR.URF]+E2s[UB<>UF],Ctr1[U>UFL.ULB.UBR.URF]+E2s[UB<>UF],3,1,13,1,U2 R U' R' U R U R' U R U' R' u
cto,CTO-ParityFix-D-I,CTO-ParityFix-D-I#00,Ctr1[U>UBR.URF.UFL.ULB]+E2s[UB<>UF],Ctr1[U>UBR.URF.UFL.ULB]+E2s[UB<>UF],Ctr1[U>UBR.URF.UFL.ULB]+E2s[UB<>UF],3,1,13,1,u' R U R' U' R U' R' U' R U R' U2
cto,CTO-ParityFix-E,CTO-ParityFix-E#00,Ctr1[R>DFR.URF.DRB.UBR]+E2s[DR<>UB],Ctr1[R>DFR.URF.DRB.UBR]+E2s[DR<>UB],Ctr1[R>DFR.URF.DRB.UBR]+E2s[DR<>UB],3,1,10,1,R' U R U' R U R U' R' r'
cto,CTO-ParityFix-E-I,CTO-ParityFix-E-I#00,Ctr1[R>UBR.DRB.URF.DFR]+E2s[DR<>UB],Ctr1[R>UBR.DRB.URF.DFR]+E2s[DR<>UB],Ctr1[R>UBR.DRB.URF.DFR]+E2s[DR<>UB],3,1,10,1,r R U R' U' R' U R' U' R
cto,CTO-ParityFix-F,CTO-ParityFix-F#00,Ctr1[R>DFR.URF.DRB.UBR]+E2[UF>UBR.URF;UR>UFL.URF],Ctr1[R>DFR.URF.DRB.UBR]+E2[UF>UBR.URF;UR>UFL.URF],Ctr1[R>DFR.URF.DRB.UBR]+E2[UF>UBR.URF;UR>UFL.URF],3,3,10,1,R U' R U R U' R U R r'
cto,CTO-ParityFix-F-I,CTO-ParityFix-F-I#00,Ctr1[R>UBR.DRB.URF.DFR]+E2[UF>UBR.URF;UR>UFL.URF],Ctr1[R>UBR.DRB.URF.DFR]+E2[UF>UBR.URF;UR>UFL.URF],Ctr1[R>UBR.DRB.URF.DFR]+E2[UF>UBR.URF;UR>UFL.URF],3,3,10,1,r R' U' R' U R' U' R' U R'
cto,CTO-ParityFix-G,CTO-ParityFix-G#00,Ctr1[U>UFL.ULB.UBR.URF]+E2s[DR<>UB],Ctr1[U>UFL.ULB.UBR.URF]+E2s[DR<>UB],Ctr1[U>UFL.ULB.UBR.URF]+E2s[DR<>UB],3,1,9,1,R2 U' R2 u U' R2 U' R2 U2
cto,CTO-ParityFix-G-I,CTO-ParityFix-G-I#00,Ctr1[U>UBR.URF.UFL.ULB]+E2s[DR<>UB],Ctr1[U>UBR.URF.UFL.ULB]+E2s[DR<>UB],Ctr1[U>UBR.URF.UFL.ULB]+E2s[DR<>UB],3,1,9,1,U2 R2 U R2 U u' R2 U R2
cto,CTO-ParityFix-H,CTO-ParityFix-H#00,Ctr1[F>DFR.URF.DLF.UFL]+E2s[BR<>FL],Ctr1[F>DFR.URF.DLF.UFL]+E2s[BR<>FL],Ctr1[F>DFR.URF.DLF.UFL]+E2s[BR<>FL],3,1,11,1,F' f U' R2 F' R2 U F2 U' F' U
cto,CTO-ParityFix-H-I,CTO-ParityFix-H-I#00,Ctr1[F>UFL.DLF.URF.DFR]+E2s[BR<>FL],Ctr1[F>UFL.DLF.URF.DFR]+E2s[BR<>FL],Ctr1[F>UFL.DLF.URF.DFR]+E2s[BR<>FL],3,1,11,1,U' F U F2 U' R2 F R2 U f' F
cto,CTO-ParityFix-I,CTO-ParityFix-I#00,Ctr1[B>DBL.ULB.DRB.UBR]+E2[DF>DBL.DLF;DL>DLF.DFR],Ctr1[B>DBL.ULB.DRB.UBR]+E2[DF>DBL.DLF;DL>DLF.DFR],Ctr1[B>DBL.ULB.DRB.UBR]+E2[DF>DBL.DLF;DL>DLF.DFR],3,3,12,1,B D' L B' L' D B' b D' B' D B
cto,CTO-ParityFix-I-I,CTO-ParityFix-I-I#00,Ctr1[B>UBR.DRB.ULB.DBL]+E2[DF>DBL.DLF;DL>DLF.DFR],Ctr1[B>UBR.DRB.ULB.DBL]+E2[DF>DBL.DLF;DL>DLF.DFR],Ctr1[B>UBR.DRB.ULB.DBL]+E2[DF>DBL.DLF;DL>DLF.DFR],3,3,12,1,B' D' B D b' B D' L B L' D B'
