puzzle,current_name,legacy_names,current_key,current_point,best_transform_index,best_point,point_delta,best_existing_key,best_effect_name,proposed_source_name,moved_count,orientation_count,move_count,moves
rubiks-7,C2[DBL>FDL]+EAll2[RF>BU],,C2[DBL>FDL]+EAll2[RF>BU]#00,2711.5,0,2711.5,0.0,C2[DBL>FDL]+EAll2[RF>BU]#00,C2[DBL>FDL]+EAll2[RF>BU],C2[DBL>FDL]+EAll2[RF>BU],28,4,24,U' L U' D F2 U D' L' U2 F2 U2 F U2 F' U2 F U2 L2 F L2 F U2 F2 U
rubiks-7,C2[DBL>FDL]+EAll2[RF>FU],,C2[DBL>FDL]+EAll2[RF>FU]#00,2711.5,0,2711.5,0.0,C2[DBL>FDL]+EAll2[RF>FU]#00,C2[DBL>FDL]+EAll2[RF>FU],C2[DBL>FDL]+EAll2[RF>FU],52,4,24,U L U' D F2 D' U L' U2 B2 U2 B' U2 B U2 B' U2 L2 B' L2 B' U2 B2 U'
rubiks-7,C2[DBL>FDL]+EAll2s[RF<>UB],,C2[DBL>FDL]+EAll2s[RF<>UB]#00,2711.5,0,2711.5,0.0,C2[DBL>FDL]+EAll2s[RF<>UB]#00,C2[DBL>FDL]+EAll2s[RF<>UB],C2[DBL>FDL]+EAll2s[RF<>UB],52,2,23,D2 F R2 B' D2 B D2 F2 R2 F' R2 F R2 D2 F2 U2 F U2 L2 D2 B D2 L2
rubiks-7,C2[DBL>FDL]+EAll2s[RF<>UF],,C2[DBL>FDL]+EAll2s[RF<>UF]#00,2711.5,0,2711.5,0.0,C2[DBL>FDL]+EAll2s[RF<>UF]#00,C2[DBL>FDL]+EAll2s[RF<>UF],C2[DBL>FDL]+EAll2s[RF<>UF],100,2,23,D2 F R2 B' D2 B D2 F2 R2 F' R2 F R2 D2 F2 D2 B R2 D2 L2 F U2 L2
rubiks-7,C2[DBL>FUR]+CtrCore4[B>L>F>R]~v01,,C2[DBL>FUR]+CtrCore4[B>L>F>R]~v01#00,6.5,0,6.5,0.0,C2[DBL>FUR]+CtrCore4[B>L>F>R]~v01#00,C2[DBL>FUR]+CtrCore4[B>L>F>R],C2[DBL>FUR]+CtrCore4[B>L>F>R]~v01,62,2,40,U2 B' U2 R2 D' F' D R2 U' B U 2D2 3D2 F2 L2 2D2 3D2 L2 F2 2D2 3D2 E R E R' E R' E R E2 R' E R2 B2 E' R' E' R B2 R'
rubiks-7,C2[DBL>FUR]+CtrCore4[B>L>F>R]~v02,,C2[DBL>FUR]+CtrCore4[B>L>F>R]~v02#00,6.5,0,6.5,0.0,C2[DBL>FUR]+CtrCore4[B>L>F>R]~v02#00,C2[DBL>FUR]+CtrCore4[B>L>F>R],C2[DBL>FUR]+CtrCore4[B>L>F>R]~v02,62,2,40,U' B' U R2 D' F D R2 U2 B U2 2D2 3D2 F2 L2 2D2 3D2 L2 F2 2D2 3D2 E R E R' E R' E R E2 R' E R2 B2 E' R' E' R B2 R'
rubiks-7,C2[DBL>FUR]+CtrCore4[B>R>F>L]+CtrObl32p[16x2]+CtrPlus32p[16x2]+CtrX32p[16x2],,C2[DBL>FUR]+CtrCore4[B>R>F>L]+CtrObl32p[16x2]+CtrPlus32p[16x2]+CtrX32p[16x2]#00,82806.5,0,82806.5,0.0,C2[DBL>FUR]+CtrCore4[B>R>F>L]+CtrObl32p[16x2]+CtrPlus32p[16x2]+CtrX32p[16x2]#00,C2[DBL>FUR]+CtrCore4[B>R>F>L]+CtrObl32p[16x2]+CtrPlus32p[16x2]+CtrX32p[16x2],C2[DBL>FUR]+CtrCore4[B>R>F>L]+CtrObl32p[16x2]+CtrPlus32p[16x2]+CtrX32p[16x2],102,2,35,B' D' L' U' L D U' F' U F U B U' D y R B R' B' D' R' D' R2 F' R2 F D2 F2 L B' L' F2 L B L'
rubiks-7,C2[DBL>FUR]+EAll2[FL>BU],,C2[DBL>FUR]+EAll2[FL>BU]#00,2712.5,0,2712.5,0.0,C2[DBL>FUR]+EAll2[FL>BU]#00,C2[DBL>FUR]+EAll2[FL>BU],C2[DBL>FUR]+EAll2[FL>BU],100,4,19,D F D' L2 U B' U' L2 D2 F' D2 U2 L2 D2 B' R2 D2 L2 F'
rubiks-7,C2[DBL>FUR]+EAll2[RF>FU],,C2[DBL>FUR]+EAll2[RF>FU]#00,2712.5,0,2712.5,0.0,C2[DBL>FUR]+EAll2[RF>FU]#00,C2[DBL>FUR]+EAll2[RF>FU],C2[DBL>FUR]+EAll2[RF>FU],28,4,17,D2 R U R' D2 R U' B2 L U L' B2 R D' R D R
rubiks-7,C2[DBL>FUR]+EAll2s[FL<>UB],,C2[DBL>FUR]+EAll2s[FL<>UB]#00,2712.5,0,2712.5,0.0,C2[DBL>FUR]+EAll2s[FL<>UB]#00,C2[DBL>FUR]+EAll2s[FL<>UB],C2[DBL>FUR]+EAll2s[FL<>UB],28,2,28,L U2 L2 R2 D L2 D' L2 R2 U L2 U L' R' D B' D' B D B D2 R' D B D B' D' R2
rubiks-7,C2[DBL>FUR]+EAll2s[RF<>UF],,C2[DBL>FUR]+EAll2s[RF<>UF]#00,2712.5,0,2712.5,0.0,C2[DBL>FUR]+EAll2s[RF<>UF]#00,C2[DBL>FUR]+EAll2s[RF<>UF],C2[DBL>FUR]+EAll2s[RF<>UF],28,2,10,L2 U2 B' U' B U' L2 D F' D'
rubiks-7,C2[DBL>FUR]+ME2s[FL<>RF],,C2[DBL>FUR]+ME2s[FL<>RF]#00,102.5,0,102.5,0.0,C2[DBL>FUR]+ME2s[FL<>RF]#00,C2[DBL>FUR]+ME2s[FL<>RF],C2[DBL>FUR]+ME2s[FL<>RF],48,2,32,D2 L' F D' 2F2 3F2 D2 L2 2F2 3F2 L2 D2 2F2 3F2 D' L' D L D F' D2 L D L D' L' D F D F' L D2
rubiks-7,C2[DBL>FUR]+ME2s[FL<>UB],,C2[DBL>FUR]+ME2s[FL<>UB]#00,72.5,0,72.5,0.0,C2[DBL>FUR]+ME2s[FL<>UB]#00,C2[DBL>FUR]+ME2s[FL<>UB],C2[DBL>FUR]+ME2s[FL<>UB],68,2,35,x' L' R y U' D U2 L' D' 2L2 3L2 D2 B2 2L2 3L2 B2 D2 2L2 3L2 L' D L' F2 R U' R' F2 L' U2 D' U y' R' L x
rubiks-7,C2[DBL>LUF]+ME2[FL>FR]~v01,,C2[DBL>LUF]+ME2[FL>FR]~v01#00,102.5,0,102.5,0.0,C2[DBL>LUF]+ME2[FL>FR]~v01#00,C2[DBL>LUF]+ME2[FL>FR],C2[DBL>LUF]+ME2[FL>FR]~v01,68,4,20,2D2 3D2 L2 F2 2D2 3D2 F2 L2 2D2 3D2 L D' B2 U R' U' B2 D2 L' D'
rubiks-7,C2[DBL>LUF]+ME2[FL>FR]~v02,,C2[DBL>LUF]+ME2[FL>FR]~v02#00,102.5,0,102.5,0.0,C2[DBL>LUF]+ME2[FL>FR]~v02#00,C2[DBL>LUF]+ME2[FL>FR],C2[DBL>LUF]+ME2[FL>FR]~v02,68,4,20,2D2 3D2 L2 F2 2D2 3D2 F2 L2 2D2 3D2 D L D2 B2 U R U' B2 D L'
rubiks-7,C2[DBL>RFU]+ME2[FL>LU],,C2[DBL>RFU]+ME2[FL>LU]#00,72.5,0,72.5,0.0,C2[DBL>RFU]+ME2[FL>LU]#00,C2[DBL>RFU]+ME2[FL>LU],C2[DBL>RFU]+ME2[FL>LU],68,4,33,y' U D' z F' B' U' B' 2U2 3U2 B2 R2 2U2 3U2 R2 B2 2U2 3U2 U' B U' L2 D F' D' L2 U' B F z' D U' y
rubiks-7,C2[DBL>RFU]+ME2s[FL<>RF],,C2[DBL>RFU]+ME2s[FL<>RF]#00,102.5,0,102.5,0.0,C2[DBL>RFU]+ME2s[FL<>RF]#00,C2[DBL>RFU]+ME2s[FL<>RF],C2[DBL>RFU]+ME2s[FL<>RF],68,2,25,D2 L' F D' 2F2 3F2 D2 L2 2F2 3F2 L2 D2 2F2 3F2 F' D F' R2 B U' B' R2 F L D2
rubiks-7,C2[DBL>RUB]+EAll2[FL>FR],,C2[DBL>RUB]+EAll2[FL>FR]#00,3781.5,0,3781.5,0.0,C2[DBL>RUB]+EAll2[FL>FR]#00,C2[DBL>RUB]+EAll2[FL>FR],C2[DBL>RUB]+EAll2[FL>FR],76,4,15,B2 U2 D2 F2 U2 R D' F2 U L' U' F2 D2 R' D
rubiks-7,C2[DFR>FUR]+CtrCore4[B>L>F>R]+CtrObl32p[16x2]+CtrPlus32p[16x2]+CtrX32p[16x2],,C2[DFR>FUR]+CtrCore4[B>L>F>R]+CtrObl32p[16x2]+CtrPlus32p[16x2]+CtrX32p[16x2]#00,82807,0,82807,0,C2[DFR>FUR]+CtrCore4[B>L>F>R]+CtrObl32p[16x2]+CtrPlus32p[16x2]+CtrX32p[16x2]#00,C2[DFR>FUR]+CtrCore4[B>L>F>R]+CtrObl32p[16x2]+CtrPlus32p[16x2]+CtrX32p[16x2],C2[DFR>FUR]+CtrCore4[B>L>F>R]+CtrObl32p[16x2]+CtrPlus32p[16x2]+CtrX32p[16x2],102,2,33,R' U' R' U y' D' R U R F' U D' L D L D' L' D U' F D F' D' R2 B R B' R D2 L' F L D2
rubiks-7,C2[DFR>FUR]+CtrCore4[B>R>F>L]~v01,,C2[DFR>FUR]+CtrCore4[B>R>F>L]~v01#00,7,0,7,0,C2[DFR>FUR]+CtrCore4[B>R>F>L]~v01#00,C2[DFR>FUR]+CtrCore4[B>R>F>L],C2[DFR>FUR]+CtrCore4[B>R>F>L]~v01,78,2,39,U F' U L2 D' B D L2 U2 F 2U2 3U2 F2 R2 2U2 3U2 R2 F2 2U2 3U2 E' L E' L' E' L' E' L E2 L' E' L2 B2 E L' E L B2 L'
rubiks-7,C2[DFR>FUR]+CtrCore4[B>R>F>L]~v02,,C2[DFR>FUR]+CtrCore4[B>R>F>L]~v02#00,7,0,7,0,C2[DFR>FUR]+CtrCore4[B>R>F>L]~v02#00,C2[DFR>FUR]+CtrCore4[B>R>F>L],C2[DFR>FUR]+CtrCore4[B>R>F>L]~v02,78,2,39,F' U2 L2 D' B' D L2 U' F U' 2U2 3U2 F2 R2 2U2 3U2 R2 F2 2U2 3U2 E' L E' L' E' L' E' L E2 L' E' L2 B2 E L' E L B2 L'
rubiks-7,C2[DFR>FUR]+EAll2[FL>FR],,C2[DFR>FUR]+EAll2[FL>FR]#00,3783,0,3783,0,C2[DFR>FUR]+EAll2[FL>FR]#00,C2[DFR>FUR]+EAll2[FL>FR],C2[DFR>FUR]+EAll2[FL>FR],28,4,14,R' F' R F R U' R2 F R F R' F' R U
rubiks-7,C2[DFR>FUR]+EAll2[RF>LU],,C2[DFR>FUR]+EAll2[RF>LU]#00,2713,0,2713,0,C2[DFR>FUR]+EAll2[RF>LU]#00,C2[DFR>FUR]+EAll2[RF>LU],C2[DFR>FUR]+EAll2[RF>LU],28,4,15,R2 U R' U' R' F R2 U' R' U' R U R' F' R'
rubiks-7,C2[DFR>FUR]+EAll2s[FL<>RF],,C2[DFR>FUR]+EAll2s[FL<>RF]#00,3783,0,3783,0,C2[DFR>FUR]+EAll2s[FL<>RF]#00,C2[DFR>FUR]+EAll2s[FL<>RF],C2[DFR>FUR]+EAll2s[FL<>RF],28,2,12,R U' R' U2 F' U' R' F' R U F U'
rubiks-7,C2[DFR>FUR]+ME2[FL>FR],,C2[DFR>FUR]+ME2[FL>FR]#00,103,0,103,0,C2[DFR>FUR]+ME2[FL>FR]#00,C2[DFR>FUR]+ME2[FL>FR],C2[DFR>FUR]+ME2[FL>FR],48,4,24,2U2 3U2 R2 F2 2U2 3U2 F2 R2 2U2 3U2 R' F' R F R U' R2 F R F R' F' R U
rubiks-7,C2[DFR>FUR]+ME2[RF>LU],,C2[DFR>FUR]+ME2[RF>LU]#00,73,0,73,0,C2[DFR>FUR]+ME2[RF>LU]#00,C2[DFR>FUR]+ME2[RF>LU],C2[DFR>FUR]+ME2[RF>LU],48,4,26,R 2F2 3F2 R2 U2 2F2 3F2 U2 R2 2F2 3F2 R U R' U' R' F R2 U' R' U' R U R' F' R'
rubiks-7,C2[DFR>LUF]+CtrCore4[B>L>F>R]+CtrObl32p[16x2]+CtrPlus32p[16x2]+CtrX32p[16x2],,C2[DFR>LUF]+CtrCore4[B>L>F>R]+CtrObl32p[16x2]+CtrPlus32p[16x2]+CtrX32p[16x2]#00,82807,0,82807,0,C2[DFR>LUF]+CtrCore4[B>L>F>R]+CtrObl32p[16x2]+CtrPlus32p[16x2]+CtrX32p[16x2]#00,C2[DFR>LUF]+CtrCore4[B>L>F>R]+CtrObl32p[16x2]+CtrPlus32p[16x2]+CtrX32p[16x2],C2[DFR>LUF]+CtrCore4[B>L>F>R]+CtrObl32p[16x2]+CtrPlus32p[16x2]+CtrX32p[16x2],102,2,33,R' U' R' y' U D' R U R F' D' U L U' D L D' L' D F D F' D' R2 B R B' R D2 L' F L D2
rubiks-7,C2[DFR>LUF]+CtrCore4[B>R>F>L]~v01,,C2[DFR>LUF]+CtrCore4[B>R>F>L]~v01#00,7,0,7,0,C2[DFR>LUF]+CtrCore4[B>R>F>L]~v01#00,C2[DFR>LUF]+CtrCore4[B>R>F>L],C2[DFR>LUF]+CtrCore4[B>R>F>L]~v01,78,2,39,2U2 3U2 F2 R2 2U2 3U2 R2 F2 2U2 3U2 F' U L2 D' B D L2 U2 F U E' L E' L' E' L' E' L E2 L' E' L2 B2 E L' E L B2 L'
rubiks-7,C2[DFR>LUF]+CtrCore4[B>R>F>L]~v02,,C2[DFR>LUF]+CtrCore4[B>R>F>L]~v02#00,7,0,7,0,C2[DFR>LUF]+CtrCore4[B>R>F>L]~v02#00,C2[DFR>LUF]+CtrCore4[B>R>F>L],C2[DFR>LUF]+CtrCore4[B>R>F>L]~v02,78,2,39,2U2 3U2 F2 R2 2U2 3U2 R2 F2 2U2 3U2 U' F' U2 L2 D' B' D L2 U' F E' L E' L' E' L' E' L E2 L' E' L2 B2 E L' E L B2 L'
rubiks-7,C2[DFR>LUF]+ME2[FL>FR]~v01,,C2[DFR>LUF]+ME2[FL>FR]~v01#00,103,0,103,0,C2[DFR>LUF]+ME2[FL>FR]~v01#00,C2[DFR>LUF]+ME2[FL>FR],C2[DFR>LUF]+ME2[FL>FR]~v01,48,4,21,D' L D2 B2 U R U' B2 D L' D2 2U2 3U2 R2 F2 2U2 3U2 F2 R2 2U2 3U2
rubiks-7,C2[DFR>LUF]+ME2[FL>FR]~v02,,C2[DFR>LUF]+ME2[FL>FR]~v02#00,103,0,103,0,C2[DFR>LUF]+ME2[FL>FR]~v02#00,C2[DFR>LUF]+ME2[FL>FR],C2[DFR>LUF]+ME2[FL>FR]~v02,48,4,21,D2 L D' B2 U R' U' B2 D2 L' D 2U2 3U2 R2 F2 2U2 3U2 F2 R2 2U2 3U2
rubiks-7,C2[DFR>RFU]+EAll2[FL>FR],,C2[DFR>RFU]+EAll2[FL>FR]#00,3783,0,3783,0,C2[DFR>RFU]+EAll2[FL>FR]#00,C2[DFR>RFU]+EAll2[FL>FR],C2[DFR>RFU]+EAll2[FL>FR],28,4,10,U' R U' B2 D L' D' B2 U2 R'
rubiks-7,C2[DFR>RFU]+EAll2[RF>LU],,C2[DFR>RFU]+EAll2[RF>LU]#00,2713,0,2713,0,C2[DFR>RFU]+EAll2[RF>LU]#00,C2[DFR>RFU]+EAll2[RF>LU],C2[DFR>RFU]+EAll2[RF>LU],28,4,10,R F R' F D2 B' L B D2 F2
rubiks-7,C2[DFR>RFU]+ME2[FL>FR]~v01,,C2[DFR>RFU]+ME2[FL>FR]~v01#00,103,0,103,0,C2[DFR>RFU]+ME2[FL>FR]~v01#00,C2[DFR>RFU]+ME2[FL>FR],C2[DFR>RFU]+ME2[FL>FR]~v01,68,4,20,U' R U' B2 D L' D' B2 U2 R' 2U2 3U2 R2 F2 2U2 3U2 F2 R2 2U2 3U2
rubiks-7,C2[DFR>RFU]+ME2[FL>FR]~v02,,C2[DFR>RFU]+ME2[FL>FR]~v02#00,103,0,103,0,C2[DFR>RFU]+ME2[FL>FR]~v02#00,C2[DFR>RFU]+ME2[FL>FR],C2[DFR>RFU]+ME2[FL>FR]~v02,68,4,20,R U2 B2 D L D' B2 U R' U 2U2 3U2 R2 F2 2U2 3U2 F2 R2 2U2 3U2
rubiks-7,C2[DFR>RFU]+ME2[RF>LU],,C2[DFR>RFU]+ME2[RF>LU]#00,73,0,73,0,C2[DFR>RFU]+ME2[RF>LU]#00,C2[DFR>RFU]+ME2[RF>LU],C2[DFR>RFU]+ME2[RF>LU],68,4,20,R 2F2 3F2 R2 U2 2F2 3F2 U2 R2 2F2 3F2 F R' F D2 B' L B D2 F2
rubiks-7,C2[DLF>BRU]+EAll2[FL>BU],,C2[DLF>BRU]+EAll2[FL>BU]#00,2712,0,2712,0,C2[DLF>BRU]+EAll2[FL>BU]#00,C2[DLF>BRU]+EAll2[FL>BU],C2[DLF>BRU]+EAll2[FL>BU],28,4,14,U B' U R2 D' F D R2 F U2 B U2 F' U2
rubiks-7,C2[DLF>BRU]+EAll2s[FL<>UB],,C2[DLF>BRU]+EAll2s[FL<>UB]#00,2712,0,2712,0,C2[DLF>BRU]+EAll2s[FL<>UB]#00,C2[DLF>BRU]+EAll2s[FL<>UB],C2[DLF>BRU]+EAll2s[FL<>UB],28,2,18,U2 L D L' U2 L D' L2 F2 R U R' F2 L D' L D L'
rubiks-7,C2[DLF>BRU]+ME2s[FL<>UB],,C2[DLF>BRU]+ME2s[FL<>UB]#00,72,0,72,0,C2[DLF>BRU]+ME2s[FL<>UB]#00,C2[DLF>BRU]+ME2s[FL<>UB],C2[DLF>BRU]+ME2s[FL<>UB],68,2,23,U2 L D 2L2 3L2 D2 F2 2L2 3L2 F2 D2 2L2 3L2 L D' L B2 R' U R B2 L U2
rubiks-7,C2[DLF>FLU]+EAll2[BR>LF]~v01,,C2[DLF>FLU]+EAll2[BR>LF]~v01#00,3373,0,3373,0,C2[DLF>FLU]+EAll2[BR>LF]~v01#00,C2[DLF>FLU]+EAll2[BR>LF],C2[DLF>FLU]+EAll2[BR>LF]~v01,28,4,12,L2 B L B' L' D' B D L U' L U
rubiks-7,C2[DLF>FLU]+EAll2[BR>LF]~v02,,C2[DLF>FLU]+EAll2[BR>LF]~v02#00,3373,0,3373,0,C2[DLF>FLU]+EAll2[BR>LF]~v02#00,C2[DLF>FLU]+EAll2[BR>LF],C2[DLF>FLU]+EAll2[BR>LF]~v02,28,4,22,L D B' D' L' D' L D L B' L2 D L D L' D' L B D B D' L'
rubiks-7,C2[DLF>FLU]+EAll2s[BR<>FL],,C2[DLF>FLU]+EAll2s[BR<>FL]#00,3373,0,3373,0,C2[DLF>FLU]+EAll2s[BR<>FL]#00,C2[DLF>FLU]+EAll2s[BR<>FL],C2[DLF>FLU]+EAll2s[BR<>FL],28,2,11,F2 U F' U L2 D' B D L2 U2 F'
rubiks-7,C2[DLF>FLU]+EAll2s[FL<>UB],,C2[DLF>FLU]+EAll2s[FL<>UB]#00,2713,0,2713,0,C2[DLF>FLU]+EAll2s[FL<>UB]#00,C2[DLF>FLU]+EAll2s[FL<>UB],C2[DLF>FLU]+EAll2s[FL<>UB],28,2,11,L D' L' D L' F2 R U' R' F2 L
rubiks-7,C2[DLF>FLU]+ME2[BR>LF]~v01,,C2[DLF>FLU]+ME2[BR>LF]~v01#00,93,0,93,0,C2[DLF>FLU]+ME2[BR>LF]~v01#00,C2[DLF>FLU]+ME2[BR>LF],C2[DLF>FLU]+ME2[BR>LF]~v01,68,4,26,B L D' L' D L' F2 R U' R' F2 L2 D' 2L2 3L2 D2 B2 2L2 3L2 B2 D2 2L2 3L2 D L' B'
rubiks-7,C2[DLF>FLU]+ME2[BR>LF]~v02,,C2[DLF>FLU]+ME2[BR>LF]~v02#00,93,0,93,0,C2[DLF>FLU]+ME2[BR>LF]~v02#00,C2[DLF>FLU]+ME2[BR>LF],C2[DLF>FLU]+ME2[BR>LF]~v02,48,4,32,L D B' D' 2B2 3B2 L2 D2 2B2 3B2 D2 L2 2B2 3B2 L' D' L D L B' L2 D L D L' D' L B D B D' L'
rubiks-7,C2[DLF>FLU]+ME2s[BR<>FL],,C2[DLF>FLU]+ME2s[BR<>FL]#00,93,0,93,0,C2[DLF>FLU]+ME2s[BR<>FL]#00,C2[DLF>FLU]+ME2s[BR<>FL],C2[DLF>FLU]+ME2s[BR<>FL],68,2,22,F2 U F' U L2 D' B D L2 U2 F 2U2 3U2 F2 R2 2U2 3U2 R2 F2 2U2 3U2 F2
rubiks-7,C2[DLF>FLU]+ME2s[FL<>RF],,C2[DLF>FLU]+ME2s[FL<>RF]#00,103,0,103,0,C2[DLF>FLU]+ME2s[FL<>RF]#00,C2[DLF>FLU]+ME2s[FL<>RF],C2[DLF>FLU]+ME2s[FL<>RF],48,2,30,R' F U' 2F2 3F2 U2 R2 2F2 3F2 R2 U2 2F2 3F2 U' R' U R U F' U2 R U R U' R' U F U F' R
rubiks-7,C2[DLF>FLU]+ME2s[FL<>UB],,C2[DLF>FLU]+ME2s[FL<>UB]#00,73,0,73,0,C2[DLF>FLU]+ME2s[FL<>UB]#00,C2[DLF>FLU]+ME2s[FL<>UB],C2[DLF>FLU]+ME2s[FL<>UB],68,2,21,L D' 2L2 3L2 D2 B2 2L2 3L2 B2 D2 2L2 3L2 L' D L' F2 R U' R' F2 L
rubiks-7,C2[DLF>LUF]+EAll2s[BR<>FL],,C2[DLF>LUF]+EAll2s[BR<>FL]#00,3373,0,3373,0,C2[DLF>LUF]+EAll2s[BR<>FL]#00,C2[DLF>LUF]+EAll2s[BR<>FL],C2[DLF>LUF]+EAll2s[BR<>FL],28,2,15,F' R F' R' F' U F2 R' F' R' F R F' U' F2
rubiks-7,C2[DLF>LUF]+EAll2s[FL<>RF],,C2[DLF>LUF]+EAll2s[FL<>RF]#00,3783,0,3783,0,C2[DLF>LUF]+EAll2s[FL<>RF]#00,C2[DLF>LUF]+EAll2s[FL<>RF],C2[DLF>LUF]+EAll2s[FL<>RF],28,2,14,D U' R U' R' U2 F' U' R' F' R U F D'
rubiks-7,C2[DLF>LUF]+EAll2s[FL<>UB],,C2[DLF>LUF]+EAll2s[FL<>UB]#00,2713,0,2713,0,C2[DLF>LUF]+EAll2s[FL<>UB]#00,C2[DLF>LUF]+EAll2s[FL<>UB],C2[DLF>LUF]+EAll2s[FL<>UB],28,2,17,L D2 B' D B D L' D2 B D B D' B' D L D L'
rubiks-7,C2[DLF>LUF]+ME2s[BR<>FL],,C2[DLF>LUF]+ME2s[BR<>FL]#00,93,0,93,0,C2[DLF>LUF]+ME2s[BR<>FL]#00,C2[DLF>LUF]+ME2s[BR<>FL],C2[DLF>LUF]+ME2s[BR<>FL],48,2,26,F2 2U2 3U2 F2 R2 2U2 3U2 R2 F2 2U2 3U2 F R F' R' F' U F2 R' F' R' F R F' U' F2
rubiks-7,C2[DLF>LUF]+ME2s[FL<>RF],,C2[DLF>LUF]+ME2s[FL<>RF]#00,103,0,103,0,C2[DLF>LUF]+ME2s[FL<>RF]#00,C2[DLF>LUF]+ME2s[FL<>RF],C2[DLF>LUF]+ME2s[FL<>RF],68,2,23,R' F U' 2F2 3F2 U2 R2 2F2 3F2 R2 U2 2F2 3F2 F' U F' L2 B D' B' L2 F R
rubiks-7,C2[DLF>LUF]+ME2s[FL<>UB],,C2[DLF>LUF]+ME2s[FL<>UB]#00,73,0,73,0,C2[DLF>LUF]+ME2s[FL<>UB]#00,C2[DLF>LUF]+ME2s[FL<>UB],C2[DLF>LUF]+ME2s[FL<>UB],48,2,28,L D' 2L2 3L2 D2 B2 2L2 3L2 B2 D2 2L2 3L2 D' B' D B D L' D2 B D B D' B' D L D L'
rubiks-7,C2[DLF>RUB]+ME2s[FL<>UR],,C2[DLF>RUB]+ME2s[FL<>UR]#00,72,0,72,0,C2[DLF>RUB]+ME2s[FL<>UR]#00,C2[DLF>RUB]+ME2s[FL<>UR],C2[DLF>RUB]+ME2s[FL<>UR],68,2,22,U2 F2 R 2F2 3F2 R2 U2 2F2 3F2 U2 R2 2F2 3F2 F R' F D2 B' L B D2 U2
rubiks-7,C2[DRB>BDR;UFL>FLU],,C2[DRB>BDR;UFL>FLU]#00,2.5,0,2.5,0.0,C2[DRB>BDR;UFL>FLU]#00,C2[DRB>BDR;UFL>FLU],C2[DRB>BDR;UFL>FLU],2,2,12,L D2 L' B U2 B' L D2 L' B U2 B'
rubiks-7,C2[DRB>FLU]+EAll2[FL>FR],,C2[DRB>FLU]+EAll2[FL>FR]#00,3782.5,0,3782.5,0.0,C2[DRB>FLU]+EAll2[FL>FR]#00,C2[DRB>FLU]+EAll2[FL>FR],C2[DRB>FLU]+EAll2[FL>FR],28,4,14,D2 L D' B2 U R' U' B2 D' R D' L' D R'
rubiks-7,C2[DRB>FLU]+EAll2s[FL<>RF],,C2[DRB>FLU]+EAll2s[FL<>RF]#00,3782.5,0,3782.5,0.0,C2[DRB>FLU]+EAll2s[FL<>RF]#00,C2[DRB>FLU]+EAll2s[FL<>RF],C2[DRB>FLU]+EAll2s[FL<>RF],28,2,26,F D F' U' F D' F' U R' B' R F' R' B R2 F' R' F D' L' F' L D R F R'
rubiks-7,C2[DRB>FLU]+ME2[FL>FR]~v01,,C2[DRB>FLU]+ME2[FL>FR]~v01#00,102.5,0,102.5,0.0,C2[DRB>FLU]+ME2[FL>FR]~v01#00,C2[DRB>FLU]+ME2[FL>FR],C2[DRB>FLU]+ME2[FL>FR]~v01,68,4,24,D2 L D' B2 U R' U' B2 D' R D' L' D R' 2D2 3D2 L2 F2 2D2 3D2 F2 L2 2D2 3D2
rubiks-7,C2[DRB>FLU]+ME2[FL>FR]~v02,,C2[DRB>FLU]+ME2[FL>FR]~v02#00,102.5,0,102.5,0.0,C2[DRB>FLU]+ME2[FL>FR]~v02#00,C2[DRB>FLU]+ME2[FL>FR],C2[DRB>FLU]+ME2[FL>FR]~v02,68,4,24,R D' L D R' D B2 U R U' B2 D L' D2 2D2 3D2 L2 F2 2D2 3D2 F2 L2 2D2 3D2
rubiks-7,C2[DRB>FLU]+ME2s[FL<>UF],,C2[DRB>FLU]+ME2s[FL<>UF]#00,72.5,0,72.5,0.0,C2[DRB>FLU]+ME2s[FL<>UF]#00,C2[DRB>FLU]+ME2s[FL<>UF],C2[DRB>FLU]+ME2s[FL<>UF],68,2,23,D2 L D 2L2 3L2 D2 F2 2L2 3L2 F2 D2 2L2 3L2 L D' L B2 R' U R B2 L D2
rubiks-7,C2[DRB>FLU]+ME2s[RF<>UB],,C2[DRB>FLU]+ME2s[RF<>UB]#00,72.5,0,72.5,0.0,C2[DRB>FLU]+ME2s[RF<>UB]#00,C2[DRB>FLU]+ME2s[RF<>UB],C2[DRB>FLU]+ME2s[RF<>UB],68,2,34,y' U D' x' R L' R2 U2 B' 2U2 3U2 B2 R2 2U2 3U2 R2 B2 2U2 3U2 U' B U' L2 D F' D' L2 R2 L R' x D U' y
rubiks-7,C2[DRB>LUF]+CtrCore4[B>L>F>R]~v01,,C2[DRB>LUF]+CtrCore4[B>L>F>R]~v01#00,6.5,0,6.5,0.0,C2[DRB>LUF]+CtrCore4[B>L>F>R]~v01#00,C2[DRB>LUF]+CtrCore4[B>L>F>R],C2[DRB>LUF]+CtrCore4[B>L>F>R]~v01,78,2,43,D2 F' D R2 U' B U R2 D B' D F D' B 2D2 3D2 F2 L2 2D2 3D2 L2 F2 2D2 3D2 E R E R' E R' E R E2 R' E R2 B2 E' R' E' R B2 R'
rubiks-7,C2[DRB>LUF]+CtrCore4[B>L>F>R]~v02,,C2[DRB>LUF]+CtrCore4[B>L>F>R]~v02#00,6.5,0,6.5,0.0,C2[DRB>LUF]+CtrCore4[B>L>F>R]~v02#00,C2[DRB>LUF]+CtrCore4[B>L>F>R],C2[DRB>LUF]+CtrCore4[B>L>F>R]~v02,78,2,43,B' D F' D' B D' R2 U' B' U R2 D' F D2 2D2 3D2 F2 L2 2D2 3D2 L2 F2 2D2 3D2 E R E R' E R' E R E2 R' E R2 B2 E' R' E' R B2 R'
rubiks-7,C2[DRB>LUF]+CtrCore4[B>R>F>L]+CtrObl32p[16x2]+CtrPlus32p[16x2]+CtrX32p[16x2],,C2[DRB>LUF]+CtrCore4[B>R>F>L]+CtrObl32p[16x2]+CtrPlus32p[16x2]+CtrX32p[16x2]#00,82806.5,0,82806.5,0.0,C2[DRB>LUF]+CtrCore4[B>R>F>L]+CtrObl32p[16x2]+CtrPlus32p[16x2]+CtrX32p[16x2]#00,C2[DRB>LUF]+CtrCore4[B>R>F>L]+CtrObl32p[16x2]+CtrPlus32p[16x2]+CtrX32p[16x2],C2[DRB>LUF]+CtrCore4[B>R>F>L]+CtrObl32p[16x2]+CtrPlus32p[16x2]+CtrX32p[16x2],102,2,43,D2 F' D R2 U' B U R2 D B' D F D' B y B2 D U' L' U R U R' D U' B U' B' D' F D F' D2 F2 D U L D' L' U' F2 D L'
rubiks-7,C2[DRB>LUF]+EAll2[FL>FR],,C2[DRB>LUF]+EAll2[FL>FR]#00,3782.5,0,3782.5,0.0,C2[DRB>LUF]+EAll2[FL>FR]#00,C2[DRB>LUF]+EAll2[FL>FR],C2[DRB>LUF]+EAll2[FL>FR],28,4,11,D2 L D2 B2 U R U' B2 D L' D'
rubiks-7,C2[DRB>LUF]+EAll2[RF>RU],,C2[DRB>LUF]+EAll2[RF>RU]#00,2712.5,0,2712.5,0.0,C2[DRB>LUF]+EAll2[RF>RU]#00,C2[DRB>LUF]+EAll2[RF>RU],C2[DRB>LUF]+EAll2[RF>RU],100,4,16,D2 F2 R' D2 B2 U2 L2 B2 D2 F' R' F D2 B' L B
rubiks-7,C2[DRB>LUF]+EAll2s[RF<>UR],,C2[DRB>LUF]+EAll2s[RF<>UR]#00,2712.5,0,2712.5,0.0,C2[DRB>LUF]+EAll2s[RF<>UR]#00,C2[DRB>LUF]+EAll2s[RF<>UR],C2[DRB>LUF]+EAll2s[RF<>UR],76,2,22,U2 B' R' B R B U' B2 R B R B' R' B L2 D2 F D2 L2 U2 B U
rubiks-7,C2[DRB>LUF]+ME2[FL>FR]~v01,,C2[DRB>LUF]+ME2[FL>FR]~v01#00,102.5,0,102.5,0.0,C2[DRB>LUF]+ME2[FL>FR]~v01#00,C2[DRB>LUF]+ME2[FL>FR],C2[DRB>LUF]+ME2[FL>FR]~v01,48,4,21,D2 L D2 B2 U R U' B2 D L' D' 2U2 3U2 R2 F2 2U2 3U2 F2 R2 2U2 3U2
rubiks-7,C2[DRB>LUF]+ME2[FL>FR]~v02,,C2[DRB>LUF]+ME2[FL>FR]~v02#00,102.5,0,102.5,0.0,C2[DRB>LUF]+ME2[FL>FR]~v02#00,C2[DRB>LUF]+ME2[FL>FR],C2[DRB>LUF]+ME2[FL>FR]~v02,48,4,21,D L D' B2 U R' U' B2 D2 L' D2 2U2 3U2 R2 F2 2U2 3U2 F2 R2 2U2 3U2
rubiks-7,C2[DRB>LUF]+ME2[RF>RU],,C2[DRB>LUF]+ME2[RF>RU]#00,72.5,0,72.5,0.0,C2[DRB>LUF]+ME2[RF>RU]#00,C2[DRB>LUF]+ME2[RF>RU],C2[DRB>LUF]+ME2[RF>RU],68,4,31,z' F B' y U' D' F2 R 2F2 3F2 R2 U2 2F2 3F2 U2 R2 2F2 3F2 F R' F D2 B' L B D' U y' B F' z
rubiks-7,C2[DRB>LUF]+ME2s[FL<>UL],,C2[DRB>LUF]+ME2s[FL<>UL]#00,72.5,0,72.5,0.0,C2[DRB>LUF]+ME2s[FL<>UL]#00,C2[DRB>LUF]+ME2s[FL<>UL],C2[DRB>LUF]+ME2s[FL<>UL],68,2,20,D2 F2 R 2F2 3F2 R2 U2 2F2 3F2 U2 R2 2F2 3F2 F R' F D2 B' L B
rubiks-7,C2[DRB>RFU]+EAll2[FL>FR],,C2[DRB>RFU]+EAll2[FL>FR]#00,3782.5,0,3782.5,0.0,C2[DRB>RFU]+EAll2[FL>FR]#00,C2[DRB>RFU]+EAll2[FL>FR],C2[DRB>RFU]+EAll2[FL>FR],28,4,10,R' D B2 U' L U B2 D2 R D
rubiks-7,C2[UBR>BUL]+ME2[FL>FR],,C2[UBR>BUL]+ME2[FL>FR]#00,102,0,102,0,C2[UBR>BUL]+ME2[FL>FR]#00,C2[UBR>BUL]+ME2[FL>FR],C2[UBR>BUL]+ME2[FL>FR],68,4,26,2U2 3U2 R2 F2 2U2 3U2 F2 R2 2U2 3U2 U2 R U2 B2 D L D' L' B2 L U R' U2 L U L'
rubiks-7,C2[UBR>FUR]+EAll2s[FL<>UR],,C2[UBR>FUR]+EAll2s[FL<>UR]#00,2713,0,2713,0,C2[UBR>FUR]+EAll2s[FL<>UR]#00,C2[UBR>FUR]+EAll2s[FL<>UR],C2[UBR>FUR]+EAll2s[FL<>UR],52,2,15,L' D2 R F' R' D2 U2 F U2 F' U2 L2 B' L' B
rubiks-7,C2[UBR>FUR]+ME2s[FL<>UR],,C2[UBR>FUR]+ME2s[FL<>UR]#00,73,0,73,0,C2[UBR>FUR]+ME2s[FL<>UR]#00,C2[UBR>FUR]+ME2s[FL<>UR],C2[UBR>FUR]+ME2s[FL<>UR],52,2,26,L' 2B2 3B2 R2 U2 2B2 3B2 U2 R2 2B2 3B2 U2 F U2 F' U2 D2 R F R' D2 L B' L B L'
rubiks-7,C2[UBR>LBU]+ME2[FL>FR],,C2[UBR>LBU]+ME2[FL>FR]#00,102,0,102,0,C2[UBR>LBU]+ME2[FL>FR]#00,C2[UBR>LBU]+ME2[FL>FR],C2[UBR>LBU]+ME2[FL>FR],48,4,25,R2 U2 F2 R' F2 R F2 R2 U2 L' U2 L F2 R' U2 2U2 3U2 R2 F2 2U2 3U2 F2 R2 2U2 3U2
rubiks-7,C2[UBR>LUF]+ME2[FL>FR]~v01,,C2[UBR>LUF]+ME2[FL>FR]~v01#00,103,0,103,0,C2[UBR>LUF]+ME2[FL>FR]~v01#00,C2[UBR>LUF]+ME2[FL>FR],C2[UBR>LUF]+ME2[FL>FR]~v01,68,4,22,F2 R U' B2 D L' D' B2 U2 R' U' F2 2U2 3U2 R2 F2 2U2 3U2 F2 R2 2U2 3U2
rubiks-7,C2[UBR>LUF]+ME2[FL>FR]~v02,,C2[UBR>LUF]+ME2[FL>FR]~v02#00,103,0,103,0,C2[UBR>LUF]+ME2[FL>FR]~v02#00,C2[UBR>LUF]+ME2[FL>FR],C2[UBR>LUF]+ME2[FL>FR]~v02,68,4,22,F2 U R U2 B2 D L D' B2 U R' F2 2U2 3U2 R2 F2 2U2 3U2 F2 R2 2U2 3U2
rubiks-7,C2[UFL>FLU;URF>FUR],,C2[UFL>FLU;URF>FUR]#00,4,0,4,0,C2[UFL>FLU;URF>FUR]#00,C2[UFL>FLU;URF>FUR],C2[UFL>FLU;URF>FUR],2,2,13,R U2 R F' D2 F R' U2 R F' D2 F R2
rubiks-7,C2[UFL>FUR]+EAll2s[FL<>UF],,C2[UFL>FUR]+EAll2s[FL<>UF]#00,2714,0,2714,0,C2[UFL>FUR]+EAll2s[FL<>UF]#00,C2[UFL>FUR]+EAll2s[FL<>UF],C2[UFL>FUR]+EAll2s[FL<>UF],28,2,11,U' R' U' R U' B2 D L' D' B2 U'
rubiks-7,C2[UFL>FUR]+EAll2s[RF<>UF],,C2[UFL>FUR]+EAll2s[RF<>UF]#00,2714,0,2714,0,C2[UFL>FUR]+EAll2s[RF<>UF]#00,C2[UFL>FUR]+EAll2s[RF<>UF],C2[UFL>FUR]+EAll2s[RF<>UF],28,2,10,U2 B' U' B U' L2 D F' D' L2
rubiks-7,C2[UFL>FUR]+ME2[FL>FR],,C2[UFL>FUR]+ME2[FL>FR]#00,104,0,104,0,C2[UFL>FUR]+ME2[FL>FR]#00,C2[UFL>FUR]+ME2[FL>FR],C2[UFL>FUR]+ME2[FL>FR],68,4,26,2U2 3U2 R2 F2 2U2 3U2 F2 R2 2U2 3U2 R U2 B2 D L D' L' B2 L U R' U2 L U L' U2
rubiks-7,C2[UFL>FUR]+ME2s[FL<>UF],,C2[UFL>FUR]+ME2s[FL<>UF]#00,74,0,74,0,C2[UFL>FUR]+ME2s[FL<>UF]#00,C2[UFL>FUR]+ME2s[FL<>UF],C2[UFL>FUR]+ME2s[FL<>UF],68,2,21,U' R' 2U2 3U2 R2 F2 2U2 3U2 F2 R2 2U2 3U2 U' R U' B2 D L' D' B2 U'
rubiks-7,C2[UFL>FUR]+ME2s[RF<>UF],,C2[UFL>FUR]+ME2s[RF<>UF]#00,74,0,74,0,C2[UFL>FUR]+ME2s[RF<>UF]#00,C2[UFL>FUR]+ME2s[RF<>UF],C2[UFL>FUR]+ME2s[RF<>UF],68,2,20,U2 B' 2U2 3U2 B2 R2 2U2 3U2 R2 B2 2U2 3U2 U' B U' L2 D F' D' L2
rubiks-7,C2[UFL>RFU]+CtrCore4[B>R>F>L]+CtrObl32p[16x2]+CtrPlus32p[16x2]+CtrX32p[16x2],,C2[UFL>RFU]+CtrCore4[B>R>F>L]+CtrObl32p[16x2]+CtrPlus32p[16x2]+CtrX32p[16x2]#00,82808,0,82808,0,C2[UFL>RFU]+CtrCore4[B>R>F>L]+CtrObl32p[16x2]+CtrPlus32p[16x2]+CtrX32p[16x2]#00,C2[UFL>RFU]+CtrCore4[B>R>F>L]+CtrObl32p[16x2]+CtrPlus32p[16x2]+CtrX32p[16x2],C2[UFL>RFU]+CtrCore4[B>R>F>L]+CtrObl32p[16x2]+CtrPlus32p[16x2]+CtrX32p[16x2],102,2,36,F' D' R' U' R D U' B' U B U F U' D y L' F' L F U L' U' F' D F' D' F2 R2 D2 R' U2 R D2 R' U2 R'
rubiks-7,C2[UFL>RFU]+EAll2[FL>FU],,C2[UFL>RFU]+EAll2[FL>FU]#00,2714,0,2714,0,C2[UFL>RFU]+EAll2[FL>FU]#00,C2[UFL>RFU]+EAll2[FL>FU],C2[UFL>RFU]+EAll2[FL>FU],52,4,17,U2 F D2 B' L B D2 U2 L' U2 L U2 F2 R F R' U2
rubiks-7,C2[UFL>RFU]+EAll2[FL>LU],,C2[UFL>RFU]+EAll2[FL>LU]#00,2714,0,2714,0,C2[UFL>RFU]+EAll2[FL>LU]#00,C2[UFL>RFU]+EAll2[FL>LU],C2[UFL>RFU]+EAll2[FL>LU],28,4,25,U2 B' U F2 U' B U F2 U F' D' F U2 F' D F U2 F U F' U F U F' U2
rubiks-7,C2[UFL>RFU]+EAll2[FL>RU],,C2[UFL>RFU]+EAll2[FL>RU]#00,2714,0,2714,0,C2[UFL>RFU]+EAll2[FL>RU]#00,C2[UFL>RFU]+EAll2[FL>RU],C2[UFL>RFU]+EAll2[FL>RU],28,4,22,L2 B L' F2 L B' L' F2 D L' F' D R F D2 F' D R D R' D2 F
rubiks-7,C2[UFL>RFU]+EAll2s[FL<>UF],,C2[UFL>RFU]+EAll2s[FL<>UF]#00,2714,0,2714,0,C2[UFL>RFU]+EAll2s[FL<>UF]#00,C2[UFL>RFU]+EAll2s[FL<>UF],C2[UFL>RFU]+EAll2s[FL<>UF],52,2,17,U' L' D2 R F' R' D2 U2 F U2 F' U2 L2 B' L' B U
rubiks-7,C2[UFL>RFU]+EAll2s[FL<>UL],,C2[UFL>RFU]+EAll2s[FL<>UL]#00,2714,0,2714,0,C2[UFL>RFU]+EAll2s[FL<>UL]#00,C2[UFL>RFU]+EAll2s[FL<>UL],C2[UFL>RFU]+EAll2s[FL<>UL],28,2,19,B2 D L D' B2 U R' U R U2 R2 B2 R F2 R' B2 R F2 R
rubiks-7,C2[UFL>RFU]+EAll2s[FL<>UR],,C2[UFL>RFU]+EAll2s[FL<>UR]#00,2714,0,2714,0,C2[UFL>RFU]+EAll2s[FL<>UR]#00,C2[UFL>RFU]+EAll2s[FL<>UR],C2[UFL>RFU]+EAll2s[FL<>UR],28,2,18,L' U2 L' B2 D2 R2 D2 B2 L U2 B2 D' R' D B2 U' L U
rubiks-7,C2[UFL>RFU]+ME2[FL>FR],,C2[UFL>RFU]+ME2[FL>FR]#00,104,0,104,0,C2[UFL>RFU]+ME2[FL>FR]#00,C2[UFL>RFU]+ME2[FL>FR],C2[UFL>RFU]+ME2[FL>FR],48,4,25,R F2 L' U2 L U2 R2 F2 R' F2 R F2 U2 R2 U2 2U2 3U2 R2 F2 2U2 3U2 F2 R2 2U2 3U2
rubiks-7,C2[UFL>RFU]+ME2[FL>FU],,C2[UFL>RFU]+ME2[FL>FU]#00,74,0,74,0,C2[UFL>RFU]+ME2[FL>FU]#00,C2[UFL>RFU]+ME2[FL>FU],C2[UFL>RFU]+ME2[FL>FU],52,4,28,U2 F 2R2 3R2 B2 U2 2R2 3R2 U2 B2 2R2 3R2 U2 L' U2 L U2 D2 B' L' B D2 F' R F' R' F U2
rubiks-7,C2[UFL>RFU]+ME2s[FL<>UF],,C2[UFL>RFU]+ME2s[FL<>UF]#00,74,0,74,0,C2[UFL>RFU]+ME2s[FL<>UF]#00,C2[UFL>RFU]+ME2s[FL<>UF],C2[UFL>RFU]+ME2s[FL<>UF],52,2,28,U' L' 2B2 3B2 R2 U2 2B2 3B2 U2 R2 2B2 3B2 U2 F U2 F' U2 D2 R F R' D2 L B' L B L' U
rubiks-7,C2[ULB>BUL;URF>RFU],,C2[ULB>BUL;URF>RFU]#00,3,0,3,0,C2[ULB>BUL;URF>RFU]#00,C2[ULB>BUL;URF>RFU],C2[ULB>BUL;URF>RFU],2,2,12,U2 R' B D2 B' R U2 R' B D2 B' R
rubiks-7,C2[ULB>FUR]+EAll2s[BR<>FL],,C2[ULB>FUR]+EAll2s[BR<>FL]#00,3373,0,3373,0,C2[ULB>FUR]+EAll2s[BR<>FL]#00,C2[ULB>FUR]+EAll2s[BR<>FL],C2[ULB>FUR]+EAll2s[BR<>FL],28,2,19,U F2 U F R F' R' F' U F2 R' F' R' F R F' U2 F2 U'
rubiks-7,C2s[DBL<>UBR]+EAll2[FL>FR],,C2s[DBL<>UBR]+EAll2[FL>FR]#00,3781.5,0,3781.5,0.0,C2s[DBL<>UBR]+EAll2[FL>FR]#00,C2s[DBL<>UBR]+EAll2[FL>FR],C2s[DBL<>UBR]+EAll2[FL>FR],76,2,20,B2 D2 B2 U2 F2 U2 D2 R D2 B2 R2 B2 R D2 R2 B2 R' B2 D2 R2
rubiks-7,C2s[DBL<>URF]+CtrCore4[B>L>F>R]~v01,,C2s[DBL<>URF]+CtrCore4[B>L>F>R]~v01#00,6.5,0,6.5,0.0,C2s[DBL<>URF]+CtrCore4[B>L>F>R]~v01#00,C2s[DBL<>URF]+CtrCore4[B>L>F>R],C2s[DBL<>URF]+CtrCore4[B>L>F>R]~v01,66,0,45,U2 B2 R2 D2 R2 B2 U' L2 B2 R D R' B2 L U' L' 2D2 3D2 F2 L2 2D2 3D2 L2 F2 2D2 3D2 E R E R' E R' E R E2 R' E R2 B2 E' R' E' R B2 R'
rubiks-7,C2s[DBL<>URF]+CtrCore4[B>L>F>R]~v02,,C2s[DBL<>URF]+CtrCore4[B>L>F>R]~v02#00,6.5,0,6.5,0.0,C2s[DBL<>URF]+CtrCore4[B>L>F>R]~v02#00,C2s[DBL<>URF]+CtrCore4[B>L>F>R],C2s[DBL<>URF]+CtrCore4[B>L>F>R]~v02,66,0,45,L U L' B2 R D' R' B2 L2 U B2 R2 D2 R2 B2 U2 2D2 3D2 F2 L2 2D2 3D2 L2 F2 2D2 3D2 E R E R' E R' E R E2 R' E R2 B2 E' R' E' R B2 R'
rubiks-7,C2s[DBL<>URF]+CtrCore4[B>R>F>L]+CtrObl32p[16x2]+CtrPlus32p[16x2]+CtrX32p[16x2],,C2s[DBL<>URF]+CtrCore4[B>R>F>L]+CtrObl32p[16x2]+CtrPlus32p[16x2]+CtrX32p[16x2]#00,82806.5,0,82806.5,0.0,C2s[DBL<>URF]+CtrCore4[B>R>F>L]+CtrObl32p[16x2]+CtrPlus32p[16x2]+CtrX32p[16x2]#00,C2s[DBL<>URF]+CtrCore4[B>R>F>L]+CtrObl32p[16x2]+CtrPlus32p[16x2]+CtrX32p[16x2],C2s[DBL<>URF]+CtrCore4[B>R>F>L]+CtrObl32p[16x2]+CtrPlus32p[16x2]+CtrX32p[16x2],102,0,35,L U F D F' D U' R D' R' D' L' U' D L' y L' B L U B' U' L' D L' D' L2 B' L F' L' B L F L'
rubiks-7,C2s[DBL<>URF]+ME2s[FL<>RF],,C2s[DBL<>URF]+ME2s[FL<>RF]#00,102.5,0,102.5,0.0,C2s[DBL<>URF]+ME2s[FL<>RF]#00,C2s[DBL<>URF]+ME2s[FL<>RF],C2s[DBL<>URF]+ME2s[FL<>RF],68,0,31,L' F D' 2B2 3B2 D2 L2 2B2 3B2 L2 D2 2B2 3B2 F' D F' R2 B U' B' R2 F L U L2 U' R U L2 U' R'
rubiks-7,C2s[DFR<>UFL]+CtrCore4[B>L>F>R]~v01,,C2s[DFR<>UFL]+CtrCore4[B>L>F>R]~v01#00,7,0,7,0,C2s[DFR<>UFL]+CtrCore4[B>L>F>R]~v01#00,C2s[DFR<>UFL]+CtrCore4[B>L>F>R],C2s[DFR<>UFL]+CtrCore4[B>L>F>R]~v01,78,0,43,2U2 3U2 R2 F2 2U2 3U2 F2 R2 2U2 3U2 L2 U2 F2 L F2 L2 U2 L F2 L2 F2 U2 L U2 E B' E B E B E B' E2 B E B2 L2 E' B E' B' L2 B
rubiks-7,C2s[DFR<>UFL]+CtrCore4[B>L>F>R]~v02,,C2s[DFR<>UFL]+CtrCore4[B>L>F>R]~v02#00,7,0,7,0,C2s[DFR<>UFL]+CtrCore4[B>L>F>R]~v02#00,C2s[DFR<>UFL]+CtrCore4[B>L>F>R],C2s[DFR<>UFL]+CtrCore4[B>L>F>R]~v02,78,0,43,2U2 3U2 R2 F2 2U2 3U2 F2 R2 2U2 3U2 U2 L' U2 F2 L2 F2 L' U2 L2 F2 L' F2 U2 L2 E B' E B E B E B' E2 B E B2 L2 E' B E' B' L2 B
rubiks-7,C2s[DFR<>UFL]+CtrCore4[B>R>F>L]+CtrObl32p[16x2]+CtrPlus32p[16x2]+CtrX32p[16x2],,C2s[DFR<>UFL]+CtrCore4[B>R>F>L]+CtrObl32p[16x2]+CtrPlus32p[16x2]+CtrX32p[16x2]#00,82807,0,82807,0,C2s[DFR<>UFL]+CtrCore4[B>R>F>L]+CtrObl32p[16x2]+CtrPlus32p[16x2]+CtrX32p[16x2]#00,C2s[DFR<>UFL]+CtrCore4[B>R>F>L]+CtrObl32p[16x2]+CtrPlus32p[16x2]+CtrX32p[16x2],C2s[DFR<>UFL]+CtrCore4[B>R>F>L]+CtrObl32p[16x2]+CtrPlus32p[16x2]+CtrX32p[16x2],102,0,31,F y L U D U2 F U D' L B2 L2 D U' F L' U L' U2 R U' R' U' L' U R2 U' L U R2 U2
rubiks-7,C2s[DFR<>UFL]+EAll2[FL>FR],,C2s[DFR<>UFL]+EAll2[FL>FR]#00,3783,0,3783,0,C2s[DFR<>UFL]+EAll2[FL>FR]#00,C2s[DFR<>UFL]+EAll2[FL>FR],C2s[DFR<>UFL]+EAll2[FL>FR],28,2,14,L2 U2 F2 L F2 L2 U2 L F2 L2 F2 U2 L U2
rubiks-7,C2s[DFR<>UFL]+ME2[FL>FR]~v01,,C2s[DFR<>UFL]+ME2[FL>FR]~v01#00,103,0,103,0,C2s[DFR<>UFL]+ME2[FL>FR]~v01#00,C2s[DFR<>UFL]+ME2[FL>FR],C2s[DFR<>UFL]+ME2[FL>FR]~v01,68,2,24,2U2 3U2 R2 F2 2U2 3U2 F2 R2 2U2 3U2 L2 U2 F2 L F2 L2 U2 L F2 L2 F2 U2 L U2
rubiks-7,C2s[DFR<>UFL]+ME2[FL>FR]~v02,,C2s[DFR<>UFL]+ME2[FL>FR]~v02#00,103,0,103,0,C2s[DFR<>UFL]+ME2[FL>FR]~v02#00,C2s[DFR<>UFL]+ME2[FL>FR],C2s[DFR<>UFL]+ME2[FL>FR]~v02,68,2,24,2U2 3U2 R2 F2 2U2 3U2 F2 R2 2U2 3U2 U2 L' U2 F2 L2 F2 L' U2 L2 F2 L' F2 U2 L2
rubiks-7,C2s[DFR<>URF]+CtrCore4[B>R>F>L]~v01,,C2s[DFR<>URF]+CtrCore4[B>R>F>L]~v01#00,7,0,7,0,C2s[DFR<>URF]+CtrCore4[B>R>F>L]~v01#00,C2s[DFR<>URF]+CtrCore4[B>R>F>L],C2s[DFR<>URF]+CtrCore4[B>R>F>L]~v01,66,0,44,2U2 3U2 F2 R2 2U2 3U2 R2 F2 2U2 3U2 R2 D' R2 D R2 L2 F' D' F L2 B' U B' U' B2 E' L E' L' E' L' E' L E2 L' E' L2 B2 E L' E L B2 L'
rubiks-7,C2s[DFR<>URF]+CtrCore4[B>R>F>L]~v02,,C2s[DFR<>URF]+CtrCore4[B>R>F>L]~v02#00,7,0,7,0,C2s[DFR<>URF]+CtrCore4[B>R>F>L]~v02#00,C2s[DFR<>URF]+CtrCore4[B>R>F>L],C2s[DFR<>URF]+CtrCore4[B>R>F>L]~v02,66,0,44,2U2 3U2 F2 R2 2U2 3U2 R2 F2 2U2 3U2 R2 D' R2 D R2 L2 F' D' F L2 B' U B' U' B2 E' L E' L' E' L' E' L E2 L' E' L2 B2 E L' E L B2 L'
rubiks-7,C2s[DFR<>URF]+EAll2[FL>FR],,C2s[DFR<>URF]+EAll2[FL>FR]#00,3783,0,3783,0,C2s[DFR<>URF]+EAll2[FL>FR]#00,C2s[DFR<>URF]+EAll2[FL>FR],C2s[DFR<>URF]+EAll2[FL>FR],52,2,18,R L' D2 R' B R D2 U2 B' U2 B U2 L2 F L F' L2 R'
rubiks-7,C2s[DFR<>URF]+EAll2s[FL<>RF],,C2s[DFR<>URF]+EAll2s[FL<>RF]#00,3783,0,3783,0,C2s[DFR<>URF]+EAll2s[FL<>RF]#00,C2s[DFR<>URF]+EAll2s[FL<>RF],C2s[DFR<>URF]+EAll2s[FL<>RF],52,0,22,R2 L' B' U F2 D R' D' F2 B2 R B2 R' B2 U2 L' U' L U2 B L R2
rubiks-7,C2s[DFR<>URF]+EAll2s[LB<>RF],,C2s[DFR<>URF]+EAll2s[LB<>RF]#00,3373,0,3373,0,C2s[DFR<>URF]+EAll2s[LB<>RF]#00,C2s[DFR<>URF]+EAll2s[LB<>RF],C2s[DFR<>URF]+EAll2s[LB<>RF],52,0,16,B2 L2 F' D F L2 R2 D' R2 D R2 B2 U B U' B'
rubiks-7,C2s[DFR<>URF]+ME2[FL>FR],,C2s[DFR<>URF]+ME2[FL>FR]#00,103,0,103,0,C2s[DFR<>URF]+ME2[FL>FR]#00,C2s[DFR<>URF]+ME2[FL>FR],C2s[DFR<>URF]+ME2[FL>FR],52,2,25,2U2 3U2 R2 F2 2U2 3U2 F2 R2 2U2 3U2 F2 D F2 D' F2 B2 R D R' B2 L U' L U L2
rubiks-7,C2s[DFR<>URF]+ME2s[LB<>RF],,C2s[DFR<>URF]+ME2s[LB<>RF]#00,93,0,93,0,C2s[DFR<>URF]+ME2s[LB<>RF]#00,C2s[DFR<>URF]+ME2s[LB<>RF],C2s[DFR<>URF]+ME2s[LB<>RF],52,0,25,B2 2U2 3U2 F2 R2 2U2 3U2 R2 F2 2U2 3U2 R2 D' R2 D R2 L2 F' D' F L2 B' U B' U'
rubiks-7,C2s[DLF<>UFL]+EAll2[BR>LF],,C2s[DLF<>UFL]+EAll2[BR>LF]#00,3373,0,3373,0,C2s[DLF<>UFL]+EAll2[BR>LF]#00,C2s[DLF<>UFL]+EAll2[BR>LF],C2s[DLF<>UFL]+EAll2[BR>LF],52,2,20,F' D' R U2 L F' L' U2 D2 F D2 F' D2 R2 B' R' B R2 D F
rubiks-7,C2s[DLF<>UFL]+EAll2[FL>FR],,C2s[DLF<>UFL]+EAll2[FL>FR]#00,3783,0,3783,0,C2s[DLF<>UFL]+EAll2[FL>FR]#00,C2s[DLF<>UFL]+EAll2[FL>FR],C2s[DLF<>UFL]+EAll2[FL>FR],52,2,18,L2 R2 F2 L' U L F2 B2 U' B2 U B2 R2 D R D' R' L2
rubiks-7,C2s[DLF<>UFL]+EAll2[FL>RU],,C2s[DLF<>UFL]+EAll2[FL>RU]#00,2713,0,2713,0,C2s[DLF<>UFL]+EAll2[FL>RU]#00,C2s[DLF<>UFL]+EAll2[FL>RU],C2s[DLF<>UFL]+EAll2[FL>RU],52,2,17,F' U B2 D' R D B2 F2 R' F2 R F2 U2 L U L' F
rubiks-7,C2s[DLF<>UFL]+EAll2s[FL<>RF],,C2s[DLF<>UFL]+EAll2s[FL<>RF]#00,3783,0,3783,0,C2s[DLF<>UFL]+EAll2s[FL<>RF]#00,C2s[DLF<>UFL]+EAll2s[FL<>RF],C2s[DLF<>UFL]+EAll2s[FL<>RF],52,0,22,L' R2 U' B D2 F L' F' D2 U2 L U2 L' U2 B2 R' B' R B2 U R2 L
rubiks-7,C2s[DLF<>UFL]+EAll2s[LB<>RF],,C2s[DLF<>UFL]+EAll2s[LB<>RF]#00,3373,0,3373,0,C2s[DLF<>UFL]+EAll2s[LB<>RF]#00,C2s[DLF<>UFL]+EAll2s[LB<>RF],C2s[DLF<>UFL]+EAll2s[LB<>RF],100,0,20,D2 R2 U' L2 U D' B2 F2 D' F2 R2 D' R2 D R2 D' R2 D2 R2 F2
rubiks-7,C2s[DLF<>UFL]+ME2[BR>LF],,C2s[DLF<>UFL]+ME2[BR>LF]#00,93,0,93,0,C2s[DLF<>UFL]+ME2[BR>LF]#00,C2s[DLF<>UFL]+ME2[BR>LF],C2s[DLF<>UFL]+ME2[BR>LF],52,2,30,R F D' 2R2 3R2 U2 F2 2R2 3R2 F2 U2 2R2 3R2 F2 L' F2 L F2 B2 U' L' U B2 D' R D' R' D' F' R'
rubiks-7,C2s[DLF<>UFL]+ME2[FL>RU],,C2s[DLF<>UFL]+ME2[FL>RU]#00,73,0,73,0,C2s[DLF<>UFL]+ME2[FL>RU]#00,C2s[DLF<>UFL]+ME2[FL>RU],C2s[DLF<>UFL]+ME2[FL>RU],52,2,28,F' U 2L2 3L2 D2 F2 2L2 3L2 F2 D2 2L2 3L2 F2 R' F2 R F2 B2 D' R' D B2 U' L U' L' U F
rubiks-7,C2s[DLF<>UFL]+ME2s[FL<>RF],,C2s[DLF<>UFL]+ME2s[FL<>RF]#00,103,0,103,0,C2s[DLF<>UFL]+ME2s[FL<>RF]#00,C2s[DLF<>UFL]+ME2s[FL<>RF],C2s[DLF<>UFL]+ME2s[FL<>RF],52,0,30,R' F D' 2R2 3R2 U2 F2 2R2 3R2 F2 U2 2R2 3R2 F2 L' F2 L F2 B2 U' L' U B2 D' R D' R' D' F' R
rubiks-7,C2s[DRB<>UFL]+EAll2[FL>FR],,C2s[DRB<>UFL]+EAll2[FL>FR]#00,3782.5,0,3782.5,0.0,C2s[DRB<>UFL]+EAll2[FL>FR]#00,C2s[DRB<>UFL]+EAll2[FL>FR],C2s[DRB<>UFL]+EAll2[FL>FR],52,2,17,D2 F2 D' F2 D F2 D2 L2 U L U' L F2 R' D R F2
rubiks-7,C2s[DRB<>UFL]+ME2[FL>FR]~v01,,C2s[DRB<>UFL]+ME2[FL>FR]~v01#00,102.5,0,102.5,0.0,C2s[DRB<>UFL]+ME2[FL>FR]~v01#00,C2s[DRB<>UFL]+ME2[FL>FR],C2s[DRB<>UFL]+ME2[FL>FR]~v01,52,2,26,D2 L2 B2 U2 B2 L2 D F2 L2 B' U' B L2 F' D F 2U2 3U2 R2 F2 2U2 3U2 F2 R2 2U2 3U2
rubiks-7,C2s[DRB<>UFL]+ME2[FL>FR]~v02,,C2s[DRB<>UFL]+ME2[FL>FR]~v02#00,102.5,0,102.5,0.0,C2s[DRB<>UFL]+ME2[FL>FR]~v02#00,C2s[DRB<>UFL]+ME2[FL>FR],C2s[DRB<>UFL]+ME2[FL>FR]~v02,52,2,26,F' D' F L2 B' U B L2 F2 D' L2 B2 U2 B2 L2 D2 2U2 3U2 R2 F2 2U2 3U2 F2 R2 2U2 3U2
rubiks-7,C2s[UBR<>ULB]+ME2[FL>FR],,C2s[UBR<>ULB]+ME2[FL>FR]#00,102,0,102,0,C2s[UBR<>ULB]+ME2[FL>FR]#00,C2s[UBR<>ULB]+ME2[FL>FR],C2s[UBR<>ULB]+ME2[FL>FR],68,2,30,2U2 3U2 R2 F2 2U2 3U2 F2 R2 2U2 3U2 F2 U2 F2 U' R' L F2 R L' U D' F' D F' R2 B U' B' R2 U2
rubiks-7,C2s[UFL<>URF]+EAll2s[FL<>UF],,C2s[UFL<>URF]+EAll2s[FL<>UF]#00,2714,0,2714,0,C2s[UFL<>URF]+EAll2s[FL<>UF]#00,C2s[UFL<>URF]+EAll2s[FL<>UF],C2s[UFL<>URF]+EAll2s[FL<>UF],28,0,17,U' R2 F' R F R U' R2 F R F R' F' R U R U
rubiks-7,C2s[UFL<>URF]+EAll2s[RF<>UF],,C2s[UFL<>URF]+EAll2s[RF<>UF]#00,2714,0,2714,0,C2s[UFL<>URF]+EAll2s[RF<>UF]#00,C2s[UFL<>URF]+EAll2s[RF<>UF],C2s[UFL<>URF]+EAll2s[RF<>UF],28,0,17,U2 B2 R' B R B U' B2 R B R B' R' B U B U2
rubiks-7,C2s[UFL<>URF]+ME2[FL>FR],,C2s[UFL<>URF]+ME2[FL>FR]#00,104,0,104,0,C2s[UFL<>URF]+ME2[FL>FR]#00,C2s[UFL<>URF]+ME2[FL>FR],C2s[UFL<>URF]+ME2[FL>FR],68,2,30,2U2 3U2 R2 F2 2U2 3U2 F2 R2 2U2 3U2 U2 F2 U2 F2 U' R' L F2 R L' U D' F' D F' R2 B U' B' R2
rubiks-7,C2s[UFL<>URF]+ME2s[FL<>UF],,C2s[UFL<>URF]+ME2s[FL<>UF]#00,74,0,74,0,C2s[UFL<>URF]+ME2s[FL<>UF]#00,C2s[UFL<>URF]+ME2s[FL<>UF],C2s[UFL<>URF]+ME2s[FL<>UF],48,0,28,U' R' 2U2 3U2 R2 F2 2U2 3U2 F2 R2 2U2 3U2 R' F' R F R U' R2 F R F R' F' R U R U
rubiks-7,C2s[UFL<>URF]+ME2s[RF<>UF],,C2s[UFL<>URF]+ME2s[RF<>UF]#00,74,0,74,0,C2s[UFL<>URF]+ME2s[RF<>UF]#00,C2s[UFL<>URF]+ME2s[RF<>UF],C2s[UFL<>URF]+ME2s[RF<>UF],48,0,28,U2 B' 2U2 3U2 B2 R2 2U2 3U2 R2 B2 2U2 3U2 B' R' B R B U' B2 R B R B' R' B U B U2
rubiks-7,C2s[ULB<>URF]+EAll2s[BR<>FL],,C2s[ULB<>URF]+EAll2s[BR<>FL]#00,3373,0,3373,0,C2s[ULB<>URF]+EAll2s[BR<>FL]#00,C2s[ULB<>URF]+EAll2s[BR<>FL],C2s[ULB<>URF]+EAll2s[BR<>FL],100,0,20,F2 D2 B2 L2 U2 B2 D2 F2 U2 R U2 R2 F2 R U2 R2 U2 F2 R F2
rubiks-7,C2s[ULB<>URF]+ME2[FL>FR]~v01,,C2s[ULB<>URF]+ME2[FL>FR]~v01#00,103,0,103,0,C2s[ULB<>URF]+ME2[FL>FR]~v01#00,C2s[ULB<>URF]+ME2[FL>FR],C2s[ULB<>URF]+ME2[FL>FR]~v01,48,2,24,L2 F2 U2 L U2 L2 F2 L' U2 L2 U2 F2 L' F2 2D2 3D2 L2 F2 2D2 3D2 F2 L2 2D2 3D2
rubiks-7,C2s[ULB<>URF]+ME2[FL>FR]~v02,,C2s[ULB<>URF]+ME2[FL>FR]~v02#00,103,0,103,0,C2s[ULB<>URF]+ME2[FL>FR]~v02#00,C2s[ULB<>URF]+ME2[FL>FR],C2s[ULB<>URF]+ME2[FL>FR]~v02,48,2,24,F2 L F2 U2 L2 U2 L F2 L2 U2 L' U2 F2 L2 2D2 3D2 L2 F2 2D2 3D2 F2 L2 2D2 3D2
rubiks-7,C3[DBL>BLD;UFL>FLU;URF>RFU],,C3[DBL>BLD;UFL>FLU;URF>RFU]#00,4.5,0,4.5,0.0,C3[DBL>BLD;UFL>FLU;URF>RFU]#00,C3[DBL>BLD;UFL>FLU;URF>RFU],C3[DBL>BLD;UFL>FLU;URF>RFU],3,3,15,F' D F U F' D' F U2 R' U L2 U' R U L2
rubiks-7,C3[DBL>FLU>FUR],,C3[DBL>FLU>FUR]#00,4.5,0,4.5,0.0,C3[DBL>FLU>FUR]#00,C3[DBL>FLU>FUR],C3[DBL>FLU>FUR],3,3,9,R' F2 R' B R F2 R' B' R2
rubiks-7,C3[DBL>FLU>RFU]~v01,,C3[DBL>FLU>RFU]~v01#00,4.5,0,4.5,0.0,C3[DBL>FLU>RFU]~v01#00,C3[DBL>FLU>RFU],C3[DBL>FLU>RFU]~v01,3,2,8,F' D F U F' D' F U'
rubiks-7,C3[DBL>FLU>RFU]~v02,,C3[DBL>FLU>RFU]~v02#00,4.5,0,4.5,0.0,C3[DBL>FLU>RFU]~v02#00,C3[DBL>FLU>RFU],C3[DBL>FLU>RFU]~v02,3,2,8,U' R' D2 R U R' D2 R
rubiks-7,C3[DBL>FUR>FLU],,C3[DBL>FUR>FLU]#00,4.5,0,4.5,0.0,C3[DBL>FUR>FLU]#00,C3[DBL>FUR>FLU],C3[DBL>FUR>FLU],3,3,9,R2 B R F2 R' B' R F2 R
rubiks-7,C3[DBL>FUR>LUF],,C3[DBL>FUR>LUF]#00,4.5,0,4.5,0.0,C3[DBL>FUR>LUF]#00,C3[DBL>FUR>LUF],C3[DBL>FUR>LUF],3,2,8,F D2 F' U' F D2 F' U
rubiks-7,C3[DBL>LUF>FUR],,C3[DBL>LUF>FUR]#00,4.5,0,4.5,0.0,C3[DBL>LUF>FUR]#00,C3[DBL>LUF>FUR],C3[DBL>LUF>FUR],3,2,8,U' F D2 F' U F D2 F'
rubiks-7,C3[DBL>RFU>FLU]~v01,,C3[DBL>RFU>FLU]~v01#00,4.5,0,4.5,0.0,C3[DBL>RFU>FLU]~v01#00,C3[DBL>RFU>FLU],C3[DBL>RFU>FLU]~v01,3,2,8,U F' D F U' F' D' F
rubiks-7,C3[DBL>RFU>FLU]~v02,,C3[DBL>RFU>FLU]~v02#00,4.5,0,4.5,0.0,C3[DBL>RFU>FLU]~v02#00,C3[DBL>RFU>FLU],C3[DBL>RFU>FLU]~v02,3,2,8,R' D2 R U' R' D2 R U
rubiks-7,C3[DBL>RFU>UFL],,C3[DBL>RFU>UFL]#00,4.5,0,4.5,0.0,C3[DBL>RFU>UFL]#00,C3[DBL>RFU>UFL],C3[DBL>RFU>UFL],3,2,12,U2 L U2 L F2 L' U2 L' U2 L F2 L'
rubiks-7,C3[DBL>UFL>RFU],,C3[DBL>UFL>RFU]#00,4.5,0,4.5,0.0,C3[DBL>UFL>RFU]#00,C3[DBL>UFL>RFU],C3[DBL>UFL>RFU],3,2,12,L F2 L' U2 L U2 L F2 L' U2 L' U2
rubiks-7,C3[DBL>UFL>URF]~v01,,C3[DBL>UFL>URF]~v01#00,4.5,0,4.5,0.0,C3[DBL>UFL>URF]~v01#00,C3[DBL>UFL>URF],C3[DBL>UFL>URF]~v01,3,0,8,L2 F R F' L2 F R' F'
rubiks-7,C3[DBL>UFL>URF]~v02,,C3[DBL>UFL>URF]~v02#00,4.5,0,4.5,0.0,C3[DBL>UFL>URF]~v02#00,C3[DBL>UFL>URF],C3[DBL>UFL>URF]~v02,3,0,8,D' R2 D L2 D' R2 D L2
rubiks-7,C3[DBL>URF>UFL]~v01,,C3[DBL>URF>UFL]~v01#00,4.5,0,4.5,0.0,C3[DBL>URF>UFL]~v01#00,C3[DBL>URF>UFL],C3[DBL>URF>UFL]~v01,3,0,8,F R F' L2 F R' F' L2
rubiks-7,C3[DBL>URF>UFL]~v02,,C3[DBL>URF>UFL]~v02#00,4.5,0,4.5,0.0,C3[DBL>URF>UFL]~v02#00,C3[DBL>URF>UFL],C3[DBL>URF>UFL]~v02,3,0,8,L2 D' R2 D L2 D' R2 D
rubiks-7,C3[DFR>BRU>FLU],,C3[DFR>BRU>FLU]#00,4,0,4,0,C3[DFR>BRU>FLU]#00,C3[DFR>BRU>FLU],C3[DFR>BRU>FLU],3,2,8,B' D B U2 B' D' B U2
rubiks-7,C3[DFR>BRU>LUF],,C3[DFR>BRU>LUF]#00,4,0,4,0,C3[DFR>BRU>LUF]#00,C3[DFR>BRU>LUF],C3[DFR>BRU>LUF],3,3,11,U' F' U B U' F' U B' U' F2 U
rubiks-7,C3[DFR>FLU>BRU],,C3[DFR>FLU>BRU]#00,4,0,4,0,C3[DFR>FLU>BRU]#00,C3[DFR>FLU>BRU],C3[DFR>FLU>BRU],3,2,8,U2 B' D B U2 B' D' B
rubiks-7,C3[DFR>FLU>RUB]~v01,,C3[DFR>FLU>RUB]~v01#00,4,0,4,0,C3[DFR>FLU>RUB]~v01#00,C3[DFR>FLU>RUB],C3[DFR>FLU>RUB]~v01,3,3,11,D' F' D B' D' F' D B D' F2 D
rubiks-7,C3[DFR>FLU>RUB]~v02,,C3[DFR>FLU>RUB]~v02#00,4,0,4,0,C3[DFR>FLU>RUB]~v02#00,C3[DFR>FLU>RUB],C3[DFR>FLU>RUB]~v02,3,3,11,U F' U B U' F' U B' U' F2 U'
rubiks-7,C3[DFR>FRD;UBR>BRU;UFL>FLU],,C3[DFR>FRD;UBR>BRU;UFL>FLU]#00,4,0,4,0,C3[DFR>FRD;UBR>BRU;UFL>FLU]#00,C3[DFR>FRD;UBR>BRU;UFL>FLU],C3[DFR>FRD;UBR>BRU;UFL>FLU],3,3,15,R2 B L' B2 U F' U' B U F U' R2 B L B'
rubiks-7,C3[DFR>LUF>BRU],,C3[DFR>LUF>BRU]#00,4,0,4,0,C3[DFR>LUF>BRU]#00,C3[DFR>LUF>BRU],C3[DFR>LUF>BRU],3,3,11,U' F2 U B U' F U B' U' F U
rubiks-7,C3[DFR>RDF;UBR>RUB;UFL>LUF],,C3[DFR>RDF;UBR>RUB;UFL>LUF]#00,4,0,4,0,C3[DFR>RDF;UBR>RUB;UFL>LUF]#00,C3[DFR>RDF;UBR>RUB;UFL>LUF],C3[DFR>RDF;UBR>RUB;UFL>LUF],3,3,15,B L' B' R2 U F' U' B' U F U' B2 L B' R2
rubiks-7,C3[DFR>RUB>FLU]~v01,,C3[DFR>RUB>FLU]~v01#00,4,0,4,0,C3[DFR>RUB>FLU]~v01#00,C3[DFR>RUB>FLU],C3[DFR>RUB>FLU]~v01,3,3,11,D' F2 D B' D' F D B D' F D
rubiks-7,C3[DFR>RUB>FLU]~v02,,C3[DFR>RUB>FLU]~v02#00,4,0,4,0,C3[DFR>RUB>FLU]~v02#00,C3[DFR>RUB>FLU],C3[DFR>RUB>FLU]~v02,3,3,11,U F2 U B U' F U B' U' F U'
rubiks-7,C3[DFR>UBR>UFL]~v01,,C3[DFR>UBR>UFL]~v01#00,4,0,4,0,C3[DFR>UBR>UFL]~v01#00,C3[DFR>UBR>UFL],C3[DFR>UBR>UFL]~v01,3,0,12,R U2 R' U2 R' F2 R U2 R U2 R' F2
rubiks-7,C3[DFR>UBR>UFL]~v02,,C3[DFR>UBR>UFL]~v02#00,4,0,4,0,C3[DFR>UBR>UFL]~v02#00,C3[DFR>UBR>UFL],C3[DFR>UBR>UFL]~v02,3,0,12,F2 U' R2 U R2 D R2 D' R2 D' F2 D
rubiks-7,C3[DFR>UFL>UBR]~v01,,C3[DFR>UFL>UBR]~v01#00,4,0,4,0,C3[DFR>UFL>UBR]~v01#00,C3[DFR>UFL>UBR],C3[DFR>UFL>UBR]~v01,3,0,12,F2 R U2 R' U2 R' F2 R U2 R U2 R'
rubiks-7,C3[DFR>UFL>UBR]~v02,,C3[DFR>UFL>UBR]~v02#00,4,0,4,0,C3[DFR>UFL>UBR]~v02#00,C3[DFR>UFL>UBR],C3[DFR>UFL>UBR]~v02,3,0,12,D' F2 D R2 D R2 D' R2 U' R2 U F2
rubiks-7,C3[UBR>BRU;UFL>FLU;URF>RFU],,C3[UBR>BRU;UFL>FLU;URF>RFU]#00,5,0,5,0,C3[UBR>BRU;UFL>FLU;URF>RFU]#00,C3[UBR>BRU;UFL>FLU;URF>RFU],C3[UBR>BRU;UFL>FLU;URF>RFU],3,3,15,B L' B' R B L B' U2 R D R' U2 R D' R2
rubiks-7,C3[UBR>FLU>FUR],,C3[UBR>FLU>FUR]#00,5,0,5,0,C3[UBR>FLU>FUR]#00,C3[UBR>FLU>FUR],C3[UBR>FLU>FUR],3,3,10,L' B U2 B' L B L' U2 L B'
rubiks-7,C3[UBR>FLU>RFU]~v01,,C3[UBR>FLU>RFU]~v01#00,5,0,5,0,C3[UBR>FLU>RFU]~v01#00,C3[UBR>FLU>RFU],C3[UBR>FLU>RFU]~v01,3,2,8,R B L' B' R' B L B'
rubiks-7,C3[UBR>FLU>RFU]~v02,,C3[UBR>FLU>RFU]~v02#00,5,0,5,0,C3[UBR>FLU>RFU]~v02#00,C3[UBR>FLU>RFU],C3[UBR>FLU>RFU]~v02,3,2,8,F' L' F R' F' L F R
rubiks-7,C3[UBR>FLU>URF]~v01,,C3[UBR>FLU>URF]~v01#00,5,0,5,0,C3[UBR>FLU>URF]~v01#00,C3[UBR>FLU>URF],C3[UBR>FLU>URF]~v01,3,2,8,F R B R' F' R B' R'
rubiks-7,C3[UBR>FLU>URF]~v02,,C3[UBR>FLU>URF]~v02#00,5,0,5,0,C3[UBR>FLU>URF]~v02#00,C3[UBR>FLU>URF],C3[UBR>FLU>URF]~v02,3,2,8,L' B L F' L' B' L F
rubiks-7,C3[UBR>LUF>FUR],,C3[UBR>LUF>FUR]#00,5,0,5,0,C3[UBR>LUF>FUR]#00,C3[UBR>LUF>FUR],C3[UBR>LUF>FUR],3,2,9,F2 D' F U2 F' D F U2 F
rubiks-7,C3[UBR>LUF>RFU]~v01,,C3[UBR>LUF>RFU]~v01#00,5,0,5,0,C3[UBR>LUF>RFU]~v01#00,C3[UBR>LUF>RFU],C3[UBR>LUF>RFU]~v01,3,3,8,F U' B' U F' U' B U
rubiks-7,C3[UBR>LUF>RFU]~v02,,C3[UBR>LUF>RFU]~v02#00,5,0,5,0,C3[UBR>LUF>RFU]~v02#00,C3[UBR>LUF>RFU],C3[UBR>LUF>RFU]~v02,3,3,8,U L U' R' U L' U' R
rubiks-7,C3[UBR>LUF>URF],,C3[UBR>LUF>URF]#00,5,0,5,0,C3[UBR>LUF>URF]#00,C3[UBR>LUF>URF],C3[UBR>LUF>URF],3,2,9,R U2 R D R' U2 R D' R2
rubiks-7,C3[UBR>UFL>FUR],,C3[UBR>UFL>FUR]#00,5,0,5,0,C3[UBR>UFL>FUR]#00,C3[UBR>UFL>FUR],C3[UBR>UFL>FUR],3,2,9,B' R2 B' L2 B R2 B' L2 B2
rubiks-7,C3[UBR>UFL>RFU],,C3[UBR>UFL>RFU]#00,5,0,5,0,C3[UBR>UFL>RFU]#00,C3[UBR>UFL>RFU],C3[UBR>UFL>RFU],3,2,9,L2 B2 L' F2 L B2 L' F2 L'
rubiks-7,C3[UBR>UFL>URF],,C3[UBR>UFL>URF]#00,5,0,5,0,C3[UBR>UFL>URF]#00,C3[UBR>UFL>URF],C3[UBR>UFL>URF],3,0,9,R B' R F2 R' B R F2 R2
rubiks-7,C4[DBL>FLU>DLF>FUR]+ME2[FL>FR],,C4[DBL>FLU>DLF>FUR]+ME2[FL>FR]#00,105.5,0,105.5,0.0,C4[DBL>FLU>DLF>FUR]+ME2[FL>FR]#00,C4[DBL>FLU>DLF>FUR]+ME2[FL>FR],C4[DBL>FLU>DLF>FUR]+ME2[FL>FR],50,6,21,L' F L F' L' F' L F' L' F L 2D2 3D2 L2 F2 2D2 3D2 F2 L2 2D2 3D2
rubiks-7,C4[DBL>FLU>DRB>FUR]+ME2[FL>FR],,C4[DBL>FLU>DRB>FUR]+ME2[FL>FR]#00,105.0,0,105.0,0.0,C4[DBL>FLU>DRB>FUR]+ME2[FL>FR]#00,C4[DBL>FLU>DRB>FUR]+ME2[FL>FR],C4[DBL>FLU>DRB>FUR]+ME2[FL>FR],50,6,23,D L' F' L F L' F L F L' F' L D' 2D2 3D2 L2 F2 2D2 3D2 F2 L2 2D2 3D2
rubiks-7,C4[DBL>FUR>DLF>FLU]+ME2[FL>FR],,C4[DBL>FUR>DLF>FLU]+ME2[FL>FR]#00,105.5,0,105.5,0.0,C4[DBL>FUR>DLF>FLU]+ME2[FL>FR]#00,C4[DBL>FUR>DLF>FLU]+ME2[FL>FR],C4[DBL>FUR>DLF>FLU]+ME2[FL>FR],50,6,21,L' F' L F L' F L F L' F' L 2D2 3D2 L2 F2 2D2 3D2 F2 L2 2D2 3D2
rubiks-7,C4[DBL>FUR>DRB>FLU]+ME2[FL>FR],,C4[DBL>FUR>DRB>FLU]+ME2[FL>FR]#00,105.0,0,105.0,0.0,C4[DBL>FUR>DRB>FLU]+ME2[FL>FR]#00,C4[DBL>FUR>DRB>FLU]+ME2[FL>FR],C4[DBL>FUR>DRB>FLU]+ME2[FL>FR],50,6,23,D L' F L F' L' F' L F' L' F L D' 2D2 3D2 L2 F2 2D2 3D2 F2 L2 2D2 3D2
rubiks-7,C4[DBL>RBD;UFL>RFU],,C4[DBL>RBD;UFL>RFU]#00,5.0,0,5.0,0.0,C4[DBL>RBD;UFL>RFU]#00,C4[DBL>RBD;UFL>RFU],C4[DBL>RBD;UFL>RFU],4,4,14,F' L D L' D' L D L' D' L D L' D' F
rubiks-7,C4[DFR>BRU;UBR>FRD;UFL>LBU;ULB>UFL]+EAll3[RF>BU>LU],,C4[DFR>BRU;UBR>FRD;UFL>LBU;ULB>UFL]+EAll3[RF>BU>LU]#00,3535,0,3535,0,C4[DFR>BRU;UBR>FRD;UFL>LBU;ULB>UFL]+EAll3[RF>BU>LU]#00,C4[DFR>BRU;UBR>FRD;UFL>LBU;ULB>UFL]+EAll3[RF>BU>LU],C4[DFR>BRU;UBR>FRD;UFL>LBU;ULB>UFL]+EAll3[RF>BU>LU],7,5,5,U R U R' U2
rubiks-7,C4[DFR>BUL;UFL>FUR;ULB>RDF;URF>UFL]+EAll3[RF>FU>LU],,C4[DFR>BUL;UFL>FUR;ULB>RDF;URF>UFL]+EAll3[RF>FU>LU]#00,3536,0,3536,0,C4[DFR>BUL;UFL>FUR;ULB>RDF;URF>UFL]+EAll3[RF>FU>LU]#00,C4[DFR>BUL;UFL>FUR;ULB>RDF;URF>UFL]+EAll3[RF>FU>LU],C4[DFR>BUL;UFL>FUR;ULB>RDF;URF>UFL]+EAll3[RF>FU>LU],7,5,5,U' R U' R' U2
rubiks-7,C4[DFR>FUR>LFD>LUF]+ME2[FL>FR],,C4[DFR>FUR>LFD>LUF]+ME2[FL>FR]#00,106,0,106,0,C4[DFR>FUR>LFD>LUF]+ME2[FL>FR]#00,C4[DFR>FUR>LFD>LUF]+ME2[FL>FR],C4[DFR>FUR>LFD>LUF]+ME2[FL>FR],50,6,23,U' R' F' R F R' F R F R' F' R U 2U2 3U2 R2 F2 2U2 3U2 F2 R2 2U2 3U2
rubiks-7,C4[DFR>LBU;UFL>URF;ULB>FRD;URF>FLU]+EAll3[RF>LU>FU],,C4[DFR>LBU;UFL>URF;ULB>FRD;URF>FLU]+EAll3[RF>LU>FU]#00,3536,0,3536,0,C4[DFR>LBU;UFL>URF;ULB>FRD;URF>FLU]+EAll3[RF>LU>FU]#00,C4[DFR>LBU;UFL>URF;ULB>FRD;URF>FLU]+EAll3[RF>LU>FU],C4[DFR>LBU;UFL>URF;ULB>FRD;URF>FLU]+EAll3[RF>LU>FU],7,5,5,U2 R U R' U
rubiks-7,C4[DFR>LUF>LFD>FUR]+ME2[FL>FR],,C4[DFR>LUF>LFD>FUR]+ME2[FL>FR]#00,106,0,106,0,C4[DFR>LUF>LFD>FUR]+ME2[FL>FR]#00,C4[DFR>LUF>LFD>FUR]+ME2[FL>FR],C4[DFR>LUF>LFD>FUR]+ME2[FL>FR],50,6,23,U' R' F R F' R' F' R F' R' F R U 2U2 3U2 R2 F2 2U2 3U2 F2 R2 2U2 3U2
rubiks-7,C4[DFR>RUB;UBR>RDF;UFL>ULB;ULB>LUF]+EAll3[RF>LU>BU],,C4[DFR>RUB;UBR>RDF;UFL>ULB;ULB>LUF]+EAll3[RF>LU>BU]#00,3535,0,3535,0,C4[DFR>RUB;UBR>RDF;UFL>ULB;ULB>LUF]+EAll3[RF>LU>BU]#00,C4[DFR>RUB;UBR>RDF;UFL>ULB;ULB>LUF]+EAll3[RF>LU>BU],C4[DFR>RUB;UBR>RDF;UFL>ULB;ULB>LUF]+EAll3[RF>LU>BU],7,5,5,U2 R U' R' U'
rubiks-7,C4[DLF>BUL;UFL>FUR;ULB>FDL;URF>UFL]+EAll3[FL>FU>LU],,C4[DLF>BUL;UFL>FUR;ULB>FDL;URF>UFL]+EAll3[FL>FU>LU]#00,3536,0,3536,0,C4[DLF>BUL;UFL>FUR;ULB>FDL;URF>UFL]+EAll3[FL>FU>LU]#00,C4[DLF>BUL;UFL>FUR;ULB>FDL;URF>UFL]+EAll3[FL>FU>LU],C4[DLF>BUL;UFL>FUR;ULB>FDL;URF>UFL]+EAll3[FL>FU>LU],7,5,4,F U' F' U
rubiks-7,C4[DLF>FLU;UBR>RFU;UFL>LFD;URF>UBR]+EAll3[FL>FU>RU],,C4[DLF>FLU;UBR>RFU;UFL>LFD;URF>UBR]+EAll3[FL>FU>RU]#00,3536,0,3536,0,C4[DLF>FLU;UBR>RFU;UFL>LFD;URF>UBR]+EAll3[FL>FU>RU]#00,C4[DLF>FLU;UBR>RFU;UFL>LFD;URF>UBR]+EAll3[FL>FU>RU],C4[DLF>FLU;UBR>RFU;UFL>LFD;URF>UBR]+EAll3[FL>FU>RU],7,5,4,F U F' U'
rubiks-7,C4[UBR>LBU;UFL>RFU],,C4[UBR>LBU;UFL>RFU]#00,6,0,6,0,C4[UBR>LBU;UFL>RFU]#00,C4[UBR>LBU;UFL>RFU],C4[UBR>LBU;UFL>RFU],4,4,12,L F2 R2 D2 R D2 R F2 L2 U2 L U2
rubiks-7,C4[UBR>RFU;UFL>LBU],,C4[UBR>RFU;UFL>LBU]#00,6,0,6,0,C4[UBR>RFU;UFL>LBU]#00,C4[UBR>RFU;UFL>LBU],C4[UBR>RFU;UFL>LBU],52,4,12,R U2 R F2 R' U2 B2 L D2 L' B2 R'
rubiks-7,C4s[DBL<>DRB;UFL<>URF],,C4s[DBL<>DRB;UFL<>URF]#00,5.0,0,5.0,0.0,C4s[DBL<>DRB;UFL<>URF]#00,C4s[DBL<>DRB;UFL<>URF],C4s[DBL<>DRB;UFL<>URF],52,0,12,D' F2 D L2 D' F2 R2 U B2 U' R2 D
rubiks-7,C4s[DBL<>UFL;DRB<>URF],,C4s[DBL<>UFL;DRB<>URF]#00,5.0,0,5.0,0.0,C4s[DBL<>UFL;DRB<>URF]#00,C4s[DBL<>UFL;DRB<>URF],C4s[DBL<>UFL;DRB<>URF],52,0,10,L2 B2 U' B2 L2 R2 F2 D' F2 R2
rubiks-7,C4s[DLF<>ULB;DRB<>URF],,C4s[DLF<>ULB;DRB<>URF]#00,4.5,0,4.5,0.0,C4s[DLF<>ULB;DRB<>URF]#00,C4s[DLF<>ULB;DRB<>URF],C4s[DLF<>ULB;DRB<>URF],52,0,12,R2 D U R2 F2 L2 B2 D U B2 L2 F2
rubiks-7,C4s[UBR<>UFL;ULB<>URF],,C4s[UBR<>UFL;ULB<>URF]#00,6,0,6,0,C4s[UBR<>UFL;ULB<>URF]#00,C4s[UBR<>UFL;ULB<>URF],C4s[UBR<>UFL;ULB<>URF],52,0,10,U' L2 F2 B2 R2 D' R2 B2 F2 L2
rubiks-7,C4s[UBR<>URF;UFL<>ULB],,C4s[UBR<>URF;UFL<>ULB]#00,6,0,6,0,C4s[UBR<>URF;UFL<>ULB]#00,C4s[UBR<>URF;UFL<>ULB],C4s[UBR<>URF;UFL<>ULB],4,0,16,R B' R' F R B R' F' R B R' F R B' R' F'
rubiks-7,C5[DFR>RFU>BUL>LFD>UFL]+EAll3[FL>FR>LU],,C5[DFR>RFU>BUL>LFD>UFL]+EAll3[FL>FR>LU]#00,4607,0,4607,0,C5[DFR>RFU>BUL>LFD>UFL]+EAll3[FL>FR>LU]#00,C5[DFR>RFU>BUL>LFD>UFL]+EAll3[FL>FR>LU],C5[DFR>RFU>BUL>LFD>UFL]+EAll3[FL>FR>LU],8,6,5,F U' F2 U F
rubiks-7,C5[DFR>RFU>LFD>UFL>RUB]+EAll3[FL>RU>FR],,C5[DFR>RFU>LFD>UFL>RUB]+EAll3[FL>RU>FR]#00,4607,0,4607,0,C5[DFR>RFU>LFD>UFL>RUB]+EAll3[FL>RU>FR]#00,C5[DFR>RFU>LFD>UFL>RUB]+EAll3[FL>RU>FR],C5[DFR>RFU>LFD>UFL>RUB]+EAll3[FL>RU>FR],8,6,5,F' U F2 U' F'
rubiks-7,C5[DFR>RFU>UBR>LFD>UFL]+EAll3[FL>FR>UR],,C5[DFR>RFU>UBR>LFD>UFL]+EAll3[FL>FR>UR]#00,4607,0,4607,0,C5[DFR>RFU>UBR>LFD>UFL]+EAll3[FL>FR>UR]#00,C5[DFR>RFU>UBR>LFD>UFL]+EAll3[FL>FR>UR],C5[DFR>RFU>UBR>LFD>UFL]+EAll3[FL>FR>UR],8,6,4,F2 R' F2 R
rubiks-7,C5[DFR>RUB>UFL>LFD>RFU]+EAll3[FL>FR>RU],,C5[DFR>RUB>UFL>LFD>RFU]+EAll3[FL>FR>RU]#00,4607,0,4607,0,C5[DFR>RUB>UFL>LFD>RFU]+EAll3[FL>FR>RU]#00,C5[DFR>RUB>UFL>LFD>RFU]+EAll3[FL>FR>RU],C5[DFR>RUB>UFL>LFD>RFU]+EAll3[FL>FR>RU],8,6,5,F U F2 U' F
rubiks-7,C5[DFR>UFL>LFD>BUL>RFU]+EAll3[FL>LU>FR],,C5[DFR>UFL>LFD>BUL>RFU]+EAll3[FL>LU>FR]#00,4607,0,4607,0,C5[DFR>UFL>LFD>BUL>RFU]+EAll3[FL>LU>FR]#00,C5[DFR>UFL>LFD>BUL>RFU]+EAll3[FL>LU>FR],C5[DFR>UFL>LFD>BUL>RFU]+EAll3[FL>LU>FR],8,6,5,F' U' F2 U F'
rubiks-7,C5[DFR>UFL>LFD>UBR>RFU]+EAll3[FL>UR>FR],,C5[DFR>UFL>LFD>UBR>RFU]+EAll3[FL>UR>FR]#00,4607,0,4607,0,C5[DFR>UFL>LFD>UBR>RFU]+EAll3[FL>UR>FR]#00,C5[DFR>UFL>LFD>UBR>RFU]+EAll3[FL>UR>FR],C5[DFR>UFL>LFD>UBR>RFU]+EAll3[FL>UR>FR],8,6,4,R' F2 R F2
rubiks-7,C6[DBL>FLU>RDF;DRB>BUL>RFU]+EAll6[DB>LU>FR;DR>LB>FU],,C6[DBL>FLU>RDF;DRB>BUL>RFU]+EAll6[DB>LU>FR;DR>LB>FU]#00,5837.0,0,5837.0,0.0,C6[DBL>FLU>RDF;DRB>BUL>RFU]+EAll6[DB>LU>FR;DR>LB>FU]#00,C6[DBL>FLU>RDF;DRB>BUL>RFU]+EAll6[DB>LU>FR;DR>LB>FU],C6[DBL>FLU>RDF;DRB>BUL>RFU]+EAll6[DB>LU>FR;DR>LB>FU],60,10,15,F R F D' L D F2 R2 D' R' B U' B' R2 D
rubiks-7,C8[2x4]+EAll8[2x2],,C8[2x4]+EAll8[2x2]#00,9209.0,0,9209.0,0.0,C8[2x4]+EAll8[2x2]#00,C8[2x4]+EAll8[2x2],C8[2x4]+EAll8[2x2],112,10,17,L U F2 R L' U2 B' U D B2 L F B' R' L F' R
rubiks-7,C8[2x4]~v01,,C8[2x4]~v01#00,9.0,0,9.0,0.0,C8[2x4]~v01#00,C8[2x4],C8[2x4]~v01,104,8,26,L2 U2 D2 F2 U2 D2 L2 R2 B2 R2 U2 B2 D L2 F' B' R2 D F2 D2 B R2 U' D' L2 B
rubiks-7,C8[2x4]~v02,,C8[2x4]~v02#00,9.0,0,9.0,0.0,C8[2x4]~v02#00,C8[2x4],C8[2x4]~v02,152,8,27,U R2 U2 D2 B2 F2 L2 B2 F2 U D2 U2 B2 D L2 F' B' R2 D F2 D2 B R2 U' D' L2 B
rubiks-7,C8[3x2]+EAll12[3x4],,C8[3x2]+EAll12[3x4]#00,11669.0,0,11669.0,0.0,C8[3x2]+EAll12[3x4]#00,C8[3x2]+EAll12[3x4],C8[3x2]+EAll12[3x4],164,16,8,L' R U D' F' B L' R
rubiks-7,C8[3x2]~v01,,C8[3x2]~v01#00,9.0,0,9.0,0.0,C8[3x2]~v01#00,C8[3x2],C8[3x2]~v01,152,8,18,R' F2 B2 R D F2 B2 D' U' F2 B2 D B2 F2 R B2 F2 L'
rubiks-7,C8[3x2]~v02,,C8[3x2]~v02#00,9.0,0,9.0,0.0,C8[3x2]~v02#00,C8[3x2],C8[3x2]~v02,104,8,34,R' F2 B2 R D F2 B2 D' U' F2 B2 D B2 F2 R B2 F2 L' U2 B2 D L2 F' B' R2 D F2 D2 B R2 U' D' L2 B
rubiks-7,C8[4x2],,C8[4x2]#00,9.0,0,9.0,0.0,C8[4x2]#00,C8[4x2],C8[4x2],56,8,28,R2 L2 U' R2 L2 U2 B2 F2 D B2 F2 U2 U2 B2 D L2 F' B' R2 D F2 D2 B R2 U' D' L2 B
rubiks-7,C8p[4x2],,C8p[4x2]#00,9.0,0,9.0,0.0,C8p[4x2]#00,C8p[4x2],C8p[4x2],56,0,12,R2 L2 U' R2 L2 U2 B2 F2 D B2 F2 U2
rubiks-7,C8s+EAll12[2x6],,C8s+EAll12[2x6]#00,11669.0,0,11669.0,0.0,C8s+EAll12[2x6]#00,C8s+EAll12[2x6],C8s+EAll12[2x6],164,4,8,L' R U2 D2 L' R F2 B2
rubiks-7,C8s+EAll4s[BR<>RF;FL<>LB],,C8s+EAll4s[BR<>RF;FL<>LB]#00,6749.0,0,6749.0,0.0,C8s+EAll4s[BR<>RF;FL<>LB]#00,C8s+EAll4s[BR<>RF;FL<>LB],C8s+EAll4s[BR<>RF;FL<>LB],60,0,17,F U F R L2 B D' R D2 L D' B R2 L F U F
rubiks-7,C8s~v01,,C8s~v01#00,9.0,0,9.0,0.0,C8s~v01#00,C8s,C8s~v01,56,0,10,L2 U2 D2 F2 U2 D2 L2 R2 B2 R2
rubiks-7,C8s~v02,,C8s~v02#00,9.0,0,9.0,0.0,C8s~v02#00,C8s,C8s~v02,56,0,11,U R2 U2 D2 B2 F2 L2 B2 F2 U D2
rubiks-7,C8~v01,,C8~v01#00,9.0,0,9.0,0.0,C8~v01#00,C8,C8~v01,104,8,16,U2 B2 D L2 F' B' R2 D F2 D2 B R2 U' D' L2 B
rubiks-7,C8~v02,,C8~v02#00,9.0,0,9.0,0.0,C8~v02#00,C8,C8~v02,8,8,44,D' L D R2 D' L' D R2 U2 B' D B U2 B' D' B R' U R D2 R' U' R D2 L2 F' R F L2 F' R' F R B2 R' D F2 D' R B2 R' D F2 D'
rubiks-7,CtrCore4[B>L>F>R]+CtrObl32p[4x8]+CtrPlus32p[4x8]+CtrX32p[4x8]+EAll2[LB>FR],,CtrCore4[B>L>F>R]+CtrObl32p[4x8]+CtrPlus32p[4x8]+CtrX32p[4x8]+EAll2[LB>FR]#00,86174,0,86174,0,CtrCore4[B>L>F>R]+CtrObl32p[4x8]+CtrPlus32p[4x8]+CtrX32p[4x8]+EAll2[LB>FR]#00,CtrCore4[B>L>F>R]+CtrObl32p[4x8]+CtrPlus32p[4x8]+CtrX32p[4x8]+EAll2[LB>FR],CtrCore4[B>L>F>R]+CtrObl32p[4x8]+CtrPlus32p[4x8]+CtrX32p[4x8]+EAll2[LB>FR],102,2,17,B2 F' U' L' D' L D' U B' D B D F D' U y' B2
rubiks-7,CtrCore4[B>L>F>R]+CtrObl32p[4x8]+CtrPlus32p[4x8]+CtrX32p[4x8]+EAll2[RF>BU],,CtrCore4[B>L>F>R]+CtrObl32p[4x8]+CtrPlus32p[4x8]+CtrX32p[4x8]+EAll2[RF>BU]#00,85514,0,85514,0,CtrCore4[B>L>F>R]+CtrObl32p[4x8]+CtrPlus32p[4x8]+CtrX32p[4x8]+EAll2[RF>BU]#00,CtrCore4[B>L>F>R]+CtrObl32p[4x8]+CtrPlus32p[4x8]+CtrX32p[4x8]+EAll2[RF>BU],CtrCore4[B>L>F>R]+CtrObl32p[4x8]+CtrPlus32p[4x8]+CtrX32p[4x8]+EAll2[RF>BU],102,2,17,B' F' U' L' D' L D' U B' D B D F D' U y' B
rubiks-7,CtrCore4[B>L>F>R]+CtrObl32p[4x8]+CtrPlus32p[4x8]+CtrX32p[4x8]+EAll2[RF>FU],,CtrCore4[B>L>F>R]+CtrObl32p[4x8]+CtrPlus32p[4x8]+CtrX32p[4x8]+EAll2[RF>FU]#00,85514,0,85514,0,CtrCore4[B>L>F>R]+CtrObl32p[4x8]+CtrPlus32p[4x8]+CtrX32p[4x8]+EAll2[RF>FU]#00,CtrCore4[B>L>F>R]+CtrObl32p[4x8]+CtrPlus32p[4x8]+CtrX32p[4x8]+EAll2[RF>FU],CtrCore4[B>L>F>R]+CtrObl32p[4x8]+CtrPlus32p[4x8]+CtrX32p[4x8]+EAll2[RF>FU],102,2,19,U2 B' F' U' L' D' L D' U B' D B D F D' U y' B U2
rubiks-7,CtrCore4[B>L>F>R]+CtrObl32p[4x8]+CtrPlus32p[4x8]+CtrX32p[4x8]+EAll2[RF>LU],,CtrCore4[B>L>F>R]+CtrObl32p[4x8]+CtrPlus32p[4x8]+CtrX32p[4x8]+EAll2[RF>LU]#00,85514,0,85514,0,CtrCore4[B>L>F>R]+CtrObl32p[4x8]+CtrPlus32p[4x8]+CtrX32p[4x8]+EAll2[RF>LU]#00,CtrCore4[B>L>F>R]+CtrObl32p[4x8]+CtrPlus32p[4x8]+CtrX32p[4x8]+EAll2[RF>LU],CtrCore4[B>L>F>R]+CtrObl32p[4x8]+CtrPlus32p[4x8]+CtrX32p[4x8]+EAll2[RF>LU],102,2,19,U B' F' U' L' D' L D' U B' D B D F D' U y' B U'
rubiks-7,CtrCore4[B>L>F>R]+CtrObl32p[4x8]+CtrPlus32p[4x8]+CtrX32p[4x8]+EAll2[RF>RU],,CtrCore4[B>L>F>R]+CtrObl32p[4x8]+CtrPlus32p[4x8]+CtrX32p[4x8]+EAll2[RF>RU]#00,85514,0,85514,0,CtrCore4[B>L>F>R]+CtrObl32p[4x8]+CtrPlus32p[4x8]+CtrX32p[4x8]+EAll2[RF>RU]#00,CtrCore4[B>L>F>R]+CtrObl32p[4x8]+CtrPlus32p[4x8]+CtrX32p[4x8]+EAll2[RF>RU],CtrCore4[B>L>F>R]+CtrObl32p[4x8]+CtrPlus32p[4x8]+CtrX32p[4x8]+EAll2[RF>RU],102,2,19,U' B' F' U' L' D' L D' U B' D B D F D' U y' B U
rubiks-7,CtrCore4[B>L>F>R]+CtrObl32p[4x8]+CtrPlus32p[4x8]+CtrX32p[4x8]+EAll2s[LB<>RF],,CtrCore4[B>L>F>R]+CtrObl32p[4x8]+CtrPlus32p[4x8]+CtrX32p[4x8]+EAll2s[LB<>RF]#00,86174,0,86174,0,CtrCore4[B>L>F>R]+CtrObl32p[4x8]+CtrPlus32p[4x8]+CtrX32p[4x8]+EAll2s[LB<>RF]#00,CtrCore4[B>L>F>R]+CtrObl32p[4x8]+CtrPlus32p[4x8]+CtrX32p[4x8]+EAll2s[LB<>RF],CtrCore4[B>L>F>R]+CtrObl32p[4x8]+CtrPlus32p[4x8]+CtrX32p[4x8]+EAll2s[LB<>RF],102,0,28,U B' R' U R U2 F' U L' D' L D' U B' D B D U2 F U' D' U2 y' B L U' L' U
rubiks-7,CtrCore4[B>L>F>R]+ME2[FL>FR],,CtrCore4[B>L>F>R]+ME2[FL>FR]#00,104,0,104,0,CtrCore4[B>L>F>R]+ME2[FL>FR]#00,CtrCore4[B>L>F>R]+ME2[FL>FR],CtrCore4[B>L>F>R]+ME2[FL>FR],18,2,19,E B' E B E B E B' E2 B E B2 L2 E' B E' B' L2 B
rubiks-7,CtrCore4[B>L>F>R]+ME2[RF>LU],,CtrCore4[B>L>F>R]+ME2[RF>LU]#00,74,0,74,0,CtrCore4[B>L>F>R]+ME2[RF>LU]#00,CtrCore4[B>L>F>R]+ME2[RF>LU],CtrCore4[B>L>F>R]+ME2[RF>LU],14,2,16,S' R' S' R2 S R' S E L E L' E L' E L E
rubiks-7,CtrCore4[B>L>F>R]+ME2[RF>RU],,CtrCore4[B>L>F>R]+ME2[RF>RU]#00,74,0,74,0,CtrCore4[B>L>F>R]+ME2[RF>RU]#00,CtrCore4[B>L>F>R]+ME2[RF>RU],CtrCore4[B>L>F>R]+ME2[RF>RU],18,2,18,E' L' S' L2 S L' E2 R E R' E R' E R E2 F2 E' F2
rubiks-7,CtrCore4[B>L>F>R]+ME2s[FL<>RF],,CtrCore4[B>L>F>R]+ME2s[FL<>RF]#00,104,0,104,0,CtrCore4[B>L>F>R]+ME2s[FL<>RF]#00,CtrCore4[B>L>F>R]+ME2s[FL<>RF],CtrCore4[B>L>F>R]+ME2s[FL<>RF],18,0,13,E B E B2 L2 B E B E B2 L2 B E
rubiks-7,CtrCore4[B>L>F>R]+ME2s[RF<>UL],,CtrCore4[B>L>F>R]+ME2s[RF<>UL]#00,74,0,74,0,CtrCore4[B>L>F>R]+ME2s[RF<>UL]#00,CtrCore4[B>L>F>R]+ME2s[RF<>UL],CtrCore4[B>L>F>R]+ME2s[RF<>UL],18,0,14,L' B2 L E L E L' E L' B2 L2 E L' E
rubiks-7,CtrCore4[B>L>F>R]+ME2s[RF<>UR],,CtrCore4[B>L>F>R]+ME2s[RF<>UR]#00,74,0,74,0,CtrCore4[B>L>F>R]+ME2s[RF<>UR]#00,CtrCore4[B>L>F>R]+ME2s[RF<>UR],CtrCore4[B>L>F>R]+ME2s[RF<>UR],14,0,16,R' F2 R E R E R' E R' E F2 R E2 F2 E' F2
rubiks-7,CtrCore4[B>R>F>L]+CtrObl32p[4x8]+CtrPlus32p[4x8]+CtrX32p[4x8]+EAll2[FL>FR],,CtrCore4[B>R>F>L]+CtrObl32p[4x8]+CtrPlus32p[4x8]+CtrX32p[4x8]+EAll2[FL>FR]#00,86584,0,86584,0,CtrCore4[B>R>F>L]+CtrObl32p[4x8]+CtrPlus32p[4x8]+CtrX32p[4x8]+EAll2[FL>FR]#00,CtrCore4[B>R>F>L]+CtrObl32p[4x8]+CtrPlus32p[4x8]+CtrX32p[4x8]+EAll2[FL>FR],CtrCore4[B>R>F>L]+CtrObl32p[4x8]+CtrPlus32p[4x8]+CtrX32p[4x8]+EAll2[FL>FR],102,2,29,y L2 U' D F D' B' D' B U' D L' D L U R' U' R U2 R2 U' D' F' U F D R2 U' F
rubiks-7,CtrCore4[B>R>F>L]+CtrObl32p[4x8]+CtrPlus32p[4x8]+CtrX32p[4x8]+EAll2[RF>BU],,CtrCore4[B>R>F>L]+CtrObl32p[4x8]+CtrPlus32p[4x8]+CtrX32p[4x8]+EAll2[RF>BU]#00,85514,0,85514,0,CtrCore4[B>R>F>L]+CtrObl32p[4x8]+CtrPlus32p[4x8]+CtrX32p[4x8]+EAll2[RF>BU]#00,CtrCore4[B>R>F>L]+CtrObl32p[4x8]+CtrPlus32p[4x8]+CtrX32p[4x8]+EAll2[RF>BU],CtrCore4[B>R>F>L]+CtrObl32p[4x8]+CtrPlus32p[4x8]+CtrX32p[4x8]+EAll2[RF>BU],102,2,17,B' y U' D F' D' B' D' B U' D L' D L U F B
rubiks-7,CtrCore4[B>R>F>L]+CtrObl32p[4x8]+CtrPlus32p[4x8]+CtrX32p[4x8]+EAll2[RF>FU],,CtrCore4[B>R>F>L]+CtrObl32p[4x8]+CtrPlus32p[4x8]+CtrX32p[4x8]+EAll2[RF>FU]#00,85514,0,85514,0,CtrCore4[B>R>F>L]+CtrObl32p[4x8]+CtrPlus32p[4x8]+CtrX32p[4x8]+EAll2[RF>FU]#00,CtrCore4[B>R>F>L]+CtrObl32p[4x8]+CtrPlus32p[4x8]+CtrX32p[4x8]+EAll2[RF>FU],CtrCore4[B>R>F>L]+CtrObl32p[4x8]+CtrPlus32p[4x8]+CtrX32p[4x8]+EAll2[RF>FU],102,2,19,U2 B' y U' D F' D' B' D' B U' D L' D L U F B U2
rubiks-7,CtrCore4[B>R>F>L]+CtrObl32p[4x8]+CtrPlus32p[4x8]+CtrX32p[4x8]+EAll2[RF>LU],,CtrCore4[B>R>F>L]+CtrObl32p[4x8]+CtrPlus32p[4x8]+CtrX32p[4x8]+EAll2[RF>LU]#00,85514,0,85514,0,CtrCore4[B>R>F>L]+CtrObl32p[4x8]+CtrPlus32p[4x8]+CtrX32p[4x8]+EAll2[RF>LU]#00,CtrCore4[B>R>F>L]+CtrObl32p[4x8]+CtrPlus32p[4x8]+CtrX32p[4x8]+EAll2[RF>LU],CtrCore4[B>R>F>L]+CtrObl32p[4x8]+CtrPlus32p[4x8]+CtrX32p[4x8]+EAll2[RF>LU],102,2,19,U B' y U' D F' D' B' D' B U' D L' D L U F B U'
rubiks-7,CtrCore4[B>R>F>L]+CtrObl32p[4x8]+CtrPlus32p[4x8]+CtrX32p[4x8]+EAll2[RF>RU],,CtrCore4[B>R>F>L]+CtrObl32p[4x8]+CtrPlus32p[4x8]+CtrX32p[4x8]+EAll2[RF>RU]#00,85514,0,85514,0,CtrCore4[B>R>F>L]+CtrObl32p[4x8]+CtrPlus32p[4x8]+CtrX32p[4x8]+EAll2[RF>RU]#00,CtrCore4[B>R>F>L]+CtrObl32p[4x8]+CtrPlus32p[4x8]+CtrX32p[4x8]+EAll2[RF>RU],CtrCore4[B>R>F>L]+CtrObl32p[4x8]+CtrPlus32p[4x8]+CtrX32p[4x8]+EAll2[RF>RU],102,2,19,U' B' y U' D F' D' B' D' B U' D L' D L U F B U
rubiks-7,CtrCore4[B>R>F>L]+CtrObl32p[4x8]+CtrPlus32p[4x8]+CtrX32p[4x8]+EAll2s[FL<>RF],,CtrCore4[B>R>F>L]+CtrObl32p[4x8]+CtrPlus32p[4x8]+CtrX32p[4x8]+EAll2s[FL<>RF]#00,86584,0,86584,0,CtrCore4[B>R>F>L]+CtrObl32p[4x8]+CtrPlus32p[4x8]+CtrX32p[4x8]+EAll2s[FL<>RF]#00,CtrCore4[B>R>F>L]+CtrObl32p[4x8]+CtrPlus32p[4x8]+CtrX32p[4x8]+EAll2s[FL<>RF],CtrCore4[B>R>F>L]+CtrObl32p[4x8]+CtrPlus32p[4x8]+CtrX32p[4x8]+EAll2s[FL<>RF],102,0,15,R U B D B' D U' L D' L' D' R' D U' y
rubiks-7,CtrCore4[B>R>F>L]+ME2[LB>FR],,CtrCore4[B>R>F>L]+ME2[LB>FR]#00,94,0,94,0,CtrCore4[B>R>F>L]+ME2[LB>FR]#00,CtrCore4[B>R>F>L]+ME2[LB>FR],CtrCore4[B>R>F>L]+ME2[LB>FR],18,2,15,L E' L' E' L E' L E' L' E' L' E' R2 E R2
rubiks-7,CtrCore4[B>R>F>L]+ME2[RF>LU],,CtrCore4[B>R>F>L]+ME2[RF>LU]#00,74,0,74,0,CtrCore4[B>R>F>L]+ME2[RF>LU]#00,CtrCore4[B>R>F>L]+ME2[RF>LU],CtrCore4[B>R>F>L]+ME2[RF>LU],14,2,16,E' L' E' L E' L E' L' E' S' R S' R2 S R S
rubiks-7,CtrCore4[B>R>F>L]+ME2[RF>RU],,CtrCore4[B>R>F>L]+ME2[RF>RU]#00,74,0,74,0,CtrCore4[B>R>F>L]+ME2[RF>RU]#00,CtrCore4[B>R>F>L]+ME2[RF>RU],CtrCore4[B>R>F>L]+ME2[RF>RU],18,2,18,F2 E F2 E2 R' E' R E' R E' R' E2 L S' L2 S L E
rubiks-7,CtrCore4[B>R>F>L]+ME2s[LB<>RF],,CtrCore4[B>R>F>L]+ME2s[LB<>RF]#00,94,0,94,0,CtrCore4[B>R>F>L]+ME2s[LB<>RF]#00,CtrCore4[B>R>F>L]+ME2s[LB<>RF],CtrCore4[B>R>F>L]+ME2s[LB<>RF],14,0,18,E' F E' F' E' F' B2 E' F B2 E2 F' R2 F E F' R2 F
rubiks-7,CtrCore4[B>R>F>L]+ME2s[RF<>UL],,CtrCore4[B>R>F>L]+ME2s[RF<>UL]#00,74,0,74,0,CtrCore4[B>R>F>L]+ME2s[RF<>UL]#00,CtrCore4[B>R>F>L]+ME2s[RF<>UL],CtrCore4[B>R>F>L]+ME2s[RF<>UL],18,0,14,E' L E' L2 B2 L E' L E' L' E' L' B2 L
rubiks-7,CtrCore4[B>R>F>L]+ME2s[RF<>UR],,CtrCore4[B>R>F>L]+ME2s[RF<>UR]#00,74,0,74,0,CtrCore4[B>R>F>L]+ME2s[RF<>UR]#00,CtrCore4[B>R>F>L]+ME2s[RF<>UR],CtrCore4[B>R>F>L]+ME2s[RF<>UR],14,0,16,F2 E F2 E2 R' F2 E' R E' R E' R' E' R' F2 R
rubiks-7,CtrCore4[B>U>F>D]+ME2[FL>FR],,CtrCore4[B>U>F>D]+ME2[FL>FR]#00,102,0,102,0,CtrCore4[B>U>F>D]+ME2[FL>FR]#00,CtrCore4[B>U>F>D]+ME2[FL>FR],CtrCore4[B>U>F>D]+ME2[FL>FR],22,2,19,M F' M F M F M F' M2 F U2 F' M' F M U2 F2 M' F
rubiks-7,CtrCore4[B>U>F>D]+ME2[LB>FR],,CtrCore4[B>U>F>D]+ME2[LB>FR]#00,92,0,92,0,CtrCore4[B>U>F>D]+ME2[LB>FR]#00,CtrCore4[B>U>F>D]+ME2[LB>FR],CtrCore4[B>U>F>D]+ME2[LB>FR],18,2,15,B' M F M F' M F' M F M B E B2 E' B2
rubiks-7,CtrCore4[B>U>F>D]+ME2s[FL<>RF],,CtrCore4[B>U>F>D]+ME2s[FL<>RF]#00,102,0,102,0,CtrCore4[B>U>F>D]+ME2s[FL<>RF]#00,CtrCore4[B>U>F>D]+ME2s[FL<>RF],CtrCore4[B>U>F>D]+ME2s[FL<>RF],18,0,15,S E' S' B E' B2 R2 B E' B E' B2 R2 B E'
rubiks-7,CtrCore4[B>U>F>D]+ME2s[LB<>RF],,CtrCore4[B>U>F>D]+ME2s[LB<>RF]#00,92,0,92,0,CtrCore4[B>U>F>D]+ME2s[LB<>RF]#00,CtrCore4[B>U>F>D]+ME2s[LB<>RF],CtrCore4[B>U>F>D]+ME2s[LB<>RF],18,0,18,B' M F M F' M F' M F M B' L' E L B2 L' E' L
rubiks-7,CtrCore4[D>R>U>L]+ME2[FL>BU],,CtrCore4[D>R>U>L]+ME2[FL>BU]#00,72,0,72,0,CtrCore4[D>R>U>L]+ME2[FL>BU]#00,CtrCore4[D>R>U>L]+ME2[FL>BU],CtrCore4[D>R>U>L]+ME2[FL>BU],14,2,18,M E' M' B' E' B E' B E' B' E' M' F M' F2 M F M
rubiks-7,CtrCore4[D>R>U>L]+ME2[FL>FR],,CtrCore4[D>R>U>L]+ME2[FL>FR]#00,102,0,102,0,CtrCore4[D>R>U>L]+ME2[FL>FR]#00,CtrCore4[D>R>U>L]+ME2[FL>FR],CtrCore4[D>R>U>L]+ME2[FL>FR],22,2,20,E' B E' B' E' B' E' B M E' F' M F2 D2 M' F' M' F D2 F'
rubiks-7,CtrCore4[D>R>U>L]+ME2[RF>FU],,CtrCore4[D>R>U>L]+ME2[RF>FU]#00,72,0,72,0,CtrCore4[D>R>U>L]+ME2[RF>FU]#00,CtrCore4[D>R>U>L]+ME2[RF>FU],CtrCore4[D>R>U>L]+ME2[RF>FU],14,2,19,F' U2 F M F M F' M F' M U2 F E M E' M U2 M' U2
rubiks-7,CtrCore4[D>R>U>L]+ME2s[FL<>RF],,CtrCore4[D>R>U>L]+ME2s[FL<>RF]#00,102,0,102,0,CtrCore4[D>R>U>L]+ME2s[FL<>RF]#00,CtrCore4[D>R>U>L]+ME2s[FL<>RF],CtrCore4[D>R>U>L]+ME2s[FL<>RF],18,0,14,E R2 E' R S' L S' L' S' L' S' L S' R
rubiks-7,CtrCore4[D>R>U>L]+ME2s[FL<>UB],,CtrCore4[D>R>U>L]+ME2s[FL<>UB]#00,72,0,72,0,CtrCore4[D>R>U>L]+ME2s[FL<>UB]#00,CtrCore4[D>R>U>L]+ME2s[FL<>UB],CtrCore4[D>R>U>L]+ME2s[FL<>UB],18,0,16,M E' M' B' E' B E' B E' B' E' F' M F2 M' F'
rubiks-7,CtrCore4[D>R>U>L]+ME2s[RF<>UF],,CtrCore4[D>R>U>L]+ME2s[RF<>UF]#00,72,0,72,0,CtrCore4[D>R>U>L]+ME2s[RF<>UF]#00,CtrCore4[D>R>U>L]+ME2s[RF<>UF],CtrCore4[D>R>U>L]+ME2s[RF<>UF],14,0,17,R S' U S' U' S U2 S' U2 S' U' S' U S2 R2 S R
rubiks-7,CtrCore4s[B<>F;L<>R],,CtrCore4s[B<>F;L<>R]#00,4,0,4,0,CtrCore4s[B<>F;L<>R]#00,CtrCore4s[B<>F;L<>R],CtrCore4s[B<>F;L<>R],4,0,4,E S2 E' S2
rubiks-7,CtrCore6p[3x2][B>R>D;F>L>U],,CtrCore6p[3x2][B>R>D;F>L>U]#00,4,0,4,0,CtrCore6p[3x2][B>R>D;F>L>U]#00,CtrCore6p[3x2][B>R>D;F>L>U],CtrCore6p[3x2][B>R>D;F>L>U],6,0,4,M E M' E'
rubiks-7,CtrCore6s[B<>D;F<>U;L<>R]+ME2[RF>BU],,CtrCore6s[B<>D;F<>U;L<>R]+ME2[RF>BU]#00,74,0,74,0,CtrCore6s[B<>D;F<>U;L<>R]+ME2[RF>BU]#00,CtrCore6s[B<>D;F<>U;L<>R]+ME2[RF>BU],CtrCore6s[B<>D;F<>U;L<>R]+ME2[RF>BU],20,2,18,M F' M F2 D2 F' M F' M F M F D2 F' S' M2 S M2
rubiks-7,CtrCore6s[B<>D;F<>U;L<>R]+ME2[RF>FU],,CtrCore6s[B<>D;F<>U;L<>R]+ME2[RF>FU]#00,74,0,74,0,CtrCore6s[B<>D;F<>U;L<>R]+ME2[RF>FU]#00,CtrCore6s[B<>D;F<>U;L<>R]+ME2[RF>FU],CtrCore6s[B<>D;F<>U;L<>R]+ME2[RF>FU],16,2,20,U2 M U2 M2 F' U2 M' F M' F M' F' M' F' U2 F E' M2 E M2
rubiks-7,CtrCore6s[B<>D;F<>U;L<>R]+ME2s[RF<>UB],,CtrCore6s[B<>D;F<>U;L<>R]+ME2s[RF<>UB]#00,74,0,74,0,CtrCore6s[B<>D;F<>U;L<>R]+ME2s[RF<>UB]#00,CtrCore6s[B<>D;F<>U;L<>R]+ME2s[RF<>UB],CtrCore6s[B<>D;F<>U;L<>R]+ME2s[RF<>UB],16,0,20,M F M F' M F' M F M E' B' E' B2 E B' E S' M2 S M2
rubiks-7,CtrCore6s[B<>D;F<>U;L<>R]+ME2s[RF<>UF],,CtrCore6s[B<>D;F<>U;L<>R]+ME2s[RF<>UF]#00,74,0,74,0,CtrCore6s[B<>D;F<>U;L<>R]+ME2s[RF<>UF]#00,CtrCore6s[B<>D;F<>U;L<>R]+ME2s[RF<>UF],CtrCore6s[B<>D;F<>U;L<>R]+ME2s[RF<>UF],20,0,22,U2 M U2 M2 F' M' F M' F M' F' M2 B E B2 E' B M E' M2 E M2
rubiks-7,CtrCore6s[B<>F;D<>L;R<>U]+ME2[FL>BU],,CtrCore6s[B<>F;D<>L;R<>U]+ME2[FL>BU]#00,74,0,74,0,CtrCore6s[B<>F;D<>L;R<>U]+ME2[FL>BU]#00,CtrCore6s[B<>F;D<>L;R<>U]+ME2[FL>BU],CtrCore6s[B<>F;D<>L;R<>U]+ME2[FL>BU],16,2,22,M E' M' B' E' B E' B E' B' E' M' F M' F2 M F M E S2 E' S2
rubiks-7,CtrCore6s[B<>F;D<>L;R<>U]+ME2[RF>FU],,CtrCore6s[B<>F;D<>L;R<>U]+ME2[RF>FU]#00,74,0,74,0,CtrCore6s[B<>F;D<>L;R<>U]+ME2[RF>FU]#00,CtrCore6s[B<>F;D<>L;R<>U]+ME2[RF>FU],CtrCore6s[B<>F;D<>L;R<>U]+ME2[RF>FU],16,2,23,F' U2 F M F M F' M F' M U2 F E M E' M U2 M' U2 E S2 E' S2
rubiks-7,CtrCore6s[B<>F;D<>L;R<>U]+ME2s[FL<>UB],,CtrCore6s[B<>F;D<>L;R<>U]+ME2s[FL<>UB]#00,74,0,74,0,CtrCore6s[B<>F;D<>L;R<>U]+ME2s[FL<>UB]#00,CtrCore6s[B<>F;D<>L;R<>U]+ME2s[FL<>UB],CtrCore6s[B<>F;D<>L;R<>U]+ME2s[FL<>UB],20,0,20,M E' M' B' E' B E' B E' B' E' F' M F2 M' F' E S2 E' S2
rubiks-7,CtrCore6s[B<>F;D<>L;R<>U]+ME2s[RF<>UF],,CtrCore6s[B<>F;D<>L;R<>U]+ME2s[RF<>UF]#00,74,0,74,0,CtrCore6s[B<>F;D<>L;R<>U]+ME2s[RF<>UF]#00,CtrCore6s[B<>F;D<>L;R<>U]+ME2s[RF<>UF],CtrCore6s[B<>F;D<>L;R<>U]+ME2s[RF<>UF],16,0,21,R S' U S' U' S U2 S' U2 S' U' S' U S2 R2 S R E S2 E' S2
rubiks-7,CtrCore6s[B<>F;D<>R;L<>U]+ME2[FL>BU],,CtrCore6s[B<>F;D<>R;L<>U]+ME2[FL>BU]#00,74,0,74,0,CtrCore6s[B<>F;D<>R;L<>U]+ME2[FL>BU]#00,CtrCore6s[B<>F;D<>R;L<>U]+ME2[FL>BU],CtrCore6s[B<>F;D<>R;L<>U]+ME2[FL>BU],16,2,20,M E' M' B' E' B E' B E' B' E' M' F M' F2 M F S2 M S2
rubiks-7,CtrCore6s[B<>F;D<>R;L<>U]+ME2[FL>FR],,CtrCore6s[B<>F;D<>R;L<>U]+ME2[FL>FR]#00,104,0,104,0,CtrCore6s[B<>F;D<>R;L<>U]+ME2[FL>FR]#00,CtrCore6s[B<>F;D<>R;L<>U]+ME2[FL>FR],CtrCore6s[B<>F;D<>R;L<>U]+ME2[FL>FR],24,2,24,E' B E' B' E' B' E' B M E' F' M F2 D2 M' F' M' F D2 F' M' S2 M S2
rubiks-7,CtrCore6s[B<>F;D<>R;L<>U]+ME2[RF>FU],,CtrCore6s[B<>F;D<>R;L<>U]+ME2[RF>FU]#00,74,0,74,0,CtrCore6s[B<>F;D<>R;L<>U]+ME2[RF>FU]#00,CtrCore6s[B<>F;D<>R;L<>U]+ME2[RF>FU],CtrCore6s[B<>F;D<>R;L<>U]+ME2[RF>FU],16,2,23,F' U2 F M F M F' M F' M U2 F E M E' M U2 M' U2 M' S2 M S2
rubiks-7,CtrCore6s[B<>F;D<>R;L<>U]+ME2s[FL<>RF],,CtrCore6s[B<>F;D<>R;L<>U]+ME2s[FL<>RF]#00,104,0,104,0,CtrCore6s[B<>F;D<>R;L<>U]+ME2s[FL<>RF]#00,CtrCore6s[B<>F;D<>R;L<>U]+ME2s[FL<>RF],CtrCore6s[B<>F;D<>R;L<>U]+ME2s[FL<>RF],20,0,18,E R2 E' R S' L S' L' S' L' S' L S' R M' S2 M S2
rubiks-7,CtrCore6s[B<>F;D<>R;L<>U]+ME2s[FL<>UB],,CtrCore6s[B<>F;D<>R;L<>U]+ME2s[FL<>UB]#00,74,0,74,0,CtrCore6s[B<>F;D<>R;L<>U]+ME2s[FL<>UB]#00,CtrCore6s[B<>F;D<>R;L<>U]+ME2s[FL<>UB],CtrCore6s[B<>F;D<>R;L<>U]+ME2s[FL<>UB],20,0,20,M E' M' B' E' B E' B E' B' E' F' M F2 M' F' M' S2 M S2
rubiks-7,CtrCore6s[B<>F;D<>R;L<>U]+ME2s[RF<>UF],,CtrCore6s[B<>F;D<>R;L<>U]+ME2s[RF<>UF]#00,74,0,74,0,CtrCore6s[B<>F;D<>R;L<>U]+ME2s[RF<>UF]#00,CtrCore6s[B<>F;D<>R;L<>U]+ME2s[RF<>UF],CtrCore6s[B<>F;D<>R;L<>U]+ME2s[RF<>UF],16,0,21,R S' U S' U' S U2 S' U2 S' U' S' U S2 R2 S R M' S2 M S2
rubiks-7,CtrCore6s[B<>L;D<>U;F<>R]+ME2[FL>FR],,CtrCore6s[B<>L;D<>U;F<>R]+ME2[FL>FR]#00,104,0,104,0,CtrCore6s[B<>L;D<>U;F<>R]+ME2[FL>FR]#00,CtrCore6s[B<>L;D<>U;F<>R]+ME2[FL>FR],CtrCore6s[B<>L;D<>U;F<>R]+ME2[FL>FR],20,2,23,E B' E B E B E B' E2 B E B2 L2 E' B E' B' L2 B M E2 M' E2
rubiks-7,CtrCore6s[B<>L;D<>U;F<>R]+ME2[LB>FR],,CtrCore6s[B<>L;D<>U;F<>R]+ME2[LB>FR]#00,94,0,94,0,CtrCore6s[B<>L;D<>U;F<>R]+ME2[LB>FR]#00,CtrCore6s[B<>L;D<>U;F<>R]+ME2[LB>FR],CtrCore6s[B<>L;D<>U;F<>R]+ME2[LB>FR],20,2,18,B' E B E B' E B' E B E B M' E2 M E' F2 E' F2
rubiks-7,CtrCore6s[B<>L;D<>U;F<>R]+ME2s[FL<>RF],,CtrCore6s[B<>L;D<>U;F<>R]+ME2s[FL<>RF]#00,104,0,104,0,CtrCore6s[B<>L;D<>U;F<>R]+ME2s[FL<>RF]#00,CtrCore6s[B<>L;D<>U;F<>R]+ME2s[FL<>RF],CtrCore6s[B<>L;D<>U;F<>R]+ME2s[FL<>RF],20,0,16,M E2 M' E B' E' B2 R2 B' E' B' E' B2 R2 B' E'
rubiks-7,CtrCore6s[B<>L;D<>U;F<>R]+ME2s[LB<>RF],,CtrCore6s[B<>L;D<>U;F<>R]+ME2s[LB<>RF]#00,94,0,94,0,CtrCore6s[B<>L;D<>U;F<>R]+ME2s[LB<>RF]#00,CtrCore6s[B<>L;D<>U;F<>R]+ME2s[LB<>RF],CtrCore6s[B<>L;D<>U;F<>R]+ME2s[LB<>RF],16,0,22,E' F E' F' E' F' B2 E' F B2 E2 F' R2 F E F' R2 F S E2 S' E2
rubiks-7,CtrCore6s[B<>R;D<>U;F<>L]+ME2[LB>FR],,CtrCore6s[B<>R;D<>U;F<>L]+ME2[LB>FR]#00,94,0,94,0,CtrCore6s[B<>R;D<>U;F<>L]+ME2[LB>FR]#00,CtrCore6s[B<>R;D<>U;F<>L]+ME2[LB>FR],CtrCore6s[B<>R;D<>U;F<>L]+ME2[LB>FR],20,2,18,B' E B E B' E B' E B E B S E2 S' E' F2 E' F2
rubiks-7,CtrCore6s[B<>R;D<>U;F<>L]+ME2s[LB<>RF],,CtrCore6s[B<>R;D<>U;F<>L]+ME2s[LB<>RF]#00,94,0,94,0,CtrCore6s[B<>R;D<>U;F<>L]+ME2s[LB<>RF]#00,CtrCore6s[B<>R;D<>U;F<>L]+ME2s[LB<>RF],CtrCore6s[B<>R;D<>U;F<>L]+ME2s[LB<>RF],16,0,22,E' F E' F' E' F' B2 E' F B2 E2 F' R2 F E F' R2 F M E2 M' E2
rubiks-7,CtrCore6s[B<>U;D<>F;L<>R]+ME2[FL>FR],,CtrCore6s[B<>U;D<>F;L<>R]+ME2[FL>FR]#00,104,0,104,0,CtrCore6s[B<>U;D<>F;L<>R]+ME2[FL>FR]#00,CtrCore6s[B<>U;D<>F;L<>R]+ME2[FL>FR],CtrCore6s[B<>U;D<>F;L<>R]+ME2[FL>FR],24,2,23,M F' M F M F M F' M2 F U2 F' M' F M U2 F2 M' F E' M2 E M2
rubiks-7,CtrCore6s[B<>U;D<>F;L<>R]+ME2[LB>FR],,CtrCore6s[B<>U;D<>F;L<>R]+ME2[LB>FR]#00,94,0,94,0,CtrCore6s[B<>U;D<>F;L<>R]+ME2[LB>FR]#00,CtrCore6s[B<>U;D<>F;L<>R]+ME2[LB>FR],CtrCore6s[B<>U;D<>F;L<>R]+ME2[LB>FR],20,2,19,B' M F M F' M F' M F M B E B2 E' B2 E' M2 E M2
rubiks-7,CtrCore6s[B<>U;D<>F;L<>R]+ME2[RF>BU],,CtrCore6s[B<>U;D<>F;L<>R]+ME2[RF>BU]#00,74,0,74,0,CtrCore6s[B<>U;D<>F;L<>R]+ME2[RF>BU]#00,CtrCore6s[B<>U;D<>F;L<>R]+ME2[RF>BU],CtrCore6s[B<>U;D<>F;L<>R]+ME2[RF>BU],20,2,18,M F' M F2 D2 F' M F' M F M F D2 F' E M2 E' M2
rubiks-7,CtrCore6s[B<>U;D<>F;L<>R]+ME2[RF>FU],,CtrCore6s[B<>U;D<>F;L<>R]+ME2[RF>FU]#00,74,0,74,0,CtrCore6s[B<>U;D<>F;L<>R]+ME2[RF>FU]#00,CtrCore6s[B<>U;D<>F;L<>R]+ME2[RF>FU],CtrCore6s[B<>U;D<>F;L<>R]+ME2[RF>FU],16,2,20,U2 M U2 M2 F' U2 M' F M' F M' F' M' F' U2 F S' M2 S M2
rubiks-7,CtrCore6s[B<>U;D<>F;L<>R]+ME2s[FL<>RF],,CtrCore6s[B<>U;D<>F;L<>R]+ME2s[FL<>RF]#00,104,0,104,0,CtrCore6s[B<>U;D<>F;L<>R]+ME2s[FL<>RF]#00,CtrCore6s[B<>U;D<>F;L<>R]+ME2s[FL<>RF],CtrCore6s[B<>U;D<>F;L<>R]+ME2s[FL<>RF],20,0,18,S E' S' B E' B2 R2 B E' B E' B2 R2 B E2 M2 E M2
rubiks-7,CtrCore6s[B<>U;D<>F;L<>R]+ME2s[LB<>RF],,CtrCore6s[B<>U;D<>F;L<>R]+ME2s[LB<>RF]#00,94,0,94,0,CtrCore6s[B<>U;D<>F;L<>R]+ME2s[LB<>RF]#00,CtrCore6s[B<>U;D<>F;L<>R]+ME2s[LB<>RF],CtrCore6s[B<>U;D<>F;L<>R]+ME2s[LB<>RF],16,0,22,B' M F M F' M F' M F M B' E' R' E' R B2 R' E R M2 E M2
rubiks-7,CtrCore6s[B<>U;D<>F;L<>R]+ME2s[RF<>UB],,CtrCore6s[B<>U;D<>F;L<>R]+ME2s[RF<>UB]#00,74,0,74,0,CtrCore6s[B<>U;D<>F;L<>R]+ME2s[RF<>UB]#00,CtrCore6s[B<>U;D<>F;L<>R]+ME2s[RF<>UB],CtrCore6s[B<>U;D<>F;L<>R]+ME2s[RF<>UB],16,0,19,M F M F' M F' M F M E' B' E' B2 E B' E2 M2 E' M2
rubiks-7,CtrCore6s[B<>U;D<>F;L<>R]+ME2s[RF<>UF],,CtrCore6s[B<>U;D<>F;L<>R]+ME2s[RF<>UF]#00,74,0,74,0,CtrCore6s[B<>U;D<>F;L<>R]+ME2s[RF<>UF]#00,CtrCore6s[B<>U;D<>F;L<>R]+ME2s[RF<>UF],CtrCore6s[B<>U;D<>F;L<>R]+ME2s[RF<>UF],20,0,22,U2 M U2 M2 F' M' F M' F M' F' M2 B E B2 E' B M S' M2 S M2
rubiks-7,CtrObl10p[5x2]~v01,,CtrObl10p[5x2]~v01#00,4900,0,4900,0,CtrObl10p[5x2]~v01#00,CtrObl10p[5x2],CtrObl10p[5x2]~v01,10,0,11,2F 3R 2U 3R' 2U' 2F' 3B' 2R2 3B' 2R2 3B2
rubiks-7,CtrObl10p[5x2]~v02,,CtrObl10p[5x2]~v02#00,4900,0,4900,0,CtrObl10p[5x2]~v02#00,CtrObl10p[5x2],CtrObl10p[5x2]~v02,10,0,11,3B' 2R 3D' 2R' 3D 2B' 3B 3L2 2B' 3L2 2B2
rubiks-7,CtrObl10p[5x2]~v03,,CtrObl10p[5x2]~v03#00,7000,0,7000,0,CtrObl10p[5x2]~v03#00,CtrObl10p[5x2],CtrObl10p[5x2]~v03,10,0,9,3U2 2R2 3U' 2R2 3U' 2R2 3U' 2R2 3U
rubiks-7,CtrObl3[B@2R.3U>L@2B.3U>R@2F.3U],,CtrObl3[B@2R.3U>L@2B.3U>R@2F.3U]#00,5400,0,5400,0,CtrObl3[B@2R.3U>L@2B.3U>R@2F.3U]#00,CtrObl3[B@2R.3U>L@2B.3U>R@2F.3U],CtrObl3[B@2R.3U>L@2B.3U>R@2F.3U],3,0,8,2D' B' 2D 3B2 2D' B 2D 3B2
rubiks-7,CtrObl3[B@2R.3U>L@3F.2U>R@2F.3U],,CtrObl3[B@2R.3U>L@3F.2U>R@2F.3U]#00,5400,0,5400,0,CtrObl3[B@2R.3U>L@3F.2U>R@2F.3U]#00,CtrObl3[B@2R.3U>L@3F.2U>R@2F.3U],CtrObl3[B@2R.3U>L@3F.2U>R@2F.3U],3,0,11,L2 2R2 3D' L' 2U2 L 3D L' 2U2 L' 2R2
rubiks-7,CtrObl3[B@2R.3U>R@2F.3U>L@2B.3U],,CtrObl3[B@2R.3U>R@2F.3U>L@2B.3U]#00,5400,0,5400,0,CtrObl3[B@2R.3U>R@2F.3U>L@2B.3U]#00,CtrObl3[B@2R.3U>R@2F.3U>L@2B.3U],CtrObl3[B@2R.3U>R@2F.3U>L@2B.3U],3,0,8,3B2 2D' B' 2D 3B2 2D' B 2D
rubiks-7,CtrObl3[B@2R.3U>R@2F.3U>L@3F.2U],,CtrObl3[B@2R.3U>R@2F.3U>L@3F.2U]#00,5400,0,5400,0,CtrObl3[B@2R.3U>R@2F.3U>L@3F.2U]#00,CtrObl3[B@2R.3U>R@2F.3U>L@3F.2U],CtrObl3[B@2R.3U>R@2F.3U>L@3F.2U],3,0,11,2R2 L 2U2 L 3D' L' 2U2 L 3D 2R2 L2
rubiks-7,CtrObl3[B@3L.2U>R@2F.3U>L@2B.3U],,CtrObl3[B@3L.2U>R@2F.3U>L@2B.3U]#00,5400,0,5400,0,CtrObl3[B@3L.2U>R@2F.3U>L@2B.3U]#00,CtrObl3[B@3L.2U>R@2F.3U>L@2B.3U],CtrObl3[B@3L.2U>R@2F.3U>L@2B.3U],3,0,8,3B2 2D' B2 2D 3B2 2D' B2 2D
rubiks-7,CtrObl3[F@2L.3U>F@3R.2U>R@2F.3U],,CtrObl3[F@2L.3U>F@3R.2U>R@2F.3U]#00,3700,0,3700,0,CtrObl3[F@2L.3U>F@3R.2U>R@2F.3U]#00,CtrObl3[F@2L.3U>F@3R.2U>R@2F.3U],CtrObl3[F@2L.3U>F@3R.2U>R@2F.3U],3,0,8,2U' R' 3U' R 2U R' 3U R
rubiks-7,CtrObl3[F@2L.3U>L@2B.3U>R@2B.3D],,CtrObl3[F@2L.3U>L@2B.3U>R@2B.3D]#00,5500,0,5500,0,CtrObl3[F@2L.3U>L@2B.3U>R@2B.3D]#00,CtrObl3[F@2L.3U>L@2B.3U>R@2B.3D],CtrObl3[F@2L.3U>L@2B.3U>R@2B.3D],3,0,8,2D2 R 3U' R' 2D2 R 3U R'
rubiks-7,CtrObl3[F@2L.3U>L@2B.3U>R@2F.3U],,CtrObl3[F@2L.3U>L@2B.3U>R@2F.3U]#00,5600,0,5600,0,CtrObl3[F@2L.3U>L@2B.3U>R@2F.3U]#00,CtrObl3[F@2L.3U>L@2B.3U>R@2F.3U],CtrObl3[F@2L.3U>L@2B.3U>R@2F.3U],3,0,8,2D F' 2D' 3B2 2D F 2D' 3B2
rubiks-7,CtrObl3[F@2L.3U>L@2F.3D>R@2F.3U],,CtrObl3[F@2L.3U>L@2F.3D>R@2F.3U]#00,5500,0,5500,0,CtrObl3[F@2L.3U>L@2F.3D>R@2F.3U]#00,CtrObl3[F@2L.3U>L@2F.3D>R@2F.3U],CtrObl3[F@2L.3U>L@2F.3D>R@2F.3U],3,0,10,2L2 2U2 R 3D' R' 2U2 R 3D 2L2 R'
rubiks-7,CtrObl3[F@2L.3U>L@3F.2U>R@2F.3U],,CtrObl3[F@2L.3U>L@3F.2U>R@2F.3U]#00,5600,0,5600,0,CtrObl3[F@2L.3U>L@3F.2U>R@2F.3U]#00,CtrObl3[F@2L.3U>L@3F.2U>R@2F.3U],CtrObl3[F@2L.3U>L@3F.2U>R@2F.3U],3,0,11,L2 2L2 3D L' 2U2 L 3D' L' 2U2 L' 2L2
rubiks-7,CtrObl3[F@2L.3U>R@2B.3D>L@2B.3U],,CtrObl3[F@2L.3U>R@2B.3D>L@2B.3U]#00,5500,0,5500,0,CtrObl3[F@2L.3U>R@2B.3D>L@2B.3U]#00,CtrObl3[F@2L.3U>R@2B.3D>L@2B.3U],CtrObl3[F@2L.3U>R@2B.3D>L@2B.3U],3,0,8,2D2 L 3U L' 2D2 L 3U' L'
rubiks-7,CtrObl3[F@2L.3U>R@2B.3D>R@2F.3U],,CtrObl3[F@2L.3U>R@2B.3D>R@2F.3U]#00,3700,0,3700,0,CtrObl3[F@2L.3U>R@2B.3D>R@2F.3U]#00,CtrObl3[F@2L.3U>R@2B.3D>R@2F.3U],CtrObl3[F@2L.3U>R@2B.3D>R@2F.3U],3,0,8,R2 3B 2L' 3B' R2 3B 2L 3B'
rubiks-7,CtrObl3[F@2L.3U>R@2B.3D>U@3R.2B],,CtrObl3[F@2L.3U>R@2B.3D>U@3R.2B]#00,4900,0,4900,0,CtrObl3[F@2L.3U>R@2B.3D>U@3R.2B]#00,CtrObl3[F@2L.3U>R@2B.3D>U@3R.2B],CtrObl3[F@2L.3U>R@2B.3D>U@3R.2B],3,0,10,R 3U' 2F' U2 2F 3U 2F' U2 2F R'
rubiks-7,CtrObl3[F@2L.3U>R@2F.3U>L@2B.3U],,CtrObl3[F@2L.3U>R@2F.3U>L@2B.3U]#00,5600,0,5600,0,CtrObl3[F@2L.3U>R@2F.3U>L@2B.3U]#00,CtrObl3[F@2L.3U>R@2F.3U>L@2B.3U],CtrObl3[F@2L.3U>R@2F.3U>L@2B.3U],3,0,8,3B2 2D F' 2D' 3B2 2D F 2D'
rubiks-7,CtrObl3[F@2L.3U>R@2F.3U>L@2F.3D],,CtrObl3[F@2L.3U>R@2F.3U>L@2F.3D]#00,5500,0,5500,0,CtrObl3[F@2L.3U>R@2F.3U>L@2F.3D]#00,CtrObl3[F@2L.3U>R@2F.3U>L@2F.3D],CtrObl3[F@2L.3U>R@2F.3U>L@2F.3D],3,0,10,2L2 2U2 L 3D L' 2U2 L 3D' 2L2 L'
rubiks-7,CtrObl3[F@2L.3U>R@2F.3U>L@3F.2U],,CtrObl3[F@2L.3U>R@2F.3U>L@3F.2U]#00,5600,0,5600,0,CtrObl3[F@2L.3U>R@2F.3U>L@3F.2U]#00,CtrObl3[F@2L.3U>R@2F.3U>L@3F.2U],CtrObl3[F@2L.3U>R@2F.3U>L@3F.2U],3,0,11,2L2 L 2U2 L 3D L' 2U2 L 3D' 2L2 L2
rubiks-7,CtrObl3[F@2L.3U>R@2F.3U>U@3L.2F],,CtrObl3[F@2L.3U>R@2F.3U>U@3L.2F]#00,5000,0,5000,0,CtrObl3[F@2L.3U>R@2F.3U>U@3L.2F]#00,CtrObl3[F@2L.3U>R@2F.3U>U@3L.2F],CtrObl3[F@2L.3U>R@2F.3U>U@3L.2F],3,0,10,F' 3L 2D R2 2D' 3L' 2D R2 2D' F
rubiks-7,CtrObl3[F@2L.3U>R@2F.3U>U@3R.2B],,CtrObl3[F@2L.3U>R@2F.3U>U@3R.2B]#00,5000,0,5000,0,CtrObl3[F@2L.3U>R@2F.3U>U@3R.2B]#00,CtrObl3[F@2L.3U>R@2F.3U>U@3R.2B],CtrObl3[F@2L.3U>R@2F.3U>U@3R.2B],3,0,10,R' 3U' 2F' U2 2F 3U 2F' U2 2F R
rubiks-7,CtrObl3[F@2L.3U>R@3B.2U>F@2R.3D],,CtrObl3[F@2L.3U>R@3B.2U>F@2R.3D]#00,3700,0,3700,0,CtrObl3[F@2L.3U>R@3B.2U>F@2R.3D]#00,CtrObl3[F@2L.3U>R@3B.2U>F@2R.3D],CtrObl3[F@2L.3U>R@3B.2U>F@2R.3D],3,0,8,F2 3U 2B2 3U' F2 3U 2B2 3U'
rubiks-7,CtrObl3[F@2L.3U>R@3B.2U>U@2L.3B],,CtrObl3[F@2L.3U>R@3B.2U>U@2L.3B]#00,5000,0,5000,0,CtrObl3[F@2L.3U>R@3B.2U>U@2L.3B]#00,CtrObl3[F@2L.3U>R@3B.2U>U@2L.3B],CtrObl3[F@2L.3U>R@3B.2U>U@2L.3B],3,0,8,2L 3U' R2 3U 2L' 3U' R2 3U
rubiks-7,CtrObl3[F@2L.3U>R@3B.2U>U@2R.3F],,CtrObl3[F@2L.3U>R@3B.2U>U@2R.3F]#00,5000,0,5000,0,CtrObl3[F@2L.3U>R@3B.2U>U@2R.3F]#00,CtrObl3[F@2L.3U>R@3B.2U>U@2R.3F],CtrObl3[F@2L.3U>R@3B.2U>U@2R.3F],3,0,10,F2 2R' B 3D' B' 2R B 3D B' F2
rubiks-7,CtrObl3[F@2L.3U>R@3B.2U>U@3R.2B],,CtrObl3[F@2L.3U>R@3B.2U>U@3R.2B]#00,5000,0,5000,0,CtrObl3[F@2L.3U>R@3B.2U>U@3R.2B]#00,CtrObl3[F@2L.3U>R@3B.2U>U@3R.2B],CtrObl3[F@2L.3U>R@3B.2U>U@3R.2B],3,0,8,3D' F2 3D 2B' 3D' F2 3D 2B
rubiks-7,CtrObl3[F@2L.3U>U@2L.3B>R@2F.3U],,CtrObl3[F@2L.3U>U@2L.3B>R@2F.3U]#00,5000,0,5000,0,CtrObl3[F@2L.3U>U@2L.3B>R@2F.3U]#00,CtrObl3[F@2L.3U>U@2L.3B>R@2F.3U],CtrObl3[F@2L.3U>U@2L.3B>R@2F.3U],3,0,8,2L' D 3B D' 2L D 3B' D'
rubiks-7,CtrObl3[F@2L.3U>U@2L.3B>R@3B.2U],,CtrObl3[F@2L.3U>U@2L.3B>R@3B.2U]#00,5000,0,5000,0,CtrObl3[F@2L.3U>U@2L.3B>R@3B.2U]#00,CtrObl3[F@2L.3U>U@2L.3B>R@3B.2U],CtrObl3[F@2L.3U>U@2L.3B>R@3B.2U],3,0,8,3U' R2 3U 2L 3U' R2 3U 2L'
rubiks-7,CtrObl3[F@2L.3U>U@2R.3F>R@2F.3U],,CtrObl3[F@2L.3U>U@2R.3F>R@2F.3U]#00,5000,0,5000,0,CtrObl3[F@2L.3U>U@2R.3F>R@2F.3U]#00,CtrObl3[F@2L.3U>U@2R.3F>R@2F.3U],CtrObl3[F@2L.3U>U@2R.3F>R@2F.3U],3,0,10,U2 2L' D 3B D' 2L D 3B' D' U2
rubiks-7,CtrObl3[F@2L.3U>U@3L.2F>R@3B.2U],,CtrObl3[F@2L.3U>U@3L.2F>R@3B.2U]#00,5000,0,5000,0,CtrObl3[F@2L.3U>U@3L.2F>R@3B.2U]#00,CtrObl3[F@2L.3U>U@3L.2F>R@3B.2U],CtrObl3[F@2L.3U>U@3L.2F>R@3B.2U],3,0,10,R2 2F L 3U' L' 2F' L 3U L' R2
rubiks-7,CtrObl3[F@2L.3U>U@3R.2B>R@3B.2U],,CtrObl3[F@2L.3U>U@3R.2B>R@3B.2U]#00,5000,0,5000,0,CtrObl3[F@2L.3U>U@3R.2B>R@3B.2U]#00,CtrObl3[F@2L.3U>U@3R.2B>R@3B.2U],CtrObl3[F@2L.3U>U@3R.2B>R@3B.2U],3,0,8,2B' 3D' F2 3D 2B 3D' F2 3D
rubiks-7,CtrObl3[F@2R.3D>F@3R.2U>R@2F.3U],,CtrObl3[F@2R.3D>F@3R.2U>R@2F.3U]#00,3700,0,3700,0,CtrObl3[F@2R.3D>F@3R.2U>R@2F.3U]#00,CtrObl3[F@2R.3D>F@3R.2U>R@2F.3U],CtrObl3[F@2R.3D>F@3R.2U>R@2F.3U],3,0,8,2U' R 3D R' 2U R 3D' R'
rubiks-7,CtrObl3[F@2R.3D>F@3R.2U>R@3B.2U],,CtrObl3[F@2R.3D>F@3R.2U>R@3B.2U]#00,3700,0,3700,0,CtrObl3[F@2R.3D>F@3R.2U>R@3B.2U]#00,CtrObl3[F@2R.3D>F@3R.2U>R@3B.2U],CtrObl3[F@2R.3D>F@3R.2U>R@3B.2U],3,0,8,R' 2U' R 3D R' 2U R 3D'
rubiks-7,CtrObl3[F@2R.3D>R@2F.3U>U@3L.2F],,CtrObl3[F@2R.3D>R@2F.3U>U@3L.2F]#00,4900,0,4900,0,CtrObl3[F@2R.3D>R@2F.3U>U@3L.2F]#00,CtrObl3[F@2R.3D>R@2F.3U>U@3L.2F],CtrObl3[F@2R.3D>R@2F.3U>U@3L.2F],3,0,10,R 3D 2B U2 2B' 3D' 2B U2 2B' R'
rubiks-7,CtrObl3[F@3L.2D>F@3R.2U>R@2B.3D],,CtrObl3[F@3L.2D>F@3R.2U>R@2B.3D]#00,3600,0,3600,0,CtrObl3[F@3L.2D>F@3R.2U>R@2B.3D]#00,CtrObl3[F@3L.2D>F@3R.2U>R@2B.3D],CtrObl3[F@3L.2D>F@3R.2U>R@2B.3D],3,0,8,F2 2U 3F2 2U' F2 2U 3F2 2U'
rubiks-7,CtrObl3[F@3L.2D>F@3R.2U>R@2F.3U],,CtrObl3[F@3L.2D>F@3R.2U>R@2F.3U]#00,3700,0,3700,0,CtrObl3[F@3L.2D>F@3R.2U>R@2F.3U]#00,CtrObl3[F@3L.2D>F@3R.2U>R@2F.3U],CtrObl3[F@3L.2D>F@3R.2U>R@2F.3U],3,0,8,2D' 3B2 2D F2 2D' 3B2 2D F2
rubiks-7,CtrObl3[F@3L.2D>F@3R.2U>R@3B.2U]~v01,,CtrObl3[F@3L.2D>F@3R.2U>R@3B.2U]~v01#00,3700,0,3700,0,CtrObl3[F@3L.2D>F@3R.2U>R@3B.2U]~v01#00,CtrObl3[F@3L.2D>F@3R.2U>R@3B.2U],CtrObl3[F@3L.2D>F@3R.2U>R@3B.2U]~v01,3,0,8,3L 2B' 3L' F2 3L 2B 3L' F2
rubiks-7,CtrObl3[F@3L.2D>F@3R.2U>R@3B.2U]~v02,,CtrObl3[F@3L.2D>F@3R.2U>R@3B.2U]~v02#00,3700,0,3700,0,CtrObl3[F@3L.2D>F@3R.2U>R@3B.2U]~v02#00,CtrObl3[F@3L.2D>F@3R.2U>R@3B.2U],CtrObl3[F@3L.2D>F@3R.2U>R@3B.2U]~v02,3,0,8,F2 3R 2B 3R' F2 3R 2B' 3R'
rubiks-7,CtrObl3[F@3L.2D>F@3R.2U>R@3F.2D],,CtrObl3[F@3L.2D>F@3R.2U>R@3F.2D]#00,3600,0,3600,0,CtrObl3[F@3L.2D>F@3R.2U>R@3F.2D]#00,CtrObl3[F@3L.2D>F@3R.2U>R@3F.2D],CtrObl3[F@3L.2D>F@3R.2U>R@3F.2D],3,0,8,F2 3R' 2F 3R F2 3R' 2F' 3R
rubiks-7,CtrObl3[F@3L.2D>R@3B.2U>U@2L.3B],,CtrObl3[F@3L.2D>R@3B.2U>U@2L.3B]#00,4900,0,4900,0,CtrObl3[F@3L.2D>R@3B.2U>U@2L.3B]#00,CtrObl3[F@3L.2D>R@3B.2U>U@2L.3B],CtrObl3[F@3L.2D>R@3B.2U>U@2L.3B],3,0,10,R' 2U F2 2U' 3B' 2U F2 2U' 3B R
rubiks-7,CtrObl3[F@3R.2U>L@2B.3U>R@2B.3D],,CtrObl3[F@3R.2U>L@2B.3U>R@2B.3D]#00,5500,0,5500,0,CtrObl3[F@3R.2U>L@2B.3U>R@2B.3D]#00,CtrObl3[F@3R.2U>L@2B.3U>R@2B.3D],CtrObl3[F@3R.2U>L@2B.3U>R@2B.3D],3,0,10,3F2 2D' 3R2 2D L2 2D' 3R2 2D L2 3F2
rubiks-7,CtrObl3[F@3R.2U>L@2B.3U>R@2F.3U],,CtrObl3[F@3R.2U>L@2B.3U>R@2F.3U]#00,5600,0,5600,0,CtrObl3[F@3R.2U>L@2B.3U>R@2F.3U]#00,CtrObl3[F@3R.2U>L@2B.3U>R@2F.3U],CtrObl3[F@3R.2U>L@2B.3U>R@2F.3U],3,0,8,2D F2 2D' 3B2 2D F2 2D' 3B2
rubiks-7,CtrObl3[F@3R.2U>L@2B.3U>R@3F.2D],,CtrObl3[F@3R.2U>L@2B.3U>R@3F.2D]#00,5500,0,5500,0,CtrObl3[F@3R.2U>L@2B.3U>R@3F.2D]#00,CtrObl3[F@3R.2U>L@2B.3U>R@3F.2D],CtrObl3[F@3R.2U>L@2B.3U>R@3F.2D],3,0,10,3R2 2D R 3B2 R' 2D' R 3B2 3R2 R'
rubiks-7,CtrObl3[F@3R.2U>L@2F.3D>R@2F.3U],,CtrObl3[F@3R.2U>L@2F.3D>R@2F.3U]#00,5500,0,5500,0,CtrObl3[F@3R.2U>L@2F.3D>R@2F.3U]#00,CtrObl3[F@3R.2U>L@2F.3D>R@2F.3U],CtrObl3[F@3R.2U>L@2F.3D>R@2F.3U],3,0,10,3F2 2D 3R2 2D' R2 2D 3R2 2D' R2 3F2
rubiks-7,CtrObl3[F@3R.2U>L@2F.3D>R@3B.2U],,CtrObl3[F@3R.2U>L@2F.3D>R@3B.2U]#00,5500,0,5500,0,CtrObl3[F@3R.2U>L@2F.3D>R@3B.2U]#00,CtrObl3[F@3R.2U>L@2F.3D>R@3B.2U],CtrObl3[F@3R.2U>L@2F.3D>R@3B.2U],3,0,8,2U R 3F2 R' 2U' R 3F2 R'
rubiks-7,CtrObl3[F@3R.2U>L@3B.2D>R@2F.3U],,CtrObl3[F@3R.2U>L@3B.2D>R@2F.3U]#00,5500,0,5500,0,CtrObl3[F@3R.2U>L@3B.2D>R@2F.3U]#00,CtrObl3[F@3R.2U>L@3B.2D>R@2F.3U],CtrObl3[F@3R.2U>L@3B.2D>R@2F.3U],3,0,8,2U F 3D F' 2U' F 3D' F'
rubiks-7,CtrObl3[F@3R.2U>L@3F.2U>R@2B.3D],,CtrObl3[F@3R.2U>L@3F.2U>R@2B.3D]#00,5500,0,5500,0,CtrObl3[F@3R.2U>L@3F.2U>R@2B.3D]#00,CtrObl3[F@3R.2U>L@3F.2U>R@2B.3D],CtrObl3[F@3R.2U>L@3F.2U>R@2B.3D],3,0,10,3R2 2D B 3U B' 2D' B 3U' B' 3R2
rubiks-7,CtrObl3[F@3R.2U>R@2B.3D>L@2B.3U],,CtrObl3[F@3R.2U>R@2B.3D>L@2B.3U]#00,5500,0,5500,0,CtrObl3[F@3R.2U>R@2B.3D>L@2B.3U]#00,CtrObl3[F@3R.2U>R@2B.3D>L@2B.3U],CtrObl3[F@3R.2U>R@2B.3D>L@2B.3U],3,0,10,3B2 2D 3R2 2D' R2 2D 3R2 2D' R2 3B2
rubiks-7,CtrObl3[F@3R.2U>R@2B.3D>L@2F.3D],,CtrObl3[F@3R.2U>R@2B.3D>L@2F.3D]#00,5400,0,5400,0,CtrObl3[F@3R.2U>R@2B.3D>L@2F.3D]#00,CtrObl3[F@3R.2U>R@2B.3D>L@2F.3D],CtrObl3[F@3R.2U>R@2B.3D>L@2F.3D],3,0,8,2D' F2 2D 3F2 2D' F2 2D 3F2
rubiks-7,CtrObl3[F@3R.2U>R@2B.3D>L@3F.2U],,CtrObl3[F@3R.2U>R@2B.3D>L@3F.2U]#00,5500,0,5500,0,CtrObl3[F@3R.2U>R@2B.3D>L@3F.2U]#00,CtrObl3[F@3R.2U>R@2B.3D>L@3F.2U],CtrObl3[F@3R.2U>R@2B.3D>L@3F.2U],3,0,10,3R2 2D' L 3F2 L' 2D L 3F2 3R2 L'
rubiks-7,CtrObl3[F@3R.2U>R@2B.3D>R@2F.3U],,CtrObl3[F@3R.2U>R@2B.3D>R@2F.3U]#00,3700,0,3700,0,CtrObl3[F@3R.2U>R@2B.3D>R@2F.3U]#00,CtrObl3[F@3R.2U>R@2B.3D>R@2F.3U],CtrObl3[F@3R.2U>R@2B.3D>R@2F.3U],3,0,8,2D 3R2 2D' R2 2D 3R2 2D' R2
rubiks-7,CtrObl3[F@3R.2U>R@2F.3U>L@2B.3U],,CtrObl3[F@3R.2U>R@2F.3U>L@2B.3U]#00,5600,0,5600,0,CtrObl3[F@3R.2U>R@2F.3U>L@2B.3U]#00,CtrObl3[F@3R.2U>R@2F.3U>L@2B.3U],CtrObl3[F@3R.2U>R@2F.3U>L@2B.3U],3,0,8,3B2 2D F2 2D' 3B2 2D F2 2D'
rubiks-7,CtrObl3[F@3R.2U>R@2F.3U>L@2F.3D],,CtrObl3[F@3R.2U>R@2F.3U>L@2F.3D]#00,5500,0,5500,0,CtrObl3[F@3R.2U>R@2F.3U>L@2F.3D]#00,CtrObl3[F@3R.2U>R@2F.3U>L@2F.3D],CtrObl3[F@3R.2U>R@2F.3U>L@2F.3D],3,0,10,3B2 2D' 3R2 2D L2 2D' 3R2 2D L2 3B2
rubiks-7,CtrObl3[F@3R.2U>R@2F.3U>L@3B.2D],,CtrObl3[F@3R.2U>R@2F.3U>L@3B.2D]#00,5500,0,5500,0,CtrObl3[F@3R.2U>R@2F.3U>L@3B.2D]#00,CtrObl3[F@3R.2U>R@2F.3U>L@3B.2D],CtrObl3[F@3R.2U>R@2F.3U>L@3B.2D],3,0,8,2U' L 3B2 L' 2U L 3B2 L'
rubiks-7,CtrObl3[F@3R.2U>R@2F.3U>R@3B.2U],,CtrObl3[F@3R.2U>R@2F.3U>R@3B.2U]#00,3700,0,3700,0,CtrObl3[F@3R.2U>R@2F.3U>R@3B.2U]#00,CtrObl3[F@3R.2U>R@2F.3U>R@3B.2U],CtrObl3[F@3R.2U>R@2F.3U>R@3B.2U],3,0,8,F 3D' F' 2U F 3D F' 2U'
rubiks-7,CtrObl3[F@3R.2U>R@2F.3U>U@2L.3B],,CtrObl3[F@3R.2U>R@2F.3U>U@2L.3B]#00,5000,0,5000,0,CtrObl3[F@3R.2U>R@2F.3U>U@2L.3B]#00,CtrObl3[F@3R.2U>R@2F.3U>U@2L.3B],CtrObl3[F@3R.2U>R@2F.3U>U@2L.3B],3,0,8,2U' L 3B' L' 2U L 3B L'
rubiks-7,CtrObl3[F@3R.2U>R@2F.3U>U@2R.3F],,CtrObl3[F@3R.2U>R@2F.3U>U@2R.3F]#00,5000,0,5000,0,CtrObl3[F@3R.2U>R@2F.3U>U@2R.3F]#00,CtrObl3[F@3R.2U>R@2F.3U>U@2R.3F],CtrObl3[F@3R.2U>R@2F.3U>U@2R.3F],3,0,8,2U' 3B U2 3B' 2U 3B U2 3B'
rubiks-7,CtrObl3[F@3R.2U>R@2F.3U>U@3L.2F],,CtrObl3[F@3R.2U>R@2F.3U>U@3L.2F]#00,5000,0,5000,0,CtrObl3[F@3R.2U>R@2F.3U>U@3L.2F]#00,CtrObl3[F@3R.2U>R@2F.3U>U@3L.2F],CtrObl3[F@3R.2U>R@2F.3U>U@3L.2F],3,0,8,3R U2 3R' 2U 3R U2 3R' 2U'
rubiks-7,CtrObl3[F@3R.2U>R@3B.2U>L@2F.3D],,CtrObl3[F@3R.2U>R@3B.2U>L@2F.3D]#00,5500,0,5500,0,CtrObl3[F@3R.2U>R@3B.2U>L@2F.3D]#00,CtrObl3[F@3R.2U>R@3B.2U>L@2F.3D],CtrObl3[F@3R.2U>R@3B.2U>L@2F.3D],3,0,8,2U' F 3D' F' 2U F 3D F'
rubiks-7,CtrObl3[F@3R.2U>R@3B.2U>R@2F.3U],,CtrObl3[F@3R.2U>R@3B.2U>R@2F.3U]#00,3700,0,3700,0,CtrObl3[F@3R.2U>R@3B.2U>R@2F.3U]#00,CtrObl3[F@3R.2U>R@3B.2U>R@2F.3U],CtrObl3[F@3R.2U>R@3B.2U>R@2F.3U],3,0,8,2U F 3D' F' 2U' F 3D F'
rubiks-7,CtrObl3[F@3R.2U>R@3B.2U>U@2L.3B],,CtrObl3[F@3R.2U>R@3B.2U>U@2L.3B]#00,5000,0,5000,0,CtrObl3[F@3R.2U>R@3B.2U>U@2L.3B]#00,CtrObl3[F@3R.2U>R@3B.2U>U@2L.3B],CtrObl3[F@3R.2U>R@3B.2U>U@2L.3B],3,0,10,F 2R U2 2R' 3D' 2R U2 2R' 3D F'
rubiks-7,CtrObl3[F@3R.2U>R@3B.2U>U@2R.3F],,CtrObl3[F@3R.2U>R@3B.2U>U@2R.3F]#00,5000,0,5000,0,CtrObl3[F@3R.2U>R@3B.2U>U@2R.3F]#00,CtrObl3[F@3R.2U>R@3B.2U>U@2R.3F],CtrObl3[F@3R.2U>R@3B.2U>U@2R.3F],3,0,10,R 2D' F2 2D 3F 2D' F2 2D 3F' R'
rubiks-7,CtrObl3[F@3R.2U>R@3B.2U>U@3L.2F],,CtrObl3[F@3R.2U>R@3B.2U>U@3L.2F]#00,5000,0,5000,0,CtrObl3[F@3R.2U>R@3B.2U>U@3L.2F]#00,CtrObl3[F@3R.2U>R@3B.2U>U@3L.2F],CtrObl3[F@3R.2U>R@3B.2U>U@3L.2F],3,0,10,U2 2B D 3R D' 2B' D 3R' D' U2
rubiks-7,CtrObl3[F@3R.2U>R@3B.2U>U@3R.2B],,CtrObl3[F@3R.2U>R@3B.2U>U@3R.2B]#00,5000,0,5000,0,CtrObl3[F@3R.2U>R@3B.2U>U@3R.2B]#00,CtrObl3[F@3R.2U>R@3B.2U>U@3R.2B],CtrObl3[F@3R.2U>R@3B.2U>U@3R.2B],3,0,8,2B D 3R D' 2B' D 3R' D'
rubiks-7,CtrObl3[F@3R.2U>R@3F.2D>L@2B.3U],,CtrObl3[F@3R.2U>R@3F.2D>L@2B.3U]#00,5500,0,5500,0,CtrObl3[F@3R.2U>R@3F.2D>L@2B.3U]#00,CtrObl3[F@3R.2U>R@3F.2D>L@2B.3U],CtrObl3[F@3R.2U>R@3F.2D>L@2B.3U],3,0,10,3R2 2D' B 3U' B' 2D B 3U B' 3R2
rubiks-7,CtrObl3[F@3R.2U>R@3F.2D>R@2F.3U],,CtrObl3[F@3R.2U>R@3F.2D>R@2F.3U]#00,3700,0,3700,0,CtrObl3[F@3R.2U>R@3F.2D>R@2F.3U]#00,CtrObl3[F@3R.2U>R@3F.2D>R@2F.3U],CtrObl3[F@3R.2U>R@3F.2D>R@2F.3U],3,0,8,2U F' 3U F 2U' F' 3U' F
rubiks-7,CtrObl3[F@3R.2U>R@3F.2D>R@3B.2U]~v01,,CtrObl3[F@3R.2U>R@3F.2D>R@3B.2U]~v01#00,3700,0,3700,0,CtrObl3[F@3R.2U>R@3F.2D>R@3B.2U]~v01#00,CtrObl3[F@3R.2U>R@3F.2D>R@3B.2U],CtrObl3[F@3R.2U>R@3F.2D>R@3B.2U]~v01,3,0,8,2F 3R' 2F' R2 2F 3R 2F' R2
rubiks-7,CtrObl3[F@3R.2U>R@3F.2D>R@3B.2U]~v02,,CtrObl3[F@3R.2U>R@3F.2D>R@3B.2U]~v02#00,3700,0,3700,0,CtrObl3[F@3R.2U>R@3F.2D>R@3B.2U]~v02#00,CtrObl3[F@3R.2U>R@3F.2D>R@3B.2U],CtrObl3[F@3R.2U>R@3F.2D>R@3B.2U]~v02,3,0,8,R2 2B 3R 2B' R2 2B 3R' 2B'
rubiks-7,CtrObl3[F@3R.2U>R@3F.2D>U@2R.3F],,CtrObl3[F@3R.2U>R@3F.2D>U@2R.3F]#00,4900,0,4900,0,CtrObl3[F@3R.2U>R@3F.2D>U@2R.3F]#00,CtrObl3[F@3R.2U>R@3F.2D>U@2R.3F],CtrObl3[F@3R.2U>R@3F.2D>U@2R.3F],3,0,10,R' 2D' F2 2D 3F 2D' F2 2D 3F' R
rubiks-7,CtrObl3[F@3R.2U>U@2R.3F>R@2F.3U],,CtrObl3[F@3R.2U>U@2R.3F>R@2F.3U]#00,5000,0,5000,0,CtrObl3[F@3R.2U>U@2R.3F>R@2F.3U]#00,CtrObl3[F@3R.2U>U@2R.3F>R@2F.3U],CtrObl3[F@3R.2U>U@2R.3F>R@2F.3U],3,0,8,3B U2 3B' 2U' 3B U2 3B' 2U
rubiks-7,CtrObl3[F@3R.2U>U@3L.2F>R@2F.3U],,CtrObl3[F@3R.2U>U@3L.2F>R@2F.3U]#00,5000,0,5000,0,CtrObl3[F@3R.2U>U@3L.2F>R@2F.3U]#00,CtrObl3[F@3R.2U>U@3L.2F>R@2F.3U],CtrObl3[F@3R.2U>U@3L.2F>R@2F.3U],3,0,8,2U 3R U2 3R' 2U' 3R U2 3R'
rubiks-7,CtrObl3[F@3R.2U>U@3R.2B>R@2F.3U],,CtrObl3[F@3R.2U>U@3R.2B>R@2F.3U]#00,5000,0,5000,0,CtrObl3[F@3R.2U>U@3R.2B>R@2F.3U]#00,CtrObl3[F@3R.2U>U@3R.2B>R@2F.3U],CtrObl3[F@3R.2U>U@3R.2B>R@2F.3U],3,0,8,2U B 3R' B' 2U' B 3R B'
rubiks-7,CtrObl3[L@2B.3U>L@3F.2U>R@3B.2U],,CtrObl3[L@2B.3U>L@3F.2U>R@3B.2U]#00,3900,0,3900,0,CtrObl3[L@2B.3U>L@3F.2U>R@3B.2U]#00,CtrObl3[L@2B.3U>L@3F.2U>R@3B.2U],CtrObl3[L@2B.3U>L@3F.2U>R@3B.2U],3,0,8,2B2 L' 3D2 L 2B2 L' 3D2 L
rubiks-7,CtrObl3[L@2B.3U>R@2B.3D>R@3B.2U],,CtrObl3[L@2B.3U>R@2B.3D>R@3B.2U]#00,3900,0,3900,0,CtrObl3[L@2B.3U>R@2B.3D>R@3B.2U]#00,CtrObl3[L@2B.3U>R@2B.3D>R@3B.2U],CtrObl3[L@2B.3U>R@2B.3D>R@3B.2U],3,0,8,L' 3D2 L 2D2 L' 3D2 L 2D2
rubiks-7,CtrObl3[L@2B.3U>R@3B.2U>L@3F.2U],,CtrObl3[L@2B.3U>R@3B.2U>L@3F.2U]#00,3900,0,3900,0,CtrObl3[L@2B.3U>R@3B.2U>L@3F.2U]#00,CtrObl3[L@2B.3U>R@3B.2U>L@3F.2U],CtrObl3[L@2B.3U>R@3B.2U>L@3F.2U],3,0,8,L' 3D2 L 2B2 L' 3D2 L 2B2
rubiks-7,CtrObl3[L@2F.3D>L@3F.2U>R@3B.2U],,CtrObl3[L@2F.3D>L@3F.2U>R@3B.2U]#00,3900,0,3900,0,CtrObl3[L@2F.3D>L@3F.2U>R@3B.2U]#00,CtrObl3[L@2F.3D>L@3F.2U>R@3B.2U],CtrObl3[L@2F.3D>L@3F.2U>R@3B.2U],3,0,8,2B2 L 3D2 L' 2B2 L 3D2 L'
rubiks-7,CtrObl3[L@2F.3D>R@3B.2U>L@3B.2D],,CtrObl3[L@2F.3D>R@3B.2U>L@3B.2D]#00,3800,0,3800,0,CtrObl3[L@2F.3D>R@3B.2U>L@3B.2D]#00,CtrObl3[L@2F.3D>R@3B.2U>L@3B.2D],CtrObl3[L@2F.3D>R@3B.2U>L@3B.2D],3,0,8,L' 2B2 L 3D2 L' 2B2 L 3D2
rubiks-7,CtrObl3[L@2F.3D>R@3B.2U>L@3F.2U],,CtrObl3[L@2F.3D>R@3B.2U>L@3F.2U]#00,3800,0,3800,0,CtrObl3[L@2F.3D>R@3B.2U>L@3F.2U]#00,CtrObl3[L@2F.3D>R@3B.2U>L@3F.2U],CtrObl3[L@2F.3D>R@3B.2U>L@3F.2U],3,0,8,R 3F2 R' 2B2 R 3F2 R' 2B2
rubiks-7,CtrObl3[L@3F.2U>R@2B.3D>R@3B.2U],,CtrObl3[L@3F.2U>R@2B.3D>R@3B.2U]#00,3900,0,3900,0,CtrObl3[L@3F.2U>R@2B.3D>R@3B.2U]#00,CtrObl3[L@3F.2U>R@2B.3D>R@3B.2U],CtrObl3[L@3F.2U>R@2B.3D>R@3B.2U],3,0,8,2B2 L 3F2 L' 2B2 L 3F2 L'
rubiks-7,CtrObl3[L@3F.2U>R@2F.3U>R@3B.2U],,CtrObl3[L@3F.2U>R@2F.3U>R@3B.2U]#00,3900,0,3900,0,CtrObl3[L@3F.2U>R@2F.3U>R@3B.2U]#00,CtrObl3[L@3F.2U>R@2F.3U>R@3B.2U],CtrObl3[L@3F.2U>R@2F.3U>R@3B.2U],3,0,8,2B2 L' 3B2 L 2B2 L' 3B2 L
rubiks-7,CtrObl4s[L@2B.3U<>R@2F.3U;L@3F.2U<>R@3B.2U],,CtrObl4s[L@2B.3U<>R@2F.3U;L@3F.2U<>R@3B.2U]#00,7800,0,7800,0,CtrObl4s[L@2B.3U<>R@2F.3U;L@3F.2U<>R@3B.2U]#00,CtrObl4s[L@2B.3U<>R@2F.3U;L@3F.2U<>R@3B.2U],CtrObl4s[L@2B.3U<>R@2F.3U;L@3F.2U<>R@3B.2U],4,0,11,L 2U2 2B2 L 3D2 L' 2B2 2U2 L 3D2 L2
rubiks-7,CtrObl4s[L@2F.3D<>R@2B.3D;L@3F.2U<>R@3B.2U],,CtrObl4s[L@2F.3D<>R@2B.3D;L@3F.2U<>R@3B.2U]#00,7600,0,7600,0,CtrObl4s[L@2F.3D<>R@2B.3D;L@3F.2U<>R@3B.2U]#00,CtrObl4s[L@2F.3D<>R@2B.3D;L@3F.2U<>R@3B.2U],CtrObl4s[L@2F.3D<>R@2B.3D;L@3F.2U<>R@3B.2U],4,0,10,R' 2B2 2U2 R 3F2 R' 2U2 2B2 R 3F2
rubiks-7,CtrObl4s[L@2F.3D<>R@3B.2U;L@3F.2U<>R@2F.3U],,CtrObl4s[L@2F.3D<>R@3B.2U;L@3F.2U<>R@2F.3U]#00,7700,0,7700,0,CtrObl4s[L@2F.3D<>R@3B.2U;L@3F.2U<>R@2F.3U]#00,CtrObl4s[L@2F.3D<>R@3B.2U;L@3F.2U<>R@2F.3U],CtrObl4s[L@2F.3D<>R@3B.2U;L@3F.2U<>R@2F.3U],4,0,10,2B2 2U2 R 3F2 R' 2U2 2B2 R 3F2 R'
rubiks-7,CtrObl6p[3x2]+CtrPlus3+CtrX5+W2-5~v01,,CtrObl6p[3x2]+CtrPlus3+CtrX5+W2-5~v01#00,12600,0,12600,0,CtrObl6p[3x2]+CtrPlus3+CtrX5+W2-5~v01#00,CtrObl6p[3x2]+CtrPlus3+CtrX5+W2-5,CtrObl6p[3x2]+CtrPlus3+CtrX5+W2-5~v01,19,2,4,F 2U F' 2U'
rubiks-7,CtrObl6p[3x2]+CtrPlus3+CtrX5+W2-5~v02,,CtrObl6p[3x2]+CtrPlus3+CtrX5+W2-5~v02#00,12700,0,12700,0,CtrObl6p[3x2]+CtrPlus3+CtrX5+W2-5~v02#00,CtrObl6p[3x2]+CtrPlus3+CtrX5+W2-5,CtrObl6p[3x2]+CtrPlus3+CtrX5+W2-5~v02,19,2,4,F' 2U F 2U'
rubiks-7,CtrObl6p[3x2]+CtrPlus3+CtrX5+W2-5~v03,,CtrObl6p[3x2]+CtrPlus3+CtrX5+W2-5~v03#00,12500,0,12500,0,CtrObl6p[3x2]+CtrPlus3+CtrX5+W2-5~v03#00,CtrObl6p[3x2]+CtrPlus3+CtrX5+W2-5,CtrObl6p[3x2]+CtrPlus3+CtrX5+W2-5~v03,19,2,4,2U F' 2U' F
rubiks-7,CtrObl6p[3x2]+CtrPlus3+CtrX5+W2-5~v04,,CtrObl6p[3x2]+CtrPlus3+CtrX5+W2-5~v04#00,12700,0,12700,0,CtrObl6p[3x2]+CtrPlus3+CtrX5+W2-5~v04#00,CtrObl6p[3x2]+CtrPlus3+CtrX5+W2-5,CtrObl6p[3x2]+CtrPlus3+CtrX5+W2-5~v04,19,2,4,2U F 2U' F'
rubiks-7,CtrObl6p[3x2]+CtrPlus3+CtrX5+W2-5~v05,,CtrObl6p[3x2]+CtrPlus3+CtrX5+W2-5~v05#00,12540,0,12540,0,CtrObl6p[3x2]+CtrPlus3+CtrX5+W2-5~v05#00,CtrObl6p[3x2]+CtrPlus3+CtrX5+W2-5,CtrObl6p[3x2]+CtrPlus3+CtrX5+W2-5~v05,19,2,5,F2 2U F' 2U' F'
rubiks-7,CtrObl6p[3x2]+CtrPlus3+CtrX5+W2-5~v06,,CtrObl6p[3x2]+CtrPlus3+CtrX5+W2-5~v06#00,12540,0,12540,0,CtrObl6p[3x2]+CtrPlus3+CtrX5+W2-5~v06#00,CtrObl6p[3x2]+CtrPlus3+CtrX5+W2-5,CtrObl6p[3x2]+CtrPlus3+CtrX5+W2-5~v06,19,2,5,F2 2U F 2U' F
rubiks-7,CtrObl6p[3x2]+CtrPlus3+CtrX5+W2-5~v07,,CtrObl6p[3x2]+CtrPlus3+CtrX5+W2-5~v07#00,12440,0,12440,0,CtrObl6p[3x2]+CtrPlus3+CtrX5+W2-5~v07#00,CtrObl6p[3x2]+CtrPlus3+CtrX5+W2-5,CtrObl6p[3x2]+CtrPlus3+CtrX5+W2-5~v07,19,4,5,R 2U' R 2U R2
rubiks-7,CtrObl6p[3x2]+CtrPlus3+CtrX5+W2-5~v08,,CtrObl6p[3x2]+CtrPlus3+CtrX5+W2-5~v08#00,12520,0,12520,0,CtrObl6p[3x2]+CtrPlus3+CtrX5+W2-5~v08#00,CtrObl6p[3x2]+CtrPlus3+CtrX5+W2-5,CtrObl6p[3x2]+CtrPlus3+CtrX5+W2-5~v08,19,2,5,F' 2D' F' 2D F2
rubiks-7,CtrObl6p[3x2]+CtrPlus3+CtrX5+W2-6p[3x2]~v01,,CtrObl6p[3x2]+CtrPlus3+CtrX5+W2-6p[3x2]~v01#00,13700,0,13700,0,CtrObl6p[3x2]+CtrPlus3+CtrX5+W2-6p[3x2]~v01#00,CtrObl6p[3x2]+CtrPlus3+CtrX5+W2-6p[3x2],CtrObl6p[3x2]+CtrPlus3+CtrX5+W2-6p[3x2]~v01,20,2,4,R 2U2 R' 2U2
rubiks-7,CtrObl6p[3x2]+CtrPlus3+CtrX5+W2-6p[3x2]~v02,,CtrObl6p[3x2]+CtrPlus3+CtrX5+W2-6p[3x2]~v02#00,13700,0,13700,0,CtrObl6p[3x2]+CtrPlus3+CtrX5+W2-6p[3x2]~v02#00,CtrObl6p[3x2]+CtrPlus3+CtrX5+W2-6p[3x2],CtrObl6p[3x2]+CtrPlus3+CtrX5+W2-6p[3x2]~v02,20,2,4,2U2 L 2U2 L'
rubiks-7,CtrObl6p[3x2]+CtrPlus3+CtrX5+W2-6p[3x2]~v03,,CtrObl6p[3x2]+CtrPlus3+CtrX5+W2-6p[3x2]~v03#00,13440,0,13440,0,CtrObl6p[3x2]+CtrPlus3+CtrX5+W2-6p[3x2]~v03#00,CtrObl6p[3x2]+CtrPlus3+CtrX5+W2-6p[3x2],CtrObl6p[3x2]+CtrPlus3+CtrX5+W2-6p[3x2]~v03,20,4,5,R2 2D2 R' 2D2 R'
rubiks-7,CtrObl6p[3x2]+CtrPlus3+CtrX5+W2-6p[3x2]~v04,,CtrObl6p[3x2]+CtrPlus3+CtrX5+W2-6p[3x2]~v04#00,13540,0,13540,0,CtrObl6p[3x2]+CtrPlus3+CtrX5+W2-6p[3x2]~v04#00,CtrObl6p[3x2]+CtrPlus3+CtrX5+W2-6p[3x2],CtrObl6p[3x2]+CtrPlus3+CtrX5+W2-6p[3x2]~v04,20,4,5,L 2U2 L 2U2 L2
rubiks-7,CtrObl6p[3x2]+CtrPlus3+CtrX6p[3x2]+W2-5~v01,,CtrObl6p[3x2]+CtrPlus3+CtrX6p[3x2]+W2-5~v01#00,16840,0,16840,0,CtrObl6p[3x2]+CtrPlus3+CtrX6p[3x2]+W2-5~v01#00,CtrObl6p[3x2]+CtrPlus3+CtrX6p[3x2]+W2-5,CtrObl6p[3x2]+CtrPlus3+CtrX6p[3x2]+W2-5~v01,20,2,4,F2 2U F2 2U'
rubiks-7,CtrObl6p[3x2]+CtrPlus3+CtrX6p[3x2]+W2-5~v02,,CtrObl6p[3x2]+CtrPlus3+CtrX6p[3x2]+W2-5~v02#00,16840,0,16840,0,CtrObl6p[3x2]+CtrPlus3+CtrX6p[3x2]+W2-5~v02#00,CtrObl6p[3x2]+CtrPlus3+CtrX6p[3x2]+W2-5,CtrObl6p[3x2]+CtrPlus3+CtrX6p[3x2]+W2-5~v02,20,2,4,F2 2U F2 2U'
rubiks-7,CtrObl6p[3x2]+CtrPlus3+CtrX6p[3x2]+W2-5~v03,,CtrObl6p[3x2]+CtrPlus3+CtrX6p[3x2]+W2-5~v03#00,16660,0,16660,0,CtrObl6p[3x2]+CtrPlus3+CtrX6p[3x2]+W2-5~v03#00,CtrObl6p[3x2]+CtrPlus3+CtrX6p[3x2]+W2-5,CtrObl6p[3x2]+CtrPlus3+CtrX6p[3x2]+W2-5~v03,20,2,4,2D' F2 2D F2
rubiks-7,CtrObl6p[3x2]+CtrPlus3+CtrX6p[3x2]+W2-5~v04,,CtrObl6p[3x2]+CtrPlus3+CtrX6p[3x2]+W2-5~v04#00,16660,0,16660,0,CtrObl6p[3x2]+CtrPlus3+CtrX6p[3x2]+W2-5~v04#00,CtrObl6p[3x2]+CtrPlus3+CtrX6p[3x2]+W2-5,CtrObl6p[3x2]+CtrPlus3+CtrX6p[3x2]+W2-5~v04,20,2,4,2D' F2 2D F2
rubiks-7,CtrObl6p[3x2]+CtrPlus3+CtrX6p[3x2]+W2-5~v05,,CtrObl6p[3x2]+CtrPlus3+CtrX6p[3x2]+W2-5~v05#00,15500,0,15500,0,CtrObl6p[3x2]+CtrPlus3+CtrX6p[3x2]+W2-5~v05#00,CtrObl6p[3x2]+CtrPlus3+CtrX6p[3x2]+W2-5,CtrObl6p[3x2]+CtrPlus3+CtrX6p[3x2]+W2-5~v05,20,2,5,F 2U F2 2U' F
rubiks-7,CtrObl6p[3x2]+CtrPlus3+CtrX6p[3x2]+W2-5~v06,,CtrObl6p[3x2]+CtrPlus3+CtrX6p[3x2]+W2-5~v06#00,15700,0,15700,0,CtrObl6p[3x2]+CtrPlus3+CtrX6p[3x2]+W2-5~v06#00,CtrObl6p[3x2]+CtrPlus3+CtrX6p[3x2]+W2-5,CtrObl6p[3x2]+CtrPlus3+CtrX6p[3x2]+W2-5~v06,20,4,5,R 2U' R2 2U R
rubiks-7,CtrObl6p[3x2]+CtrPlus3+CtrX6p[3x2]+W2-5~v07,,CtrObl6p[3x2]+CtrPlus3+CtrX6p[3x2]+W2-5~v07#00,15700,0,15700,0,CtrObl6p[3x2]+CtrPlus3+CtrX6p[3x2]+W2-5~v07#00,CtrObl6p[3x2]+CtrPlus3+CtrX6p[3x2]+W2-5,CtrObl6p[3x2]+CtrPlus3+CtrX6p[3x2]+W2-5~v07,20,4,5,R 2U' R2 2U R
rubiks-7,CtrObl6p[3x2]+CtrPlus3+CtrX6p[3x2]+W2-5~v08,,CtrObl6p[3x2]+CtrPlus3+CtrX6p[3x2]+W2-5~v08#00,15500,0,15500,0,CtrObl6p[3x2]+CtrPlus3+CtrX6p[3x2]+W2-5~v08#00,CtrObl6p[3x2]+CtrPlus3+CtrX6p[3x2]+W2-5,CtrObl6p[3x2]+CtrPlus3+CtrX6p[3x2]+W2-5~v08,20,2,5,F 2U F2 2U' F
rubiks-7,CtrObl6p[3x2]+CtrPlus3+CtrX6p[3x2]+W2-6p[3x2]~v01,,CtrObl6p[3x2]+CtrPlus3+CtrX6p[3x2]+W2-6p[3x2]~v01#00,17840,0,17840,0,CtrObl6p[3x2]+CtrPlus3+CtrX6p[3x2]+W2-6p[3x2]~v01#00,CtrObl6p[3x2]+CtrPlus3+CtrX6p[3x2]+W2-6p[3x2],CtrObl6p[3x2]+CtrPlus3+CtrX6p[3x2]+W2-6p[3x2]~v01,21,4,4,R2 2U2 R2 2U2
rubiks-7,CtrObl6p[3x2]+CtrPlus3+CtrX6p[3x2]+W2-6p[3x2]~v02,,CtrObl6p[3x2]+CtrPlus3+CtrX6p[3x2]+W2-6p[3x2]~v02#00,17940,0,17940,0,CtrObl6p[3x2]+CtrPlus3+CtrX6p[3x2]+W2-6p[3x2]~v02#00,CtrObl6p[3x2]+CtrPlus3+CtrX6p[3x2]+W2-6p[3x2],CtrObl6p[3x2]+CtrPlus3+CtrX6p[3x2]+W2-6p[3x2]~v02,21,4,4,2U2 L2 2U2 L2
rubiks-7,CtrObl6p[3x2]+CtrPlus3+CtrX6p[3x2]+W2-6p[3x2]~v03,,CtrObl6p[3x2]+CtrPlus3+CtrX6p[3x2]+W2-6p[3x2]~v03#00,17340,0,17340,0,CtrObl6p[3x2]+CtrPlus3+CtrX6p[3x2]+W2-6p[3x2]~v03#00,CtrObl6p[3x2]+CtrPlus3+CtrX6p[3x2]+W2-6p[3x2],CtrObl6p[3x2]+CtrPlus3+CtrX6p[3x2]+W2-6p[3x2]~v03,21,4,5,L' 2B2 L2 2B2 L'
rubiks-7,CtrObl6p[3x2][B@2L.3U>B@2R.3D>L@2F.3U;F@2L.3U>F@3R.2U>R@2F.3U],,CtrObl6p[3x2][B@2L.3U>B@2R.3D>L@2F.3U;F@2L.3U>F@3R.2U>R@2F.3U]#00,3700,0,3700,0,CtrObl6p[3x2][B@2L.3U>B@2R.3D>L@2F.3U;F@2L.3U>F@3R.2U>R@2F.3U]#00,CtrObl6p[3x2][B@2L.3U>B@2R.3D>L@2F.3U;F@2L.3U>F@3R.2U>R@2F.3U],CtrObl6p[3x2][B@2L.3U>B@2R.3D>L@2F.3U;F@2L.3U>F@3R.2U>R@2F.3U],6,0,8,2L' B 2U' 3B' 2U B' 3B 2L
rubiks-7,CtrObl6p[3x2][B@2L.3U>D@2L.3B>L@2F.3U;F@2L.3U>U@2L.3B>R@2F.3U],,CtrObl6p[3x2][B@2L.3U>D@2L.3B>L@2F.3U;F@2L.3U>U@2L.3B>R@2F.3U]#00,5000,0,5000,0,CtrObl6p[3x2][B@2L.3U>D@2L.3B>L@2F.3U;F@2L.3U>U@2L.3B>R@2F.3U]#00,CtrObl6p[3x2][B@2L.3U>D@2L.3B>L@2F.3U;F@2L.3U>U@2L.3B>R@2F.3U],CtrObl6p[3x2][B@2L.3U>D@2L.3B>L@2F.3U;F@2L.3U>U@2L.3B>R@2F.3U],6,0,4,2L' 3B 2L 3B'
rubiks-7,CtrObl6p[3x2][B@2L.3U>D@2L.3B>L@3B.2U;F@2L.3U>U@2L.3B>R@3B.2U],,CtrObl6p[3x2][B@2L.3U>D@2L.3B>L@3B.2U;F@2L.3U>U@2L.3B>R@3B.2U]#00,5000,0,5000,0,CtrObl6p[3x2][B@2L.3U>D@2L.3B>L@3B.2U;F@2L.3U>U@2L.3B>R@3B.2U]#00,CtrObl6p[3x2][B@2L.3U>D@2L.3B>L@3B.2U;F@2L.3U>U@2L.3B>R@3B.2U],CtrObl6p[3x2][B@2L.3U>D@2L.3B>L@3B.2U;F@2L.3U>U@2L.3B>R@3B.2U],6,0,5,2L2 3D 2L 3D' 2L
rubiks-7,CtrObl6p[3x2][B@2L.3U>D@3R.2B>L@3B.2U;F@2L.3U>U@3R.2B>R@3B.2U],,CtrObl6p[3x2][B@2L.3U>D@3R.2B>L@3B.2U;F@2L.3U>U@3R.2B>R@3B.2U]#00,5000,0,5000,0,CtrObl6p[3x2][B@2L.3U>D@3R.2B>L@3B.2U;F@2L.3U>U@3R.2B>R@3B.2U]#00,CtrObl6p[3x2][B@2L.3U>D@3R.2B>L@3B.2U;F@2L.3U>U@3R.2B>R@3B.2U],CtrObl6p[3x2][B@2L.3U>D@3R.2B>L@3B.2U;F@2L.3U>U@3R.2B>R@3B.2U],6,0,5,2B 3U 2B 3U' 2B2
rubiks-7,CtrObl6p[3x2][B@2L.3U>L@2F.3U>B@3L.2D;F@3L.2D>F@3R.2U>R@2F.3U],,CtrObl6p[3x2][B@2L.3U>L@2F.3U>B@3L.2D;F@3L.2D>F@3R.2U>R@2F.3U]#00,3700,0,3700,0,CtrObl6p[3x2][B@2L.3U>L@2F.3U>B@3L.2D;F@3L.2D>F@3R.2U>R@2F.3U]#00,CtrObl6p[3x2][B@2L.3U>L@2F.3U>B@3L.2D;F@3L.2D>F@3R.2U>R@2F.3U],CtrObl6p[3x2][B@2L.3U>L@2F.3U>B@3L.2D;F@3L.2D>F@3R.2U>R@2F.3U],6,0,8,2D' B' 2U' 3B2 2U B 3B2 2D
rubiks-7,CtrObl6p[3x2][B@2L.3U>L@2F.3U>B@3R.2U;F@2L.3U>R@2F.3U>F@3R.2U],,CtrObl6p[3x2][B@2L.3U>L@2F.3U>B@3R.2U;F@2L.3U>R@2F.3U>F@3R.2U]#00,3700,0,3700,0,CtrObl6p[3x2][B@2L.3U>L@2F.3U>B@3R.2U;F@2L.3U>R@2F.3U>F@3R.2U]#00,CtrObl6p[3x2][B@2L.3U>L@2F.3U>B@3R.2U;F@2L.3U>R@2F.3U>F@3R.2U],CtrObl6p[3x2][B@2L.3U>L@2F.3U>B@3R.2U;F@2L.3U>R@2F.3U>F@3R.2U],6,0,6,2L' 3B' 2U' 3B 2U 2L
rubiks-7,CtrObl6p[3x2][B@2L.3U>L@3B.2U>B@2R.3D;F@2L.3U>R@3B.2U>F@3R.2U],,CtrObl6p[3x2][B@2L.3U>L@3B.2U>B@2R.3D;F@2L.3U>R@3B.2U>F@3R.2U]#00,3700,0,3700,0,CtrObl6p[3x2][B@2L.3U>L@3B.2U>B@2R.3D;F@2L.3U>R@3B.2U>F@3R.2U]#00,CtrObl6p[3x2][B@2L.3U>L@3B.2U>B@2R.3D;F@2L.3U>R@3B.2U>F@3R.2U],CtrObl6p[3x2][B@2L.3U>L@3B.2U>B@2R.3D;F@2L.3U>R@3B.2U>F@3R.2U],6,0,8,3U 2B2 F 3D 2B2 3D' F' 3U'
rubiks-7,CtrObl6p[3x2][B@2L.3U>L@3B.2U>B@3R.2U;F@2L.3U>R@3B.2U>F@2R.3D],,CtrObl6p[3x2][B@2L.3U>L@3B.2U>B@3R.2U;F@2L.3U>R@3B.2U>F@2R.3D]#00,3700,0,3700,0,CtrObl6p[3x2][B@2L.3U>L@3B.2U>B@3R.2U;F@2L.3U>R@3B.2U>F@2R.3D]#00,CtrObl6p[3x2][B@2L.3U>L@3B.2U>B@3R.2U;F@2L.3U>R@3B.2U>F@2R.3D],CtrObl6p[3x2][B@2L.3U>L@3B.2U>B@3R.2U;F@2L.3U>R@3B.2U>F@2R.3D],6,0,8,3U 2B2 B' 3D 2B2 3D' B 3U'
rubiks-7,CtrObl6p[3x2][B@2L.3U>L@3B.2U>D@2L.3B;F@2L.3U>R@3B.2U>U@2L.3B],,CtrObl6p[3x2][B@2L.3U>L@3B.2U>D@2L.3B;F@2L.3U>R@3B.2U>U@2L.3B]#00,5000,0,5000,0,CtrObl6p[3x2][B@2L.3U>L@3B.2U>D@2L.3B;F@2L.3U>R@3B.2U>U@2L.3B]#00,CtrObl6p[3x2][B@2L.3U>L@3B.2U>D@2L.3B;F@2L.3U>R@3B.2U>U@2L.3B],CtrObl6p[3x2][B@2L.3U>L@3B.2U>D@2L.3B;F@2L.3U>R@3B.2U>U@2L.3B],6,0,5,2L' 3D 2L' 3D' 2L2
rubiks-7,CtrObl6p[3x2][B@2L.3U>L@3B.2U>D@3R.2B;F@2L.3U>R@3B.2U>U@3R.2B],,CtrObl6p[3x2][B@2L.3U>L@3B.2U>D@3R.2B;F@2L.3U>R@3B.2U>U@3R.2B]#00,5000,0,5000,0,CtrObl6p[3x2][B@2L.3U>L@3B.2U>D@3R.2B;F@2L.3U>R@3B.2U>U@3R.2B]#00,CtrObl6p[3x2][B@2L.3U>L@3B.2U>D@3R.2B;F@2L.3U>R@3B.2U>U@3R.2B],CtrObl6p[3x2][B@2L.3U>L@3B.2U>D@3R.2B;F@2L.3U>R@3B.2U>U@3R.2B],6,0,5,2B2 3U 2B' 3U' 2B'
rubiks-7,CtrObl6p[3x2][B@2L.3U>L@3B.2U>R@3F.2U;F@2L.3U>R@3B.2U>L@3F.2U],,CtrObl6p[3x2][B@2L.3U>L@3B.2U>R@3F.2U;F@2L.3U>R@3B.2U>L@3F.2U]#00,5600,0,5600,0,CtrObl6p[3x2][B@2L.3U>L@3B.2U>R@3F.2U;F@2L.3U>R@3B.2U>L@3F.2U]#00,CtrObl6p[3x2][B@2L.3U>L@3B.2U>R@3F.2U;F@2L.3U>R@3B.2U>L@3F.2U],CtrObl6p[3x2][B@2L.3U>L@3B.2U>R@3F.2U;F@2L.3U>R@3B.2U>L@3F.2U],6,0,4,2B2 3U 2B2 3U'
rubiks-7,CtrObl6p[3x2][B@2L.3U>L@3F.2D>L@3B.2U;F@2L.3U>R@3F.2D>R@3B.2U],,CtrObl6p[3x2][B@2L.3U>L@3F.2D>L@3B.2U;F@2L.3U>R@3F.2D>R@3B.2U]#00,3700,0,3700,0,CtrObl6p[3x2][B@2L.3U>L@3F.2D>L@3B.2U;F@2L.3U>R@3F.2D>R@3B.2U]#00,CtrObl6p[3x2][B@2L.3U>L@3F.2D>L@3B.2U;F@2L.3U>R@3F.2D>R@3B.2U],CtrObl6p[3x2][B@2L.3U>L@3F.2D>L@3B.2U;F@2L.3U>R@3F.2D>R@3B.2U],6,0,5,3U 2B2 3U 2B2 3U2
rubiks-7,CtrObl6p[3x2][B@2L.3U>R@3F.2U>L@3F.2D;F@2L.3U>L@3F.2U>R@3F.2D]~v01,,CtrObl6p[3x2][B@2L.3U>R@3F.2U>L@3F.2D;F@2L.3U>L@3F.2U>R@3F.2D]~v01#00,5500,0,5500,0,CtrObl6p[3x2][B@2L.3U>R@3F.2U>L@3F.2D;F@2L.3U>L@3F.2U>R@3F.2D]~v01#00,CtrObl6p[3x2][B@2L.3U>R@3F.2U>L@3F.2D;F@2L.3U>L@3F.2U>R@3F.2D],CtrObl6p[3x2][B@2L.3U>R@3F.2U>L@3F.2D;F@2L.3U>L@3F.2U>R@3F.2D]~v01,6,0,7,2F2 3U' 2F2 3U' 2F2 3U2 2F2
rubiks-7,CtrObl6p[3x2][B@2L.3U>R@3F.2U>L@3F.2D;F@2L.3U>L@3F.2U>R@3F.2D]~v02,,CtrObl6p[3x2][B@2L.3U>R@3F.2U>L@3F.2D;F@2L.3U>L@3F.2U>R@3F.2D]~v02#00,5500,0,5500,0,CtrObl6p[3x2][B@2L.3U>R@3F.2U>L@3F.2D;F@2L.3U>L@3F.2U>R@3F.2D]~v02#00,CtrObl6p[3x2][B@2L.3U>R@3F.2U>L@3F.2D;F@2L.3U>L@3F.2U>R@3F.2D],CtrObl6p[3x2][B@2L.3U>R@3F.2U>L@3F.2D;F@2L.3U>L@3F.2U>R@3F.2D]~v02,6,0,7,2B2 3U2 2B2 3U' 2B2 3U' 2B2
rubiks-7,CtrObl6p[3x2][B@2R.3D>L@2F.3U>B@3L.2D;F@3L.2D>F@3R.2U>R@2F.3U],,CtrObl6p[3x2][B@2R.3D>L@2F.3U>B@3L.2D;F@3L.2D>F@3R.2U>R@2F.3U]#00,3700,0,3700,0,CtrObl6p[3x2][B@2R.3D>L@2F.3U>B@3L.2D;F@3L.2D>F@3R.2U>R@2F.3U]#00,CtrObl6p[3x2][B@2R.3D>L@2F.3U>B@3L.2D;F@3L.2D>F@3R.2U>R@2F.3U],CtrObl6p[3x2][B@2R.3D>L@2F.3U>B@3L.2D;F@3L.2D>F@3R.2U>R@2F.3U],6,0,8,2D' B 2U' 3B2 2U B' 3B2 2D
rubiks-7,CtrObl6p[3x2][B@3L.2D>B@3R.2U>L@2B.3D;F@3L.2D>F@3R.2U>R@2F.3U],,CtrObl6p[3x2][B@3L.2D>B@3R.2U>L@2B.3D;F@3L.2D>F@3R.2U>R@2F.3U]#00,3700,0,3700,0,CtrObl6p[3x2][B@3L.2D>B@3R.2U>L@2B.3D;F@3L.2D>F@3R.2U>R@2F.3U]#00,CtrObl6p[3x2][B@3L.2D>B@3R.2U>L@2B.3D;F@3L.2D>F@3R.2U>R@2F.3U],CtrObl6p[3x2][B@3L.2D>B@3R.2U>L@2B.3D;F@3L.2D>F@3R.2U>R@2F.3U],6,0,7,R2 2D 3R2 2D 3R2 2D2 R2
rubiks-7,CtrObl6p[3x2][B@3L.2D>B@3R.2U>L@2F.3U;F@2L.3U>R@2F.3U>F@3L.2D],,CtrObl6p[3x2][B@3L.2D>B@3R.2U>L@2F.3U;F@2L.3U>R@2F.3U>F@3L.2D]#00,3700,0,3700,0,CtrObl6p[3x2][B@3L.2D>B@3R.2U>L@2F.3U;F@2L.3U>R@2F.3U>F@3L.2D]#00,CtrObl6p[3x2][B@3L.2D>B@3R.2U>L@2F.3U;F@2L.3U>R@2F.3U>F@3L.2D],CtrObl6p[3x2][B@3L.2D>B@3R.2U>L@2F.3U;F@2L.3U>R@2F.3U>F@3L.2D],6,0,8,2D' F 2U' 3B2 2U F' 3B2 2D
rubiks-7,CtrObl6p[3x2][B@3L.2D>L@2B.3D>L@2F.3U;F@3R.2U>R@2B.3D>R@2F.3U],,CtrObl6p[3x2][B@3L.2D>L@2B.3D>L@2F.3U;F@3R.2U>R@2B.3D>R@2F.3U]#00,3700,0,3700,0,CtrObl6p[3x2][B@3L.2D>L@2B.3D>L@2F.3U;F@3R.2U>R@2B.3D>R@2F.3U]#00,CtrObl6p[3x2][B@3L.2D>L@2B.3D>L@2F.3U;F@3R.2U>R@2B.3D>R@2F.3U],CtrObl6p[3x2][B@3L.2D>L@2B.3D>L@2F.3U;F@3R.2U>R@2B.3D>R@2F.3U],6,0,7,F2 2D' 3B2 2D' 3B2 2D2 F2
rubiks-7,CtrObl6p[3x2][B@3R.2U>L@2B.3D>L@2F.3U;F@3R.2U>R@2B.3D>R@2F.3U],,CtrObl6p[3x2][B@3R.2U>L@2B.3D>L@2F.3U;F@3R.2U>R@2B.3D>R@2F.3U]#00,3700,0,3700,0,CtrObl6p[3x2][B@3R.2U>L@2B.3D>L@2F.3U;F@3R.2U>R@2B.3D>R@2F.3U]#00,CtrObl6p[3x2][B@3R.2U>L@2B.3D>L@2F.3U;F@3R.2U>R@2B.3D>R@2F.3U],CtrObl6p[3x2][B@3R.2U>L@2B.3D>L@2F.3U;F@3R.2U>R@2B.3D>R@2F.3U],6,0,5,2U2 3F2 2U' 3F2 2U'
rubiks-7,CtrObl6p[3x2][B@3R.2U>L@2B.3D>L@3B.2U;F@3R.2U>R@2B.3D>R@2F.3U],,CtrObl6p[3x2][B@3R.2U>L@2B.3D>L@3B.2U;F@3R.2U>R@2B.3D>R@2F.3U]#00,3700,0,3700,0,CtrObl6p[3x2][B@3R.2U>L@2B.3D>L@3B.2U;F@3R.2U>R@2B.3D>R@2F.3U]#00,CtrObl6p[3x2][B@3R.2U>L@2B.3D>L@3B.2U;F@3R.2U>R@2B.3D>R@2F.3U],CtrObl6p[3x2][B@3R.2U>L@2B.3D>L@3B.2U;F@3R.2U>R@2B.3D>R@2F.3U],6,0,8,2D L 2U 3R2 2U' L' 3R2 2D'
rubiks-7,CtrObl6p[3x2][B@3R.2U>L@2F.3U>D@2L.3B;F@3R.2U>R@2F.3U>U@2L.3B],,CtrObl6p[3x2][B@3R.2U>L@2F.3U>D@2L.3B;F@3R.2U>R@2F.3U>U@2L.3B]#00,5000,0,5000,0,CtrObl6p[3x2][B@3R.2U>L@2F.3U>D@2L.3B;F@3R.2U>R@2F.3U>U@2L.3B]#00,CtrObl6p[3x2][B@3R.2U>L@2F.3U>D@2L.3B;F@3R.2U>R@2F.3U>U@2L.3B],CtrObl6p[3x2][B@3R.2U>L@2F.3U>D@2L.3B;F@3R.2U>R@2F.3U>U@2L.3B],6,0,4,2U' 3B' 2U 3B
rubiks-7,CtrObl6p[3x2][B@3R.2U>L@2F.3U>L@3B.2U;F@3R.2U>R@2F.3U>R@3B.2U],,CtrObl6p[3x2][B@3R.2U>L@2F.3U>L@3B.2U;F@3R.2U>R@2F.3U>R@3B.2U]#00,3700,0,3700,0,CtrObl6p[3x2][B@3R.2U>L@2F.3U>L@3B.2U;F@3R.2U>R@2F.3U>R@3B.2U]#00,CtrObl6p[3x2][B@3R.2U>L@2F.3U>L@3B.2U;F@3R.2U>R@2F.3U>R@3B.2U],CtrObl6p[3x2][B@3R.2U>L@2F.3U>L@3B.2U;F@3R.2U>R@2F.3U>R@3B.2U],6,0,6,2B 3R' 2U 3R 2U' 2B'
rubiks-7,CtrObl6p[3x2][B@3R.2U>L@2F.3U>R@2B.3U;F@3R.2U>R@2F.3U>L@2B.3U],,CtrObl6p[3x2][B@3R.2U>L@2F.3U>R@2B.3U;F@3R.2U>R@2F.3U>L@2B.3U]#00,5600,0,5600,0,CtrObl6p[3x2][B@3R.2U>L@2F.3U>R@2B.3U;F@3R.2U>R@2F.3U>L@2B.3U]#00,CtrObl6p[3x2][B@3R.2U>L@2F.3U>R@2B.3U;F@3R.2U>R@2F.3U>L@2B.3U],CtrObl6p[3x2][B@3R.2U>L@2F.3U>R@2B.3U;F@3R.2U>R@2F.3U>L@2B.3U],6,0,4,2U' 3B2 2U 3B2
rubiks-7,CtrObl6p[3x2][B@3R.2U>L@3B.2U>R@3F.2U;F@3R.2U>R@3B.2U>L@3F.2U],,CtrObl6p[3x2][B@3R.2U>L@3B.2U>R@3F.2U;F@3R.2U>R@3B.2U>L@3F.2U]#00,5600,0,5600,0,CtrObl6p[3x2][B@3R.2U>L@3B.2U>R@3F.2U;F@3R.2U>R@3B.2U>L@3F.2U]#00,CtrObl6p[3x2][B@3R.2U>L@3B.2U>R@3F.2U;F@3R.2U>R@3B.2U>L@3F.2U],CtrObl6p[3x2][B@3R.2U>L@3B.2U>R@3F.2U;F@3R.2U>R@3B.2U>L@3F.2U],6,0,5,2B 3R 2B2 3R' 2B
rubiks-7,CtrObl6p[3x2][B@3R.2U>L@3F.2D>L@3B.2U;F@3R.2U>R@3F.2D>R@2F.3U],,CtrObl6p[3x2][B@3R.2U>L@3F.2D>L@3B.2U;F@3R.2U>R@3F.2D>R@2F.3U]#00,3700,0,3700,0,CtrObl6p[3x2][B@3R.2U>L@3F.2D>L@3B.2U;F@3R.2U>R@3F.2D>R@2F.3U]#00,CtrObl6p[3x2][B@3R.2U>L@3F.2D>L@3B.2U;F@3R.2U>R@3F.2D>R@2F.3U],CtrObl6p[3x2][B@3R.2U>L@3F.2D>L@3B.2U;F@3R.2U>R@3F.2D>R@2F.3U],6,0,8,2F L 2U 3R 2U' L' 3R' 2F'
rubiks-7,CtrObl6p[3x2][B@3R.2U>R@2B.3U>L@2B.3D;F@3R.2U>L@2B.3U>R@2B.3D],,CtrObl6p[3x2][B@3R.2U>R@2B.3U>L@2B.3D;F@3R.2U>L@2B.3U>R@2B.3D]#00,5500,0,5500,0,CtrObl6p[3x2][B@3R.2U>R@2B.3U>L@2B.3D;F@3R.2U>L@2B.3U>R@2B.3D]#00,CtrObl6p[3x2][B@3R.2U>R@2B.3U>L@2B.3D;F@3R.2U>L@2B.3U>R@2B.3D],CtrObl6p[3x2][B@3R.2U>R@2B.3U>L@2B.3D;F@3R.2U>L@2B.3U>R@2B.3D],6,0,5,2D' 3R2 2D2 3R2 2D'
rubiks-7,CtrObl6p[3x2][B@3R.2U>R@3F.2U>L@3B.2U;F@3R.2U>L@3F.2U>R@3B.2U],,CtrObl6p[3x2][B@3R.2U>R@3F.2U>L@3B.2U;F@3R.2U>L@3F.2U>R@3B.2U]#00,5600,0,5600,0,CtrObl6p[3x2][B@3R.2U>R@3F.2U>L@3B.2U;F@3R.2U>L@3F.2U>R@3B.2U]#00,CtrObl6p[3x2][B@3R.2U>R@3F.2U>L@3B.2U;F@3R.2U>L@3F.2U>R@3B.2U],CtrObl6p[3x2][B@3R.2U>R@3F.2U>L@3B.2U;F@3R.2U>L@3F.2U>R@3B.2U],6,0,5,2B' 3R 2B2 3R' 2B'
rubiks-7,CtrObl6p[3x2][L@2B.3D>L@2F.3U>L@3F.2D;L@2B.3U>R@3B.2U>L@3F.2U],,CtrObl6p[3x2][L@2B.3D>L@2F.3U>L@3F.2D;L@2B.3U>R@3B.2U>L@3F.2U]#00,3900,0,3900,0,CtrObl6p[3x2][L@2B.3D>L@2F.3U>L@3F.2D;L@2B.3U>R@3B.2U>L@3F.2U]#00,CtrObl6p[3x2][L@2B.3D>L@2F.3U>L@3F.2D;L@2B.3U>R@3B.2U>L@3F.2U],CtrObl6p[3x2][L@2B.3D>L@2F.3U>L@3F.2D;L@2B.3U>R@3B.2U>L@3F.2U],6,0,8,3U2 L 3U2 2B2 3U2 2B2 L' 3U2
rubiks-7,CtrObl6p[3x2][L@2B.3D>L@3B.2U>R@2B.3U;L@2B.3U>R@2B.3D>R@3B.2U],,CtrObl6p[3x2][L@2B.3D>L@3B.2U>R@2B.3U;L@2B.3U>R@2B.3D>R@3B.2U]#00,3900,0,3900,0,CtrObl6p[3x2][L@2B.3D>L@3B.2U>R@2B.3U;L@2B.3U>R@2B.3D>R@3B.2U]#00,CtrObl6p[3x2][L@2B.3D>L@3B.2U>R@2B.3U;L@2B.3U>R@2B.3D>R@3B.2U],CtrObl6p[3x2][L@2B.3D>L@3B.2U>R@2B.3U;L@2B.3U>R@2B.3D>R@3B.2U],6,0,7,2B 2D' 3R 2D2 3R' 2D' 2B'
rubiks-7,CtrObl6p[3x2][L@2B.3D>L@3B.2U>R@2F.3D;L@2B.3U>R@2F.3U>R@3F.2D],,CtrObl6p[3x2][L@2B.3D>L@3B.2U>R@2F.3D;L@2B.3U>R@2F.3U>R@3F.2D]#00,3800,0,3800,0,CtrObl6p[3x2][L@2B.3D>L@3B.2U>R@2F.3D;L@2B.3U>R@2F.3U>R@3F.2D]#00,CtrObl6p[3x2][L@2B.3D>L@3B.2U>R@2F.3D;L@2B.3U>R@2F.3U>R@3F.2D],CtrObl6p[3x2][L@2B.3D>L@3B.2U>R@2F.3D;L@2B.3U>R@2F.3U>R@3F.2D],6,0,9,R2 2B 2D' 3R 2D2 3R' 2D' 2B' R2
rubiks-7,CtrObl6p[3x2][L@2B.3D>L@3B.2U>R@3F.2U;L@2B.3U>R@3B.2U>R@2F.3U],,CtrObl6p[3x2][L@2B.3D>L@3B.2U>R@3F.2U;L@2B.3U>R@3B.2U>R@2F.3U]#00,3900,0,3900,0,CtrObl6p[3x2][L@2B.3D>L@3B.2U>R@3F.2U;L@2B.3U>R@3B.2U>R@2F.3U]#00,CtrObl6p[3x2][L@2B.3D>L@3B.2U>R@3F.2U;L@2B.3U>R@3B.2U>R@2F.3U],CtrObl6p[3x2][L@2B.3D>L@3B.2U>R@3F.2U;L@2B.3U>R@3B.2U>R@2F.3U],6,0,9,R 2B 2D' 3R 2D2 3R' 2D' 2B' R'
rubiks-7,CtrObl6p[3x2][L@2B.3D>L@3F.2D>L@2F.3U;L@2B.3U>L@3F.2U>R@3B.2U],,CtrObl6p[3x2][L@2B.3D>L@3F.2D>L@2F.3U;L@2B.3U>L@3F.2U>R@3B.2U]#00,3900,0,3900,0,CtrObl6p[3x2][L@2B.3D>L@3F.2D>L@2F.3U;L@2B.3U>L@3F.2U>R@3B.2U]#00,CtrObl6p[3x2][L@2B.3D>L@3F.2D>L@2F.3U;L@2B.3U>L@3F.2U>R@3B.2U],CtrObl6p[3x2][L@2B.3D>L@3F.2D>L@2F.3U;L@2B.3U>L@3F.2U>R@3B.2U],6,0,8,3U2 L 2B2 3U2 2B2 3U2 L' 3U2
rubiks-7,CtrObl6p[3x2][L@2B.3D>L@3F.2D>L@2F.3U;L@2F.3D>R@3B.2U>L@3F.2U],,CtrObl6p[3x2][L@2B.3D>L@3F.2D>L@2F.3U;L@2F.3D>R@3B.2U>L@3F.2U]#00,3800,0,3800,0,CtrObl6p[3x2][L@2B.3D>L@3F.2D>L@2F.3U;L@2F.3D>R@3B.2U>L@3F.2U]#00,CtrObl6p[3x2][L@2B.3D>L@3F.2D>L@2F.3U;L@2F.3D>R@3B.2U>L@3F.2U],CtrObl6p[3x2][L@2B.3D>L@3F.2D>L@2F.3U;L@2F.3D>R@3B.2U>L@3F.2U],6,0,8,3U2 L' 3U2 2B2 3U2 2B2 L 3U2
rubiks-7,CtrObl6p[3x2][L@2B.3D>R@2B.3U>R@2F.3D;L@2B.3U>R@2F.3U>L@2F.3D],,CtrObl6p[3x2][L@2B.3D>R@2B.3U>R@2F.3D;L@2B.3U>R@2F.3U>L@2F.3D]#00,3900,0,3900,0,CtrObl6p[3x2][L@2B.3D>R@2B.3U>R@2F.3D;L@2B.3U>R@2F.3U>L@2F.3D]#00,CtrObl6p[3x2][L@2B.3D>R@2B.3U>R@2F.3D;L@2B.3U>R@2F.3U>L@2F.3D],CtrObl6p[3x2][L@2B.3D>R@2B.3U>R@2F.3D;L@2B.3U>R@2F.3U>L@2F.3D],6,0,6,L2 2U2 3B2 2U2 3B2 L2
rubiks-7,CtrObl6p[3x2][L@2B.3D>R@2B.3U>R@3F.2U;L@2B.3U>L@3F.2U>R@2B.3D],,CtrObl6p[3x2][L@2B.3D>R@2B.3U>R@3F.2U;L@2B.3U>L@3F.2U>R@2B.3D]#00,3800,0,3800,0,CtrObl6p[3x2][L@2B.3D>R@2B.3U>R@3F.2U;L@2B.3U>L@3F.2U>R@2B.3D]#00,CtrObl6p[3x2][L@2B.3D>R@2B.3U>R@3F.2U;L@2B.3U>L@3F.2U>R@2B.3D],CtrObl6p[3x2][L@2B.3D>R@2B.3U>R@3F.2U;L@2B.3U>L@3F.2U>R@2B.3D],6,0,7,2B 2D' 3L' 2D2 3L 2D' 2B'
rubiks-7,CtrObl6p[3x2][L@2B.3D>R@2F.3D>R@3B.2D;L@2B.3U>L@3F.2U>R@2F.3U],,CtrObl6p[3x2][L@2B.3D>R@2F.3D>R@3B.2D;L@2B.3U>L@3F.2U>R@2F.3U]#00,3900,0,3900,0,CtrObl6p[3x2][L@2B.3D>R@2F.3D>R@3B.2D;L@2B.3U>L@3F.2U>R@2F.3U]#00,CtrObl6p[3x2][L@2B.3D>R@2F.3D>R@3B.2D;L@2B.3U>L@3F.2U>R@2F.3U],CtrObl6p[3x2][L@2B.3D>R@2F.3D>R@3B.2D;L@2B.3U>L@3F.2U>R@2F.3U],6,0,9,R2 2B 2D' 3L' 2D2 3L 2D' 2B' R2
rubiks-7,CtrObl6p[3x2][L@2B.3D>R@3F.2U>L@2F.3U;L@2B.3U>R@3F.2D>R@3B.2U],,CtrObl6p[3x2][L@2B.3D>R@3F.2U>L@2F.3U;L@2B.3U>R@3F.2D>R@3B.2U]#00,3900,0,3900,0,CtrObl6p[3x2][L@2B.3D>R@3F.2U>L@2F.3U;L@2B.3U>R@3F.2D>R@3B.2U]#00,CtrObl6p[3x2][L@2B.3D>R@3F.2U>L@2F.3U;L@2B.3U>R@3F.2D>R@3B.2U],CtrObl6p[3x2][L@2B.3D>R@3F.2U>L@2F.3U;L@2B.3U>R@3F.2D>R@3B.2U],6,0,6,L 2B2 3U2 2B2 3U2 L'
rubiks-7,CtrObl6p[3x2][L@2B.3D>R@3F.2U>R@2F.3D;L@2B.3U>L@3F.2U>R@3B.2U],,CtrObl6p[3x2][L@2B.3D>R@3F.2U>R@2F.3D;L@2B.3U>L@3F.2U>R@3B.2U]#00,3900,0,3900,0,CtrObl6p[3x2][L@2B.3D>R@3F.2U>R@2F.3D;L@2B.3U>L@3F.2U>R@3B.2U]#00,CtrObl6p[3x2][L@2B.3D>R@3F.2U>R@2F.3D;L@2B.3U>L@3F.2U>R@3B.2U],CtrObl6p[3x2][L@2B.3D>R@3F.2U>R@2F.3D;L@2B.3U>L@3F.2U>R@3B.2U],6,0,9,R 2B 2D' 3L' 2D2 3L 2D' 2B' R'
rubiks-7,CtrObl6p[3x2][L@3B.2D>L@3F.2U>R@3B.2U;L@3B.2U>R@3B.2D>R@3F.2U],,CtrObl6p[3x2][L@3B.2D>L@3F.2U>R@3B.2U;L@3B.2U>R@3B.2D>R@3F.2U]#00,3900,0,3900,0,CtrObl6p[3x2][L@3B.2D>L@3F.2U>R@3B.2U;L@3B.2U>R@3B.2D>R@3F.2U]#00,CtrObl6p[3x2][L@3B.2D>L@3F.2U>R@3B.2U;L@3B.2U>R@3B.2D>R@3F.2U],CtrObl6p[3x2][L@3B.2D>L@3F.2U>R@3B.2U;L@3B.2U>R@3B.2D>R@3F.2U],6,0,4,2B2 3D2 2B2 3D2
rubiks-7,CtrObl6p[3x2][L@3B.2D>R@3B.2U>R@2F.3U;L@3B.2U>R@2B.3U>R@2F.3D],,CtrObl6p[3x2][L@3B.2D>R@3B.2U>R@2F.3U;L@3B.2U>R@2B.3U>R@2F.3D]#00,3800,0,3800,0,CtrObl6p[3x2][L@3B.2D>R@3B.2U>R@2F.3U;L@3B.2U>R@2B.3U>R@2F.3D]#00,CtrObl6p[3x2][L@3B.2D>R@3B.2U>R@2F.3U;L@3B.2U>R@2B.3U>R@2F.3D],CtrObl6p[3x2][L@3B.2D>R@3B.2U>R@2F.3U;L@3B.2U>R@2B.3U>R@2F.3D],6,0,10,2B2 R 2B2 3D2 2B2 R' 2B2 R 3D2 R'
rubiks-7,CtrObl6p[3x2][L@3F.2D>R@2F.3D>R@3F.2U;L@3F.2U>R@3F.2D>R@3B.2U],,CtrObl6p[3x2][L@3F.2D>R@2F.3D>R@3F.2U;L@3F.2U>R@3F.2D>R@3B.2U]#00,3900,0,3900,0,CtrObl6p[3x2][L@3F.2D>R@2F.3D>R@3F.2U;L@3F.2U>R@3F.2D>R@3B.2U]#00,CtrObl6p[3x2][L@3F.2D>R@2F.3D>R@3F.2U;L@3F.2U>R@3F.2D>R@3B.2U],CtrObl6p[3x2][L@3F.2D>R@2F.3D>R@3F.2U;L@3F.2U>R@3F.2D>R@3B.2U],6,0,10,R 2B2 R' 2B2 3U2 2B2 R 2B2 R' 3U2
rubiks-7,CtrObl6p[3x2][L@3F.2U>R@2B.3D>R@3B.2U;R@2B.3U>R@3B.2D>R@2F.3D],,CtrObl6p[3x2][L@3F.2U>R@2B.3D>R@3B.2U;R@2B.3U>R@3B.2D>R@2F.3D]#00,3900,0,3900,0,CtrObl6p[3x2][L@3F.2U>R@2B.3D>R@3B.2U;R@2B.3U>R@3B.2D>R@2F.3D]#00,CtrObl6p[3x2][L@3F.2U>R@2B.3D>R@3B.2U;R@2B.3U>R@3B.2D>R@2F.3D],CtrObl6p[3x2][L@3F.2U>R@2B.3D>R@3B.2U;R@2B.3U>R@3B.2D>R@2F.3D],6,0,8,3D2 R' 2B2 3D2 2B2 3D2 R 3D2
rubiks-7,CtrObl8p[3+5]~v01,,CtrObl8p[3+5]~v01#00,7700,0,7700,0,CtrObl8p[3+5]~v01#00,CtrObl8p[3+5],CtrObl8p[3+5]~v01,8,0,12,R' 2U2 R 3B2 2U2 3B2 2U2 3F2 R' 2U2 R 3F2
rubiks-7,CtrObl8p[3+5]~v02,,CtrObl8p[3+5]~v02#00,3900,0,3900,0,CtrObl8p[3+5]~v02#00,CtrObl8p[3+5],CtrObl8p[3+5]~v02,8,0,10,2D2 3F2 2D2 3F2 L 3D2 2B2 3D2 2B2 L'
rubiks-7,CtrObl8s~v01,,CtrObl8s~v01#00,3700,0,3700,0,CtrObl8s~v01#00,CtrObl8s,CtrObl8s~v01,8,0,8,R2 2D 3R2 2D' R2 2U2 3R2 2U2
rubiks-7,CtrObl8s~v02,,CtrObl8s~v02#00,3700,0,3700,0,CtrObl8s~v02#00,CtrObl8s,CtrObl8s~v02,8,0,8,F2 2D' 3B2 2D F2 2U2 3B2 2U2
rubiks-7,CtrObl8s~v03,,CtrObl8s~v03#00,3900,0,3900,0,CtrObl8s~v03#00,CtrObl8s,CtrObl8s~v03,8,0,9,2D2 3R2 2D L' 2U 3R2 2U' L 2D
rubiks-7,CtrObl8s~v04,,CtrObl8s~v04#00,3900,0,3900,0,CtrObl8s~v04#00,CtrObl8s,CtrObl8s~v04,8,0,9,2U2 3R2 2U' R' 2D' 3R2 2D R 2U'
rubiks-7,CtrObl8s~v05,,CtrObl8s~v05#00,3900,0,3900,0,CtrObl8s~v05#00,CtrObl8s,CtrObl8s~v05,8,0,9,2B2 3R2 2B R' 2F 3R2 2F' R 2B
rubiks-7,CtrObl8s~v06,,CtrObl8s~v06#00,3900,0,3900,0,CtrObl8s~v06#00,CtrObl8s,CtrObl8s~v06,8,0,9,2B2 3R2 2B' L' 2F' 3R2 2F L 2B'
rubiks-7,CtrObl8s~v07,,CtrObl8s~v07#00,7600,0,7600,0,CtrObl8s~v07#00,CtrObl8s,CtrObl8s~v07,8,0,10,3B2 2D2 3B2 2D2 R2 3F2 2D2 3F2 2D2 R2
rubiks-7,CtrObl8s~v08,,CtrObl8s~v08#00,7600,0,7600,0,CtrObl8s~v08#00,CtrObl8s,CtrObl8s~v08,8,0,11,R 3B2 2D2 3B2 2D2 R2 3F2 2D2 3F2 2D2 R
rubiks-7,CtrPlus10p[5x2]~v01,,CtrPlus10p[5x2]~v01#00,9400,0,9400,0,CtrPlus10p[5x2]~v01#00,CtrPlus10p[5x2],CtrPlus10p[5x2]~v01,10,0,11,2U M' 2B M 2B' 2U' E' 2F' E' 2F E2
rubiks-7,CtrPlus10p[5x2]~v02,,CtrPlus10p[5x2]~v02#00,9400,0,9400,0,CtrPlus10p[5x2]~v02#00,CtrPlus10p[5x2],CtrPlus10p[5x2]~v02,10,0,10,2U' M 2F' M' E 2R' E' 2R 2F 2U
rubiks-7,CtrPlus12p[3x4]+ME5[BR>DF>FU>FR>LF],,CtrPlus12p[3x4]+ME5[BR>DF>FU>FR>LF]#00,7370,0,7370,0,CtrPlus12p[3x4]+ME5[BR>DF>FU>FR>LF]#00,CtrPlus12p[3x4]+ME5[BR>DF>FU>FR>LF],CtrPlus12p[3x4]+ME5[BR>DF>FU>FR>LF],17,2,5,F' E' F' E F2
rubiks-7,CtrPlus12p[3x4]+ME5[BR>DR>RU>FL>RF],,CtrPlus12p[3x4]+ME5[BR>DR>RU>FL>RF]#00,7570,0,7570,0,CtrPlus12p[3x4]+ME5[BR>DR>RU>FL>RF]#00,CtrPlus12p[3x4]+ME5[BR>DR>RU>FL>RF],CtrPlus12p[3x4]+ME5[BR>DR>RU>FL>RF],17,2,4,E R' E' R
rubiks-7,CtrPlus12p[3x4]+ME5[BR>RF>RU>DR>LF],,CtrPlus12p[3x4]+ME5[BR>RF>RU>DR>LF]#00,7570,0,7570,0,CtrPlus12p[3x4]+ME5[BR>RF>RU>DR>LF]#00,CtrPlus12p[3x4]+ME5[BR>RF>RU>DR>LF],CtrPlus12p[3x4]+ME5[BR>RF>RU>DR>LF],17,4,5,R2 E R' E' R'
rubiks-7,CtrPlus12p[3x4]+ME5[BR>UF>FD>FL>RF],,CtrPlus12p[3x4]+ME5[BR>UF>FD>FL>RF]#00,7370,0,7370,0,CtrPlus12p[3x4]+ME5[BR>UF>FD>FL>RF]#00,CtrPlus12p[3x4]+ME5[BR>UF>FD>FL>RF],CtrPlus12p[3x4]+ME5[BR>UF>FD>FL>RF],17,2,4,F E' F' E
rubiks-7,CtrPlus12p[3x4]+ME6[BR>DR>DL;RF>RU>LU],,CtrPlus12p[3x4]+ME6[BR>DR>DL;RF>RU>LU]#00,7950,0,7950,0,CtrPlus12p[3x4]+ME6[BR>DR>DL;RF>RU>LU]#00,CtrPlus12p[3x4]+ME6[BR>DR>DL;RF>RU>LU],CtrPlus12p[3x4]+ME6[BR>DR>DL;RF>RU>LU],18,2,5,R' S2 R' S2 R2
rubiks-7,CtrPlus12p[3x4]+ME6[BR>DR>UL;DL>FR>UR],,CtrPlus12p[3x4]+ME6[BR>DR>UL;DL>FR>UR]#00,7950,0,7950,0,CtrPlus12p[3x4]+ME6[BR>DR>UL;DL>FR>UR]#00,CtrPlus12p[3x4]+ME6[BR>DR>UL;DL>FR>UR],CtrPlus12p[3x4]+ME6[BR>DR>UL;DL>FR>UR],18,2,4,R S2 R' S2
rubiks-7,CtrPlus12p[3x4]+ME6[BR>UR>BL;DR>FL>FR],,CtrPlus12p[3x4]+ME6[BR>UR>BL;DR>FL>FR]#00,7810,0,7810,0,CtrPlus12p[3x4]+ME6[BR>UR>BL;DR>FL>FR]#00,CtrPlus12p[3x4]+ME6[BR>UR>BL;DR>FL>FR],CtrPlus12p[3x4]+ME6[BR>UR>BL;DR>FL>FR],18,4,5,R2 E2 R E2 R
rubiks-7,CtrPlus12p[3x4]+ME6[BR>UR>FL;DR>BL>FR],,CtrPlus12p[3x4]+ME6[BR>UR>FL;DR>BL>FR]#00,7810,0,7810,0,CtrPlus12p[3x4]+ME6[BR>UR>FL;DR>BL>FR]#00,CtrPlus12p[3x4]+ME6[BR>UR>FL;DR>BL>FR],CtrPlus12p[3x4]+ME6[BR>UR>FL;DR>BL>FR],18,2,4,E2 R E2 R'
rubiks-7,CtrPlus3[F@2L.E>F@2R.E>R@2B.E],,CtrPlus3[F@2L.E>F@2R.E>R@2B.E]#00,3700,0,3700,0,CtrPlus3[F@2L.E>F@2R.E>R@2B.E]#00,CtrPlus3[F@2L.E>F@2R.E>R@2B.E],CtrPlus3[F@2L.E>F@2R.E>R@2B.E],3,0,8,F2 2R S' 2R' F2 2R S 2R'
rubiks-7,CtrPlus3[F@2L.E>F@2R.E>R@S.2D],,CtrPlus3[F@2L.E>F@2R.E>R@S.2D]#00,3600,0,3600,0,CtrPlus3[F@2L.E>F@2R.E>R@S.2D]#00,CtrPlus3[F@2L.E>F@2R.E>R@S.2D],CtrPlus3[F@2L.E>F@2R.E>R@S.2D],3,0,10,2F E 2F' E' F2 E 2F E' 2F' F2
rubiks-7,CtrPlus3[F@2L.E>F@2R.E>R@S.2U],,CtrPlus3[F@2L.E>F@2R.E>R@S.2U]#00,3600,0,3600,0,CtrPlus3[F@2L.E>F@2R.E>R@S.2U]#00,CtrPlus3[F@2L.E>F@2R.E>R@S.2U],CtrPlus3[F@2L.E>F@2R.E>R@S.2U],3,0,10,F2 2B' E 2B E' F2 E 2B' E' 2B
rubiks-7,CtrPlus3[F@2L.E>L@2B.E>R@2F.E],,CtrPlus3[F@2L.E>L@2B.E>R@2F.E]#00,5600,0,5600,0,CtrPlus3[F@2L.E>L@2B.E>R@2F.E]#00,CtrPlus3[F@2L.E>L@2B.E>R@2F.E],CtrPlus3[F@2L.E>L@2B.E>R@2F.E],3,0,8,S2 2U F 2U' S2 2U F' 2U'
rubiks-7,CtrPlus3[F@2L.E>L@2F.E>R@2F.E],,CtrPlus3[F@2L.E>L@2F.E>R@2F.E]#00,5600,0,5600,0,CtrPlus3[F@2L.E>L@2F.E>R@2F.E]#00,CtrPlus3[F@2L.E>L@2F.E>R@2F.E],CtrPlus3[F@2L.E>L@2F.E>R@2F.E],3,0,8,2U2 R' E R 2U2 R' E' R
rubiks-7,CtrPlus3[F@2L.E>L@2F.E>R@S.2D],,CtrPlus3[F@2L.E>L@2F.E>R@S.2D]#00,5500,0,5500,0,CtrPlus3[F@2L.E>L@2F.E>R@S.2D]#00,CtrPlus3[F@2L.E>L@2F.E>R@S.2D],CtrPlus3[F@2L.E>L@2F.E>R@S.2D],3,0,8,E' F 2U' F' E F 2U F'
rubiks-7,CtrPlus3[F@2L.E>L@2F.E>R@S.2U],,CtrPlus3[F@2L.E>L@2F.E>R@S.2U]#00,5500,0,5500,0,CtrPlus3[F@2L.E>L@2F.E>R@S.2U]#00,CtrPlus3[F@2L.E>L@2F.E>R@S.2U],CtrPlus3[F@2L.E>L@2F.E>R@S.2U],3,0,9,R' 2U2 R' E R 2U2 R' E' R2
rubiks-7,CtrPlus3[F@2L.E>L@S.2D>R@S.2D],,CtrPlus3[F@2L.E>L@S.2D>R@S.2D]#00,5400,0,5400,0,CtrPlus3[F@2L.E>L@S.2D>R@S.2D]#00,CtrPlus3[F@2L.E>L@S.2D>R@S.2D],CtrPlus3[F@2L.E>L@S.2D>R@S.2D],3,0,8,2F2 L E L' 2F2 L E' L'
rubiks-7,CtrPlus3[F@2L.E>L@S.2U>R@2F.E],,CtrPlus3[F@2L.E>L@S.2U>R@2F.E]#00,5500,0,5500,0,CtrPlus3[F@2L.E>L@S.2U>R@2F.E]#00,CtrPlus3[F@2L.E>L@S.2U>R@2F.E],CtrPlus3[F@2L.E>L@S.2U>R@2F.E],3,0,8,E' R 2B2 R' E R 2B2 R'
rubiks-7,CtrPlus3[F@2L.E>L@S.2U>R@S.2D],,CtrPlus3[F@2L.E>L@S.2U>R@S.2D]#00,5400,0,5400,0,CtrPlus3[F@2L.E>L@S.2U>R@S.2D]#00,CtrPlus3[F@2L.E>L@S.2U>R@S.2D],CtrPlus3[F@2L.E>L@S.2U>R@S.2D],3,0,9,L2 2F2 L E L' 2F2 L E' L
rubiks-7,CtrPlus3[F@2L.E>L@S.2U>R@S.2U],,CtrPlus3[F@2L.E>L@S.2U>R@S.2U]#00,5400,0,5400,0,CtrPlus3[F@2L.E>L@S.2U>R@S.2U]#00,CtrPlus3[F@2L.E>L@S.2U>R@S.2U],CtrPlus3[F@2L.E>L@S.2U>R@S.2U],3,0,8,R E' R' 2B2 R E R' 2B2
rubiks-7,CtrPlus3[F@2L.E>R@2B.E>R@2F.E],,CtrPlus3[F@2L.E>R@2B.E>R@2F.E]#00,3700,0,3700,0,CtrPlus3[F@2L.E>R@2B.E>R@2F.E]#00,CtrPlus3[F@2L.E>R@2B.E>R@2F.E],CtrPlus3[F@2L.E>R@2B.E>R@2F.E],3,0,8,S 2L S' R2 S 2L' S' R2
rubiks-7,CtrPlus3[F@2L.E>R@2B.E>U@2L.S],,CtrPlus3[F@2L.E>R@2B.E>U@2L.S]#00,5000,0,5000,0,CtrPlus3[F@2L.E>R@2B.E>U@2L.S]#00,CtrPlus3[F@2L.E>R@2B.E>U@2L.S],CtrPlus3[F@2L.E>R@2B.E>U@2L.S],3,0,9,2L2 U S U' 2L' U S' U' 2L'
rubiks-7,CtrPlus3[F@2L.E>R@2B.E>U@2R.S],,CtrPlus3[F@2L.E>R@2B.E>U@2R.S]#00,5000,0,5000,0,CtrPlus3[F@2L.E>R@2B.E>U@2R.S]#00,CtrPlus3[F@2L.E>R@2B.E>U@2R.S],CtrPlus3[F@2L.E>R@2B.E>U@2R.S],3,0,8,S' 2R' F2 2R S 2R' F2 2R
rubiks-7,CtrPlus3[F@2L.E>R@2B.E>U@M.2B],,CtrPlus3[F@2L.E>R@2B.E>U@M.2B]#00,5000,0,5000,0,CtrPlus3[F@2L.E>R@2B.E>U@M.2B]#00,CtrPlus3[F@2L.E>R@2B.E>U@M.2B],CtrPlus3[F@2L.E>R@2B.E>U@M.2B],3,0,10,R E 2F' U2 2F E' 2F' U2 2F R'
rubiks-7,CtrPlus3[F@2L.E>R@2F.E>F@2R.E],,CtrPlus3[F@2L.E>R@2F.E>F@2R.E]#00,3700,0,3700,0,CtrPlus3[F@2L.E>R@2F.E>F@2R.E]#00,CtrPlus3[F@2L.E>R@2F.E>F@2R.E],CtrPlus3[F@2L.E>R@2F.E>F@2R.E],3,0,8,F2 2L' S' 2L F2 2L' S 2L
rubiks-7,CtrPlus3[F@2L.E>R@2F.E>F@M.2U],,CtrPlus3[F@2L.E>R@2F.E>F@M.2U]#00,3700,0,3700,0,CtrPlus3[F@2L.E>R@2F.E>F@M.2U]#00,CtrPlus3[F@2L.E>R@2F.E>F@M.2U],CtrPlus3[F@2L.E>R@2F.E>F@M.2U],3,0,8,R' E R 2U' R' E' R 2U
rubiks-7,CtrPlus3[F@2L.E>R@2F.E>R@2B.E],,CtrPlus3[F@2L.E>R@2F.E>R@2B.E]#00,3700,0,3700,0,CtrPlus3[F@2L.E>R@2F.E>R@2B.E]#00,CtrPlus3[F@2L.E>R@2F.E>R@2B.E],CtrPlus3[F@2L.E>R@2F.E>R@2B.E],3,0,8,R2 S 2L S' R2 S 2L' S'
rubiks-7,CtrPlus3[F@2L.E>R@2F.E>R@S.2D],,CtrPlus3[F@2L.E>R@2F.E>R@S.2D]#00,3600,0,3600,0,CtrPlus3[F@2L.E>R@2F.E>R@S.2D]#00,CtrPlus3[F@2L.E>R@2F.E>R@S.2D],CtrPlus3[F@2L.E>R@2F.E>R@S.2D],3,0,8,E' F 2U F' E F 2U' F'
rubiks-7,CtrPlus3[F@2L.E>R@2F.E>U@2L.S],,CtrPlus3[F@2L.E>R@2F.E>U@2L.S]#00,5000,0,5000,0,CtrPlus3[F@2L.E>R@2F.E>U@2L.S]#00,CtrPlus3[F@2L.E>R@2F.E>U@2L.S],CtrPlus3[F@2L.E>R@2F.E>U@2L.S],3,0,8,S' D' 2L' D S D' 2L D
rubiks-7,CtrPlus3[F@2L.E>R@2F.E>U@2R.S],,CtrPlus3[F@2L.E>R@2F.E>U@2R.S]#00,5000,0,5000,0,CtrPlus3[F@2L.E>R@2F.E>U@2R.S]#00,CtrPlus3[F@2L.E>R@2F.E>U@2R.S],CtrPlus3[F@2L.E>R@2F.E>U@2R.S],3,0,11,U2 S' 2L' S U' S' U 2L U' S U'
rubiks-7,CtrPlus3[F@2L.E>R@2F.E>U@M.2B],,CtrPlus3[F@2L.E>R@2F.E>U@M.2B]#00,5000,0,5000,0,CtrPlus3[F@2L.E>R@2F.E>U@M.2B]#00,CtrPlus3[F@2L.E>R@2F.E>U@M.2B],CtrPlus3[F@2L.E>R@2F.E>U@M.2B],3,0,10,R' E 2F' U2 2F E' 2F' U2 2F R
rubiks-7,CtrPlus3[F@2L.E>R@S.2D>F@2R.E],,CtrPlus3[F@2L.E>R@S.2D>F@2R.E]#00,3600,0,3600,0,CtrPlus3[F@2L.E>R@S.2D>F@2R.E]#00,CtrPlus3[F@2L.E>R@S.2D>F@2R.E],CtrPlus3[F@2L.E>R@S.2D>F@2R.E],3,0,10,F2 2F E 2F' E' F2 E 2F E' 2F'
rubiks-7,CtrPlus3[F@2L.E>R@S.2D>R@2F.E],,CtrPlus3[F@2L.E>R@S.2D>R@2F.E]#00,3700,0,3700,0,CtrPlus3[F@2L.E>R@S.2D>R@2F.E]#00,CtrPlus3[F@2L.E>R@S.2D>R@2F.E],CtrPlus3[F@2L.E>R@S.2D>R@2F.E],3,0,8,F 2U F' E' F 2U' F' E
rubiks-7,CtrPlus3[F@2L.E>R@S.2U>F@2R.E],,CtrPlus3[F@2L.E>R@S.2U>F@2R.E]#00,3600,0,3600,0,CtrPlus3[F@2L.E>R@S.2U>F@2R.E]#00,CtrPlus3[F@2L.E>R@S.2U>F@2R.E],CtrPlus3[F@2L.E>R@S.2U>F@2R.E],3,0,10,2B' E 2B E' F2 E 2B' E' 2B F2
rubiks-7,CtrPlus3[F@2L.E>U@2L.S>R@2B.E],,CtrPlus3[F@2L.E>U@2L.S>R@2B.E]#00,5000,0,5000,0,CtrPlus3[F@2L.E>U@2L.S>R@2B.E]#00,CtrPlus3[F@2L.E>U@2L.S>R@2B.E],CtrPlus3[F@2L.E>U@2L.S>R@2B.E],3,0,9,2L U S U' 2L U S' U' 2L2
rubiks-7,CtrPlus3[F@2L.E>U@2L.S>R@2F.E],,CtrPlus3[F@2L.E>U@2L.S>R@2F.E]#00,5000,0,5000,0,CtrPlus3[F@2L.E>U@2L.S>R@2F.E]#00,CtrPlus3[F@2L.E>U@2L.S>R@2F.E],CtrPlus3[F@2L.E>U@2L.S>R@2F.E],3,0,8,2L' D' S' D 2L D' S D
rubiks-7,CtrPlus3[F@2L.E>U@2R.S>R@2B.E],,CtrPlus3[F@2L.E>U@2R.S>R@2B.E]#00,5000,0,5000,0,CtrPlus3[F@2L.E>U@2R.S>R@2B.E]#00,CtrPlus3[F@2L.E>U@2R.S>R@2B.E],CtrPlus3[F@2L.E>U@2R.S>R@2B.E],3,0,8,2R' F2 2R S' 2R' F2 2R S
rubiks-7,CtrPlus3[F@2L.E>U@2R.S>R@2F.E],,CtrPlus3[F@2L.E>U@2R.S>R@2F.E]#00,5000,0,5000,0,CtrPlus3[F@2L.E>U@2R.S>R@2F.E]#00,CtrPlus3[F@2L.E>U@2R.S>R@2F.E],CtrPlus3[F@2L.E>U@2R.S>R@2F.E],3,0,10,U2 2L' D' S' D 2L D' S D U2
rubiks-7,CtrPlus3[F@2L.E>U@M.2B>R@2B.E],,CtrPlus3[F@2L.E>U@M.2B>R@2B.E]#00,5000,0,5000,0,CtrPlus3[F@2L.E>U@M.2B>R@2B.E]#00,CtrPlus3[F@2L.E>U@M.2B>R@2B.E],CtrPlus3[F@2L.E>U@M.2B>R@2B.E],3,0,10,F 2U' R2 2U M 2U' R2 2U M' F'
rubiks-7,CtrPlus3[F@2L.E>U@M.2F>R@2F.E],,CtrPlus3[F@2L.E>U@M.2F>R@2F.E]#00,5000,0,5000,0,CtrPlus3[F@2L.E>U@M.2F>R@2F.E]#00,CtrPlus3[F@2L.E>U@M.2F>R@2F.E],CtrPlus3[F@2L.E>U@M.2F>R@2F.E],3,0,10,F' 2D R2 2D' M 2D R2 2D' M' F
rubiks-7,CtrPlus3[F@2R.E>L@2B.E>R@2F.E],,CtrPlus3[F@2R.E>L@2B.E>R@2F.E]#00,5600,0,5600,0,CtrPlus3[F@2R.E>L@2B.E>R@2F.E]#00,CtrPlus3[F@2R.E>L@2B.E>R@2F.E],CtrPlus3[F@2R.E>L@2B.E>R@2F.E],3,0,8,S2 2U F' 2U' S2 2U F 2U'
rubiks-7,CtrPlus3[F@2R.E>L@2F.E>R@2F.E],,CtrPlus3[F@2R.E>L@2F.E>R@2F.E]#00,5600,0,5600,0,CtrPlus3[F@2R.E>L@2F.E>R@2F.E]#00,CtrPlus3[F@2R.E>L@2F.E>R@2F.E],CtrPlus3[F@2R.E>L@2F.E>R@2F.E],3,0,8,2U2 R E R' 2U2 R E' R'
rubiks-7,CtrPlus3[F@2R.E>L@2F.E>R@S.2D],,CtrPlus3[F@2R.E>L@2F.E>R@S.2D]#00,5500,0,5500,0,CtrPlus3[F@2R.E>L@2F.E>R@S.2D]#00,CtrPlus3[F@2R.E>L@2F.E>R@S.2D],CtrPlus3[F@2R.E>L@2F.E>R@S.2D],3,0,9,R 2U2 R E R' 2U2 R E' R2
rubiks-7,CtrPlus3[F@2R.E>L@2F.E>R@S.2U],,CtrPlus3[F@2R.E>L@2F.E>R@S.2U]#00,5500,0,5500,0,CtrPlus3[F@2R.E>L@2F.E>R@S.2U]#00,CtrPlus3[F@2R.E>L@2F.E>R@S.2U],CtrPlus3[F@2R.E>L@2F.E>R@S.2U],3,0,8,E' F' 2U' F E F' 2U F
rubiks-7,CtrPlus3[F@2R.E>L@S.2D>R@2F.E],,CtrPlus3[F@2R.E>L@S.2D>R@2F.E]#00,5500,0,5500,0,CtrPlus3[F@2R.E>L@S.2D>R@2F.E]#00,CtrPlus3[F@2R.E>L@S.2D>R@2F.E],CtrPlus3[F@2R.E>L@S.2D>R@2F.E],3,0,8,E' R' 2F2 R E R' 2F2 R
rubiks-7,CtrPlus3[F@2R.E>L@S.2D>R@S.2D],,CtrPlus3[F@2R.E>L@S.2D>R@S.2D]#00,5400,0,5400,0,CtrPlus3[F@2R.E>L@S.2D>R@S.2D]#00,CtrPlus3[F@2R.E>L@S.2D>R@S.2D],CtrPlus3[F@2R.E>L@S.2D>R@S.2D],3,0,8,R E' R' 2F2 R E R' 2F2
rubiks-7,CtrPlus3[F@2R.E>L@S.2D>R@S.2U],,CtrPlus3[F@2R.E>L@S.2D>R@S.2U]#00,5400,0,5400,0,CtrPlus3[F@2R.E>L@S.2D>R@S.2U]#00,CtrPlus3[F@2R.E>L@S.2D>R@S.2U],CtrPlus3[F@2R.E>L@S.2D>R@S.2U],3,0,9,L2 2B2 L E L' 2B2 L E' L
rubiks-7,CtrPlus3[F@2R.E>L@S.2U>R@S.2U],,CtrPlus3[F@2R.E>L@S.2U>R@S.2U]#00,5400,0,5400,0,CtrPlus3[F@2R.E>L@S.2U>R@S.2U]#00,CtrPlus3[F@2R.E>L@S.2U>R@S.2U],CtrPlus3[F@2R.E>L@S.2U>R@S.2U],3,0,8,2B2 L E L' 2B2 L E' L'
rubiks-7,CtrPlus3[F@2R.E>R@2B.E>F@M.2D],,CtrPlus3[F@2R.E>R@2B.E>F@M.2D]#00,3700,0,3700,0,CtrPlus3[F@2R.E>R@2B.E>F@M.2D]#00,CtrPlus3[F@2R.E>R@2B.E>F@M.2D],CtrPlus3[F@2R.E>R@2B.E>F@M.2D],3,0,8,R' E R 2D R' E' R 2D'
rubiks-7,CtrPlus3[F@2R.E>R@2B.E>R@2F.E],,CtrPlus3[F@2R.E>R@2B.E>R@2F.E]#00,3700,0,3700,0,CtrPlus3[F@2R.E>R@2B.E>R@2F.E]#00,CtrPlus3[F@2R.E>R@2B.E>R@2F.E],CtrPlus3[F@2R.E>R@2B.E>R@2F.E],3,0,8,R2 S 2R' S' R2 S 2R S'
rubiks-7,CtrPlus3[F@2R.E>R@2B.E>R@S.2U],,CtrPlus3[F@2R.E>R@2B.E>R@S.2U]#00,3600,0,3600,0,CtrPlus3[F@2R.E>R@2B.E>R@S.2U]#00,CtrPlus3[F@2R.E>R@2B.E>R@S.2U],CtrPlus3[F@2R.E>R@2B.E>R@S.2U],3,0,8,E' F 2D' F' E F 2D F'
rubiks-7,CtrPlus3[F@2R.E>R@2B.E>U@2L.S],,CtrPlus3[F@2R.E>R@2B.E>U@2L.S]#00,5000,0,5000,0,CtrPlus3[F@2R.E>R@2B.E>U@2L.S]#00,CtrPlus3[F@2R.E>R@2B.E>U@2L.S],CtrPlus3[F@2R.E>R@2B.E>U@2L.S],3,0,11,U2 S' 2R S U' S' U 2R' U' S U'
rubiks-7,CtrPlus3[F@2R.E>R@2B.E>U@2R.S],,CtrPlus3[F@2R.E>R@2B.E>U@2R.S]#00,5000,0,5000,0,CtrPlus3[F@2R.E>R@2B.E>U@2R.S]#00,CtrPlus3[F@2R.E>R@2B.E>U@2R.S],CtrPlus3[F@2R.E>R@2B.E>U@2R.S],3,0,8,S' D' 2R D S D' 2R' D
rubiks-7,CtrPlus3[F@2R.E>R@2B.E>U@M.2F],,CtrPlus3[F@2R.E>R@2B.E>U@M.2F]#00,5000,0,5000,0,CtrPlus3[F@2R.E>R@2B.E>U@M.2F]#00,CtrPlus3[F@2R.E>R@2B.E>U@M.2F],CtrPlus3[F@2R.E>R@2B.E>U@M.2F],3,0,10,R' E 2B U2 2B' E' 2B U2 2B' R
rubiks-7,CtrPlus3[F@2R.E>R@2F.E>R@2B.E],,CtrPlus3[F@2R.E>R@2F.E>R@2B.E]#00,3700,0,3700,0,CtrPlus3[F@2R.E>R@2F.E>R@2B.E]#00,CtrPlus3[F@2R.E>R@2F.E>R@2B.E],CtrPlus3[F@2R.E>R@2F.E>R@2B.E],3,0,8,S 2R' S' R2 S 2R S' R2
rubiks-7,CtrPlus3[F@2R.E>R@2F.E>U@2L.S],,CtrPlus3[F@2R.E>R@2F.E>U@2L.S]#00,5000,0,5000,0,CtrPlus3[F@2R.E>R@2F.E>U@2L.S]#00,CtrPlus3[F@2R.E>R@2F.E>U@2L.S],CtrPlus3[F@2R.E>R@2F.E>U@2L.S],3,0,8,S' 2L F2 2L' S 2L F2 2L'
rubiks-7,CtrPlus3[F@2R.E>R@2F.E>U@2R.S],,CtrPlus3[F@2R.E>R@2F.E>U@2R.S]#00,5000,0,5000,0,CtrPlus3[F@2R.E>R@2F.E>U@2R.S]#00,CtrPlus3[F@2R.E>R@2F.E>U@2R.S],CtrPlus3[F@2R.E>R@2F.E>U@2R.S],3,0,9,2R2 U S U' 2R U S' U' 2R
rubiks-7,CtrPlus3[F@2R.E>R@2F.E>U@M.2F],,CtrPlus3[F@2R.E>R@2F.E>U@M.2F]#00,5000,0,5000,0,CtrPlus3[F@2R.E>R@2F.E>U@M.2F]#00,CtrPlus3[F@2R.E>R@2F.E>U@M.2F],CtrPlus3[F@2R.E>R@2F.E>U@M.2F],3,0,10,R E 2B U2 2B' E' 2B U2 2B' R'
rubiks-7,CtrPlus3[F@2R.E>R@S.2U>R@2B.E],,CtrPlus3[F@2R.E>R@S.2U>R@2B.E]#00,3700,0,3700,0,CtrPlus3[F@2R.E>R@S.2U>R@2B.E]#00,CtrPlus3[F@2R.E>R@S.2U>R@2B.E],CtrPlus3[F@2R.E>R@S.2U>R@2B.E],3,0,8,F 2D' F' E' F 2D F' E
rubiks-7,CtrPlus3[F@2R.E>U@2L.S>R@2B.E],,CtrPlus3[F@2R.E>U@2L.S>R@2B.E]#00,5000,0,5000,0,CtrPlus3[F@2R.E>U@2L.S>R@2B.E]#00,CtrPlus3[F@2R.E>U@2L.S>R@2B.E],CtrPlus3[F@2R.E>U@2L.S>R@2B.E],3,0,10,U2 2R D' S' D 2R' D' S D U2
rubiks-7,CtrPlus3[F@2R.E>U@2L.S>R@2F.E],,CtrPlus3[F@2R.E>U@2L.S>R@2F.E]#00,5000,0,5000,0,CtrPlus3[F@2R.E>U@2L.S>R@2F.E]#00,CtrPlus3[F@2R.E>U@2L.S>R@2F.E],CtrPlus3[F@2R.E>U@2L.S>R@2F.E],3,0,8,2L F2 2L' S' 2L F2 2L' S
rubiks-7,CtrPlus3[F@2R.E>U@2R.S>R@2B.E],,CtrPlus3[F@2R.E>U@2R.S>R@2B.E]#00,5000,0,5000,0,CtrPlus3[F@2R.E>U@2R.S>R@2B.E]#00,CtrPlus3[F@2R.E>U@2R.S>R@2B.E],CtrPlus3[F@2R.E>U@2R.S>R@2B.E],3,0,8,2R D' S' D 2R' D' S D
rubiks-7,CtrPlus3[F@2R.E>U@2R.S>R@2F.E],,CtrPlus3[F@2R.E>U@2R.S>R@2F.E]#00,5000,0,5000,0,CtrPlus3[F@2R.E>U@2R.S>R@2F.E]#00,CtrPlus3[F@2R.E>U@2R.S>R@2F.E],CtrPlus3[F@2R.E>U@2R.S>R@2F.E],3,0,9,2R' U S U' 2R' U S' U' 2R2
rubiks-7,CtrPlus3[F@2R.E>U@M.2B>R@2B.E],,CtrPlus3[F@2R.E>U@M.2B>R@2B.E]#00,5000,0,5000,0,CtrPlus3[F@2R.E>U@M.2B>R@2B.E]#00,CtrPlus3[F@2R.E>U@M.2B>R@2B.E],CtrPlus3[F@2R.E>U@M.2B>R@2B.E],3,0,10,F' 2U' R2 2U M 2U' R2 2U M' F
rubiks-7,CtrPlus3[F@2R.E>U@M.2F>R@2F.E],,CtrPlus3[F@2R.E>U@M.2F>R@2F.E]#00,5000,0,5000,0,CtrPlus3[F@2R.E>U@M.2F>R@2F.E]#00,CtrPlus3[F@2R.E>U@M.2F>R@2F.E],CtrPlus3[F@2R.E>U@M.2F>R@2F.E],3,0,10,F 2D R2 2D' M 2D R2 2D' M' F'
rubiks-7,CtrPlus3[F@M.2D>F@M.2U>R@2B.E]~v01,,CtrPlus3[F@M.2D>F@M.2U>R@2B.E]~v01#00,3600,0,3600,0,CtrPlus3[F@M.2D>F@M.2U>R@2B.E]~v01#00,CtrPlus3[F@M.2D>F@M.2U>R@2B.E],CtrPlus3[F@M.2D>F@M.2U>R@2B.E]~v01,3,0,8,F2 2U S2 2U' F2 2U S2 2U'
rubiks-7,CtrPlus3[F@M.2D>F@M.2U>R@2B.E]~v02,,CtrPlus3[F@M.2D>F@M.2U>R@2B.E]~v02#00,3600,0,3600,0,CtrPlus3[F@M.2D>F@M.2U>R@2B.E]~v02#00,CtrPlus3[F@M.2D>F@M.2U>R@2B.E],CtrPlus3[F@M.2D>F@M.2U>R@2B.E]~v02,3,0,8,2D' M D2 M' 2D M D2 M'
rubiks-7,CtrPlus3[F@M.2D>F@M.2U>R@2F.E],,CtrPlus3[F@M.2D>F@M.2U>R@2F.E]#00,3600,0,3600,0,CtrPlus3[F@M.2D>F@M.2U>R@2F.E]#00,CtrPlus3[F@M.2D>F@M.2U>R@2F.E],CtrPlus3[F@M.2D>F@M.2U>R@2F.E],3,0,8,2D' S2 2D F2 2D' S2 2D F2
rubiks-7,CtrPlus3[F@M.2D>R@2B.E>F@M.2U]~v01,,CtrPlus3[F@M.2D>R@2B.E>F@M.2U]~v01#00,3600,0,3600,0,CtrPlus3[F@M.2D>R@2B.E>F@M.2U]~v01#00,CtrPlus3[F@M.2D>R@2B.E>F@M.2U],CtrPlus3[F@M.2D>R@2B.E>F@M.2U]~v01,3,0,8,2U S2 2U' F2 2U S2 2U' F2
rubiks-7,CtrPlus3[F@M.2D>R@2B.E>F@M.2U]~v02,,CtrPlus3[F@M.2D>R@2B.E>F@M.2U]~v02#00,3600,0,3600,0,CtrPlus3[F@M.2D>R@2B.E>F@M.2U]~v02#00,CtrPlus3[F@M.2D>R@2B.E>F@M.2U],CtrPlus3[F@M.2D>R@2B.E>F@M.2U]~v02,3,0,8,M D2 M' 2D' M D2 M' 2D
rubiks-7,CtrPlus3[F@M.2D>R@2F.E>F@M.2U],,CtrPlus3[F@M.2D>R@2F.E>F@M.2U]#00,3600,0,3600,0,CtrPlus3[F@M.2D>R@2F.E>F@M.2U]#00,CtrPlus3[F@M.2D>R@2F.E>F@M.2U],CtrPlus3[F@M.2D>R@2F.E>F@M.2U],3,0,8,F2 2D' S2 2D F2 2D' S2 2D
rubiks-7,CtrPlus3[F@M.2D>R@S.2D>R@2B.E],,CtrPlus3[F@M.2D>R@S.2D>R@2B.E]#00,3600,0,3600,0,CtrPlus3[F@M.2D>R@S.2D>R@2B.E]#00,CtrPlus3[F@M.2D>R@S.2D>R@2B.E],CtrPlus3[F@M.2D>R@S.2D>R@2B.E],3,0,8,2D' F E' F' 2D F E F'
rubiks-7,CtrPlus3[F@M.2U>L@2B.E>R@2B.E],,CtrPlus3[F@M.2U>L@2B.E>R@2B.E]#00,5500,0,5500,0,CtrPlus3[F@M.2U>L@2B.E>R@2B.E]#00,CtrPlus3[F@M.2U>L@2B.E>R@2B.E],CtrPlus3[F@M.2U>L@2B.E>R@2B.E],3,0,9,2D M' U2 M 2D2 M' U2 M 2D
rubiks-7,CtrPlus3[F@M.2U>L@2B.E>R@2F.E],,CtrPlus3[F@M.2U>L@2B.E>R@2F.E]#00,5500,0,5500,0,CtrPlus3[F@M.2U>L@2B.E>R@2F.E]#00,CtrPlus3[F@M.2U>L@2B.E>R@2F.E],CtrPlus3[F@M.2U>L@2B.E>R@2F.E],3,0,8,2D F2 2D' S2 2D F2 2D' S2
rubiks-7,CtrPlus3[F@M.2U>L@2F.E>R@2B.E],,CtrPlus3[F@M.2U>L@2F.E>R@2B.E]#00,5500,0,5500,0,CtrPlus3[F@M.2U>L@2F.E>R@2B.E]#00,CtrPlus3[F@M.2U>L@2F.E>R@2B.E],CtrPlus3[F@M.2U>L@2F.E>R@2B.E],3,0,8,S2 2D' F2 2D S2 2D' F2 2D
rubiks-7,CtrPlus3[F@M.2U>L@2F.E>R@2F.E],,CtrPlus3[F@M.2U>L@2F.E>R@2F.E]#00,5500,0,5500,0,CtrPlus3[F@M.2U>L@2F.E>R@2F.E]#00,CtrPlus3[F@M.2U>L@2F.E>R@2F.E],CtrPlus3[F@M.2U>L@2F.E>R@2F.E],3,0,13,2D S2 2D' F2 2D S2 2D2 S2 2D F2 2D' S2 2D
rubiks-7,CtrPlus3[F@M.2U>L@2F.E>R@S.2D],,CtrPlus3[F@M.2U>L@2F.E>R@S.2D]#00,5400,0,5400,0,CtrPlus3[F@M.2U>L@2F.E>R@S.2D]#00,CtrPlus3[F@M.2U>L@2F.E>R@S.2D],CtrPlus3[F@M.2U>L@2F.E>R@S.2D],3,0,8,2U R' S2 R 2U' R' S2 R
rubiks-7,CtrPlus3[F@M.2U>L@2F.E>R@S.2U],,CtrPlus3[F@M.2U>L@2F.E>R@S.2U]#00,5400,0,5400,0,CtrPlus3[F@M.2U>L@2F.E>R@S.2U]#00,CtrPlus3[F@M.2U>L@2F.E>R@S.2U],CtrPlus3[F@M.2U>L@2F.E>R@S.2U],3,0,8,2U R S2 R' 2U' R S2 R'
rubiks-7,CtrPlus3[F@M.2U>L@S.2D>R@2B.E],,CtrPlus3[F@M.2U>L@S.2D>R@2B.E]#00,5400,0,5400,0,CtrPlus3[F@M.2U>L@S.2D>R@2B.E]#00,CtrPlus3[F@M.2U>L@S.2D>R@2B.E],CtrPlus3[F@M.2U>L@S.2D>R@2B.E],3,0,9,F2 2D' F' E F 2D F' E' F'
rubiks-7,CtrPlus3[F@M.2U>L@S.2D>R@2F.E],,CtrPlus3[F@M.2U>L@S.2D>R@2F.E]#00,5400,0,5400,0,CtrPlus3[F@M.2U>L@S.2D>R@2F.E]#00,CtrPlus3[F@M.2U>L@S.2D>R@2F.E],CtrPlus3[F@M.2U>L@S.2D>R@2F.E],3,0,8,2U F E F' 2U' F E' F'
rubiks-7,CtrPlus3[F@M.2U>L@S.2D>R@S.2D],,CtrPlus3[F@M.2U>L@S.2D>R@S.2D]#00,5300,0,5300,0,CtrPlus3[F@M.2U>L@S.2D>R@S.2D]#00,CtrPlus3[F@M.2U>L@S.2D>R@S.2D],CtrPlus3[F@M.2U>L@S.2D>R@S.2D],3,0,11,M' 2F M F2 M' 2F2 M F2 M' 2F M
rubiks-7,CtrPlus3[F@M.2U>L@S.2D>R@S.2U],,CtrPlus3[F@M.2U>L@S.2D>R@S.2U]#00,5300,0,5300,0,CtrPlus3[F@M.2U>L@S.2D>R@S.2U]#00,CtrPlus3[F@M.2U>L@S.2D>R@S.2U],CtrPlus3[F@M.2U>L@S.2D>R@S.2U],3,0,8,E2 R' 2U' R E2 R' 2U R
rubiks-7,CtrPlus3[F@M.2U>L@S.2U>R@2B.E],,CtrPlus3[F@M.2U>L@S.2U>R@2B.E]#00,5400,0,5400,0,CtrPlus3[F@M.2U>L@S.2U>R@2B.E]#00,CtrPlus3[F@M.2U>L@S.2U>R@2B.E],CtrPlus3[F@M.2U>L@S.2U>R@2B.E],3,0,9,F2 2D' F E F' 2D F E' F
rubiks-7,CtrPlus3[F@M.2U>L@S.2U>R@2F.E],,CtrPlus3[F@M.2U>L@S.2U>R@2F.E]#00,5400,0,5400,0,CtrPlus3[F@M.2U>L@S.2U>R@2F.E]#00,CtrPlus3[F@M.2U>L@S.2U>R@2F.E],CtrPlus3[F@M.2U>L@S.2U>R@2F.E],3,0,8,2U F' E F 2U' F' E' F
rubiks-7,CtrPlus3[F@M.2U>L@S.2U>R@S.2D],,CtrPlus3[F@M.2U>L@S.2U>R@S.2D]#00,5300,0,5300,0,CtrPlus3[F@M.2U>L@S.2U>R@S.2D]#00,CtrPlus3[F@M.2U>L@S.2U>R@S.2D],CtrPlus3[F@M.2U>L@S.2U>R@S.2D],3,0,8,E2 R 2U' R' E2 R 2U R'
rubiks-7,CtrPlus3[F@M.2U>L@S.2U>R@S.2U],,CtrPlus3[F@M.2U>L@S.2U>R@S.2U]#00,5300,0,5300,0,CtrPlus3[F@M.2U>L@S.2U>R@S.2U]#00,CtrPlus3[F@M.2U>L@S.2U>R@S.2U],CtrPlus3[F@M.2U>L@S.2U>R@S.2U],3,0,11,M 2B M' F2 M 2B2 M' F2 M 2B M'
rubiks-7,CtrPlus3[F@M.2U>R@2B.E>R@2F.E],,CtrPlus3[F@M.2U>R@2B.E>R@2F.E]#00,3600,0,3600,0,CtrPlus3[F@M.2U>R@2B.E>R@2F.E]#00,CtrPlus3[F@M.2U>R@2B.E>R@2F.E],CtrPlus3[F@M.2U>R@2B.E>R@2F.E],3,0,8,S D2 S' 2U' S D2 S' 2U
rubiks-7,CtrPlus3[F@M.2U>R@2F.E>R@2B.E],,CtrPlus3[F@M.2U>R@2F.E>R@2B.E]#00,3600,0,3600,0,CtrPlus3[F@M.2U>R@2F.E>R@2B.E]#00,CtrPlus3[F@M.2U>R@2F.E>R@2B.E],CtrPlus3[F@M.2U>R@2F.E>R@2B.E],3,0,8,2U' S D2 S' 2U S D2 S'
rubiks-7,CtrPlus3[F@M.2U>R@S.2U>R@2F.E],,CtrPlus3[F@M.2U>R@S.2U>R@2F.E]#00,3600,0,3600,0,CtrPlus3[F@M.2U>R@S.2U>R@2F.E]#00,CtrPlus3[F@M.2U>R@S.2U>R@2F.E],CtrPlus3[F@M.2U>R@S.2U>R@2F.E],3,0,8,2U F E' F' 2U' F E F'
rubiks-7,CtrPlus3[L@2F.E>L@S.2D>R@2B.E],,CtrPlus3[L@2F.E>L@S.2D>R@2B.E]#00,3800,0,3800,0,CtrPlus3[L@2F.E>L@S.2D>R@2B.E]#00,CtrPlus3[L@2F.E>L@S.2D>R@2B.E],CtrPlus3[L@2F.E>L@S.2D>R@2B.E],3,0,8,R 2F2 R' S2 R 2F2 R' S2
rubiks-7,CtrPlus3[L@2F.E>R@2B.E>L@S.2D],,CtrPlus3[L@2F.E>R@2B.E>L@S.2D]#00,3900,0,3900,0,CtrPlus3[L@2F.E>R@2B.E>L@S.2D]#00,CtrPlus3[L@2F.E>R@2B.E>L@S.2D],CtrPlus3[L@2F.E>R@2B.E>L@S.2D],3,0,8,S2 R 2F2 R' S2 R 2F2 R'
rubiks-7,CtrPlus3[L@2F.E>R@2F.E>L@S.2D],,CtrPlus3[L@2F.E>R@2F.E>L@S.2D]#00,3900,0,3900,0,CtrPlus3[L@2F.E>R@2F.E>L@S.2D]#00,CtrPlus3[L@2F.E>R@2F.E>L@S.2D],CtrPlus3[L@2F.E>R@2F.E>L@S.2D],3,0,8,2U2 R E2 R' 2U2 R E2 R'
rubiks-7,CtrPlus3[L@2F.E>R@S.2D>R@2B.E],,CtrPlus3[L@2F.E>R@S.2D>R@2B.E]#00,3900,0,3900,0,CtrPlus3[L@2F.E>R@S.2D>R@2B.E]#00,CtrPlus3[L@2F.E>R@S.2D>R@2B.E],CtrPlus3[L@2F.E>R@S.2D>R@2B.E],3,0,8,S2 R 2U2 R' S2 R 2U2 R'
rubiks-7,CtrPlus3[L@2F.E>R@S.2U>R@2F.E],,CtrPlus3[L@2F.E>R@S.2U>R@2F.E]#00,3900,0,3900,0,CtrPlus3[L@2F.E>R@S.2U>R@2F.E]#00,CtrPlus3[L@2F.E>R@S.2U>R@2F.E],CtrPlus3[L@2F.E>R@S.2U>R@2F.E],3,0,8,2U2 R S2 R' 2U2 R S2 R'
rubiks-7,CtrPlus3[L@S.2D>R@S.2U>R@2B.E],,CtrPlus3[L@S.2D>R@S.2U>R@2B.E]#00,3800,0,3800,0,CtrPlus3[L@S.2D>R@S.2U>R@2B.E]#00,CtrPlus3[L@S.2D>R@S.2U>R@2B.E],CtrPlus3[L@S.2D>R@S.2U>R@2B.E],3,0,8,R 2F2 R' E2 R 2F2 R' E2
rubiks-7,CtrPlus4s[B@2L.E<>F@2L.E;L@2B.E<>R@2B.E],,CtrPlus4s[B@2L.E<>F@2L.E;L@2B.E<>R@2B.E]#00,7100,0,7100,0,CtrPlus4s[B@2L.E<>F@2L.E;L@2B.E<>R@2B.E]#00,CtrPlus4s[B@2L.E<>F@2L.E;L@2B.E<>R@2B.E],CtrPlus4s[B@2L.E<>F@2L.E;L@2B.E<>R@2B.E],4,0,5,2L S 2L2 S' 2L
rubiks-7,CtrPlus4s[B@2R.E<>F@2R.E;L@S.2D<>R@S.2D],,CtrPlus4s[B@2R.E<>F@2R.E;L@S.2D<>R@S.2D]#00,6900,0,6900,0,CtrPlus4s[B@2R.E<>F@2R.E;L@S.2D<>R@S.2D]#00,CtrPlus4s[B@2R.E<>F@2R.E;L@S.2D<>R@S.2D],CtrPlus4s[B@2R.E<>F@2R.E;L@S.2D<>R@S.2D],4,0,4,E 2R2 E' 2R2
rubiks-7,CtrPlus4s[B@M.2D<>F@M.2D;L@2B.E<>R@2B.E],,CtrPlus4s[B@M.2D<>F@M.2D;L@2B.E<>R@2B.E]#00,6900,0,6900,0,CtrPlus4s[B@M.2D<>F@M.2D;L@2B.E<>R@2B.E]#00,CtrPlus4s[B@M.2D<>F@M.2D;L@2B.E<>R@2B.E],CtrPlus4s[B@M.2D<>F@M.2D;L@2B.E<>R@2B.E],4,0,7,M' 2D' M 2D2 M' 2D' M
rubiks-7,CtrPlus4s[B@M.2D<>F@M.2D;L@2F.E<>R@2F.E],,CtrPlus4s[B@M.2D<>F@M.2D;L@2F.E<>R@2F.E]#00,6900,0,6900,0,CtrPlus4s[B@M.2D<>F@M.2D;L@2F.E<>R@2F.E]#00,CtrPlus4s[B@M.2D<>F@M.2D;L@2F.E<>R@2F.E],CtrPlus4s[B@M.2D<>F@M.2D;L@2F.E<>R@2F.E],4,0,5,2U M2 2U2 M2 2U
rubiks-7,CtrPlus4s[L@2B.E<>R@2B.E;L@2F.E<>R@2F.E],,CtrPlus4s[L@2B.E<>R@2B.E;L@2F.E<>R@2F.E]#00,7800,0,7800,0,CtrPlus4s[L@2B.E<>R@2B.E;L@2F.E<>R@2F.E]#00,CtrPlus4s[L@2B.E<>R@2B.E;L@2F.E<>R@2F.E],CtrPlus4s[L@2B.E<>R@2B.E;L@2F.E<>R@2F.E],4,0,4,S2 2U2 S2 2U2
rubiks-7,CtrPlus4s[L@2B.E<>R@2B.E;L@S.2U<>R@S.2U],,CtrPlus4s[L@2B.E<>R@2B.E;L@S.2U<>R@S.2U]#00,7600,0,7600,0,CtrPlus4s[L@2B.E<>R@2B.E;L@S.2U<>R@S.2U]#00,CtrPlus4s[L@2B.E<>R@2B.E;L@S.2U<>R@S.2U],CtrPlus4s[L@2B.E<>R@2B.E;L@S.2U<>R@S.2U],4,0,8,S' 2R2 S 2R E' 2R2 E 2R'
rubiks-7,CtrPlus4s[L@2B.E<>R@2F.E;L@S.2U<>R@S.2U],,CtrPlus4s[L@2B.E<>R@2F.E;L@S.2U<>R@S.2U]#00,7600,0,7600,0,CtrPlus4s[L@2B.E<>R@2F.E;L@S.2U<>R@S.2U]#00,CtrPlus4s[L@2B.E<>R@2F.E;L@S.2U<>R@S.2U],CtrPlus4s[L@2B.E<>R@2F.E;L@S.2U<>R@S.2U],4,0,10,2B2 R' E2 S2 R 2B2 R' S2 E2 R
rubiks-7,CtrPlus4s[L@2B.E<>R@S.2D;L@S.2U<>R@2F.E],,CtrPlus4s[L@2B.E<>R@S.2D;L@S.2U<>R@2F.E]#00,7600,0,7600,0,CtrPlus4s[L@2B.E<>R@S.2D;L@S.2U<>R@2F.E]#00,CtrPlus4s[L@2B.E<>R@S.2D;L@S.2U<>R@2F.E],CtrPlus4s[L@2B.E<>R@S.2D;L@S.2U<>R@2F.E],4,0,10,E2 S2 L 2U2 L' E2 S2 L 2U2 L'
rubiks-7,CtrPlus4s[L@2F.E<>L@S.2U;L@S.2D<>R@2B.E],,CtrPlus4s[L@2F.E<>L@S.2U;L@S.2D<>R@2B.E]#00,3800,0,3800,0,CtrPlus4s[L@2F.E<>L@S.2U;L@S.2D<>R@2B.E]#00,CtrPlus4s[L@2F.E<>L@S.2U;L@S.2D<>R@2B.E],CtrPlus4s[L@2F.E<>L@S.2U;L@S.2D<>R@2B.E],4,0,8,2U2 L S2 2U2 S2 2U2 L' 2U2
rubiks-7,CtrPlus4s[L@S.2D<>R@2B.E;L@S.2U<>R@2F.E],,CtrPlus4s[L@S.2D<>R@2B.E;L@S.2U<>R@2F.E]#00,7600,0,7600,0,CtrPlus4s[L@S.2D<>R@2B.E;L@S.2U<>R@2F.E]#00,CtrPlus4s[L@S.2D<>R@2B.E;L@S.2U<>R@2F.E],CtrPlus4s[L@S.2D<>R@2B.E;L@S.2U<>R@2F.E],4,0,6,R E2 2F2 E2 2F2 R'
rubiks-7,CtrPlus6p[3x2][B@2L.E>B@2R.E>R@2F.E;F@2L.E>F@M.2U>L@2F.E],,CtrPlus6p[3x2][B@2L.E>B@2R.E>R@2F.E;F@2L.E>F@M.2U>L@2F.E]#00,7000,0,7000,0,CtrPlus6p[3x2][B@2L.E>B@2R.E>R@2F.E;F@2L.E>F@M.2U>L@2F.E]#00,CtrPlus6p[3x2][B@2L.E>B@2R.E>R@2F.E;F@2L.E>F@M.2U>L@2F.E],CtrPlus6p[3x2][B@2L.E>B@2R.E>R@2F.E;F@2L.E>F@M.2U>L@2F.E],6,0,8,2L B 2U S 2U' B' S' 2L'
rubiks-7,CtrPlus6p[3x2][B@2L.E>B@M.2U>R@2F.E;F@2L.E>F@2R.E>L@2F.E],,CtrPlus6p[3x2][B@2L.E>B@M.2U>R@2F.E;F@2L.E>F@2R.E>L@2F.E]#00,7000,0,7000,0,CtrPlus6p[3x2][B@2L.E>B@M.2U>R@2F.E;F@2L.E>F@2R.E>L@2F.E]#00,CtrPlus6p[3x2][B@2L.E>B@M.2U>R@2F.E;F@2L.E>F@2R.E>L@2F.E],CtrPlus6p[3x2][B@2L.E>B@M.2U>R@2F.E;F@2L.E>F@2R.E>L@2F.E],6,0,8,2L F' 2U S 2U' F S' 2L'
rubiks-7,CtrPlus6p[3x2][B@2L.E>L@2F.E>B@M.2D;F@M.2D>F@M.2U>R@2F.E],,CtrPlus6p[3x2][B@2L.E>L@2F.E>B@M.2D;F@M.2D>F@M.2U>R@2F.E]#00,7000,0,7000,0,CtrPlus6p[3x2][B@2L.E>L@2F.E>B@M.2D;F@M.2D>F@M.2U>R@2F.E]#00,CtrPlus6p[3x2][B@2L.E>L@2F.E>B@M.2D;F@M.2D>F@M.2U>R@2F.E],CtrPlus6p[3x2][B@2L.E>L@2F.E>B@M.2D;F@M.2D>F@M.2U>R@2F.E],6,0,8,2D' B' 2U' S2 2U B S2 2D
rubiks-7,CtrPlus6p[3x2][B@2R.E>B@M.2D>R@2F.E;F@M.2D>L@2F.E>F@M.2U],,CtrPlus6p[3x2][B@2R.E>B@M.2D>R@2F.E;F@M.2D>L@2F.E>F@M.2U]#00,6900,0,6900,0,CtrPlus6p[3x2][B@2R.E>B@M.2D>R@2F.E;F@M.2D>L@2F.E>F@M.2U]#00,CtrPlus6p[3x2][B@2R.E>B@M.2D>R@2F.E;F@M.2D>L@2F.E>F@M.2U],CtrPlus6p[3x2][B@2R.E>B@M.2D>R@2F.E;F@M.2D>L@2F.E>F@M.2U],6,0,8,2D S2 B 2U S2 2U' B' 2D'
rubiks-7,CtrPlus6p[3x2][B@2R.E>D@2L.S>R@2B.E;F@2R.E>U@2L.S>L@2B.E],,CtrPlus6p[3x2][B@2R.E>D@2L.S>R@2B.E;F@2R.E>U@2L.S>L@2B.E]#00,9400,0,9400,0,CtrPlus6p[3x2][B@2R.E>D@2L.S>R@2B.E;F@2R.E>U@2L.S>L@2B.E]#00,CtrPlus6p[3x2][B@2R.E>D@2L.S>R@2B.E;F@2R.E>U@2L.S>L@2B.E],CtrPlus6p[3x2][B@2R.E>D@2L.S>R@2B.E;F@2R.E>U@2L.S>L@2B.E],6,0,5,S2 2R' S 2R S
rubiks-7,CtrPlus6p[3x2][B@2R.E>D@2R.S>L@2F.E;F@2R.E>U@2R.S>R@2F.E],,CtrPlus6p[3x2][B@2R.E>D@2R.S>L@2F.E;F@2R.E>U@2R.S>R@2F.E]#00,9400,0,9400,0,CtrPlus6p[3x2][B@2R.E>D@2R.S>L@2F.E;F@2R.E>U@2R.S>R@2F.E]#00,CtrPlus6p[3x2][B@2R.E>D@2R.S>L@2F.E;F@2R.E>U@2R.S>R@2F.E],CtrPlus6p[3x2][B@2R.E>D@2R.S>L@2F.E;F@2R.E>U@2R.S>R@2F.E],6,0,5,2R' S 2R' S' 2R2
rubiks-7,CtrPlus6p[3x2][B@2R.E>L@2B.E>U@2L.S;D@2L.S>F@2R.E>R@2B.E],,CtrPlus6p[3x2][B@2R.E>L@2B.E>U@2L.S;D@2L.S>F@2R.E>R@2B.E]#00,9400,0,9400,0,CtrPlus6p[3x2][B@2R.E>L@2B.E>U@2L.S;D@2L.S>F@2R.E>R@2B.E]#00,CtrPlus6p[3x2][B@2R.E>L@2B.E>U@2L.S;D@2L.S>F@2R.E>R@2B.E],CtrPlus6p[3x2][B@2R.E>L@2B.E>U@2L.S;D@2L.S>F@2R.E>R@2B.E],6,0,5,S' 2R S' 2R' S2
rubiks-7,CtrPlus6p[3x2][B@2R.E>L@2F.E>B@M.2U;F@2R.E>R@2F.E>F@M.2U],,CtrPlus6p[3x2][B@2R.E>L@2F.E>B@M.2U;F@2R.E>R@2F.E>F@M.2U]#00,7100,0,7100,0,CtrPlus6p[3x2][B@2R.E>L@2F.E>B@M.2U;F@2R.E>R@2F.E>F@M.2U]#00,CtrPlus6p[3x2][B@2R.E>L@2F.E>B@M.2U;F@2R.E>R@2F.E>F@M.2U],CtrPlus6p[3x2][B@2R.E>L@2F.E>B@M.2U;F@2R.E>R@2F.E>F@M.2U],6,0,6,2R' S' 2U' S 2U 2R
rubiks-7,CtrPlus6p[3x2][B@2R.E>L@2F.E>U@2R.S;D@2R.S>F@2R.E>R@2F.E],,CtrPlus6p[3x2][B@2R.E>L@2F.E>U@2R.S;D@2R.S>F@2R.E>R@2F.E]#00,9400,0,9400,0,CtrPlus6p[3x2][B@2R.E>L@2F.E>U@2R.S;D@2R.S>F@2R.E>R@2F.E]#00,CtrPlus6p[3x2][B@2R.E>L@2F.E>U@2R.S;D@2R.S>F@2R.E>R@2F.E],CtrPlus6p[3x2][B@2R.E>L@2F.E>U@2R.S;D@2R.S>F@2R.E>R@2F.E],6,0,4,S 2R' S' 2R
rubiks-7,CtrPlus6p[3x2][B@2R.E>L@S.2U>L@S.2D;F@2R.E>R@S.2U>R@S.2D],,CtrPlus6p[3x2][B@2R.E>L@S.2U>L@S.2D;F@2R.E>R@S.2U>R@S.2D]#00,6900,0,6900,0,CtrPlus6p[3x2][B@2R.E>L@S.2U>L@S.2D;F@2R.E>R@S.2U>R@S.2D]#00,CtrPlus6p[3x2][B@2R.E>L@S.2U>L@S.2D;F@2R.E>R@S.2U>R@S.2D],CtrPlus6p[3x2][B@2R.E>L@S.2U>L@S.2D;F@2R.E>R@S.2U>R@S.2D],6,0,7,2F E' 2F E' 2F' E2 2F'
rubiks-7,CtrPlus6p[3x2][B@2R.E>R@2B.E>D@2R.S;F@2R.E>L@2B.E>U@2R.S],,CtrPlus6p[3x2][B@2R.E>R@2B.E>D@2R.S;F@2R.E>L@2B.E>U@2R.S]#00,9400,0,9400,0,CtrPlus6p[3x2][B@2R.E>R@2B.E>D@2R.S;F@2R.E>L@2B.E>U@2R.S]#00,CtrPlus6p[3x2][B@2R.E>R@2B.E>D@2R.S;F@2R.E>L@2B.E>U@2R.S],CtrPlus6p[3x2][B@2R.E>R@2B.E>D@2R.S;F@2R.E>L@2B.E>U@2R.S],6,0,5,2R2 S' 2R S 2R
rubiks-7,CtrPlus6p[3x2][B@2R.E>R@2F.E>B@M.2D;F@M.2D>F@M.2U>L@2F.E],,CtrPlus6p[3x2][B@2R.E>R@2F.E>B@M.2D;F@M.2D>F@M.2U>L@2F.E]#00,7000,0,7000,0,CtrPlus6p[3x2][B@2R.E>R@2F.E>B@M.2D;F@M.2D>F@M.2U>L@2F.E]#00,CtrPlus6p[3x2][B@2R.E>R@2F.E>B@M.2D;F@M.2D>F@M.2U>L@2F.E],CtrPlus6p[3x2][B@2R.E>R@2F.E>B@M.2D;F@M.2D>F@M.2U>L@2F.E],6,0,8,2D B 2U S2 2U' B' S2 2D'
rubiks-7,CtrPlus6p[3x2][B@2R.E>U@2R.S>L@2F.E;D@2R.S>R@2F.E>F@2R.E],,CtrPlus6p[3x2][B@2R.E>U@2R.S>L@2F.E;D@2R.S>R@2F.E>F@2R.E]#00,9400,0,9400,0,CtrPlus6p[3x2][B@2R.E>U@2R.S>L@2F.E;D@2R.S>R@2F.E>F@2R.E]#00,CtrPlus6p[3x2][B@2R.E>U@2R.S>L@2F.E;D@2R.S>R@2F.E>F@2R.E],CtrPlus6p[3x2][B@2R.E>U@2R.S>L@2F.E;D@2R.S>R@2F.E>F@2R.E],6,0,4,2R' S 2R S'
rubiks-7,CtrPlus6p[3x2][B@M.2D>B@M.2U>L@2F.E;F@2L.E>R@2F.E>F@M.2D],,CtrPlus6p[3x2][B@M.2D>B@M.2U>L@2F.E;F@2L.E>R@2F.E>F@M.2D]#00,7000,0,7000,0,CtrPlus6p[3x2][B@M.2D>B@M.2U>L@2F.E;F@2L.E>R@2F.E>F@M.2D]#00,CtrPlus6p[3x2][B@M.2D>B@M.2U>L@2F.E;F@2L.E>R@2F.E>F@M.2D],CtrPlus6p[3x2][B@M.2D>B@M.2U>L@2F.E;F@2L.E>R@2F.E>F@M.2D],6,0,8,2D' F 2U' S2 2U F' S2 2D
rubiks-7,CtrPlus6p[3x2][B@M.2D>B@M.2U>R@2F.E;F@2R.E>L@2F.E>F@M.2D],,CtrPlus6p[3x2][B@M.2D>B@M.2U>R@2F.E;F@2R.E>L@2F.E>F@M.2D]#00,7000,0,7000,0,CtrPlus6p[3x2][B@M.2D>B@M.2U>R@2F.E;F@2R.E>L@2F.E>F@M.2D]#00,CtrPlus6p[3x2][B@M.2D>B@M.2U>R@2F.E;F@2R.E>L@2F.E>F@M.2D],CtrPlus6p[3x2][B@M.2D>B@M.2U>R@2F.E;F@2R.E>L@2F.E>F@M.2D],6,0,8,2D F' 2U S2 2U' F S2 2D'
rubiks-7,CtrPlus6p[3x2][B@M.2D>L@2F.E>L@2B.E;F@M.2U>R@2F.E>R@2B.E]~v01,,CtrPlus6p[3x2][B@M.2D>L@2F.E>L@2B.E;F@M.2U>R@2F.E>R@2B.E]~v01#00,6900,0,6900,0,CtrPlus6p[3x2][B@M.2D>L@2F.E>L@2B.E;F@M.2U>R@2F.E>R@2B.E]~v01#00,CtrPlus6p[3x2][B@M.2D>L@2F.E>L@2B.E;F@M.2U>R@2F.E>R@2B.E],CtrPlus6p[3x2][B@M.2D>L@2F.E>L@2B.E;F@M.2U>R@2F.E>R@2B.E]~v01,6,0,7,B2 2U S2 2U S2 2U2 B2
rubiks-7,CtrPlus6p[3x2][B@M.2D>L@2F.E>L@2B.E;F@M.2U>R@2F.E>R@2B.E]~v02,,CtrPlus6p[3x2][B@M.2D>L@2F.E>L@2B.E;F@M.2U>R@2F.E>R@2B.E]~v02#00,6900,0,6900,0,CtrPlus6p[3x2][B@M.2D>L@2F.E>L@2B.E;F@M.2U>R@2F.E>R@2B.E]~v02#00,CtrPlus6p[3x2][B@M.2D>L@2F.E>L@2B.E;F@M.2U>R@2F.E>R@2B.E],CtrPlus6p[3x2][B@M.2D>L@2F.E>L@2B.E;F@M.2U>R@2F.E>R@2B.E]~v02,6,0,8,B2 2U S2 2U' B2 2D2 S2 2D2
rubiks-7,CtrPlus6p[3x2][B@M.2D>R@2F.E>B@M.2U;F@2R.E>F@M.2D>L@2F.E],,CtrPlus6p[3x2][B@M.2D>R@2F.E>B@M.2U;F@2R.E>F@M.2D>L@2F.E]#00,6900,0,6900,0,CtrPlus6p[3x2][B@M.2D>R@2F.E>B@M.2U;F@2R.E>F@M.2D>L@2F.E]#00,CtrPlus6p[3x2][B@M.2D>R@2F.E>B@M.2U;F@2R.E>F@M.2D>L@2F.E],CtrPlus6p[3x2][B@M.2D>R@2F.E>B@M.2U;F@2R.E>F@M.2D>L@2F.E],6,0,8,2D S2 F' 2U S2 2U' F 2D'
rubiks-7,CtrPlus6p[3x2][B@M.2U>L@2F.E>L@2B.E;F@M.2D>R@2F.E>R@2B.E]~v01,,CtrPlus6p[3x2][B@M.2U>L@2F.E>L@2B.E;F@M.2D>R@2F.E>R@2B.E]~v01#00,6900,0,6900,0,CtrPlus6p[3x2][B@M.2U>L@2F.E>L@2B.E;F@M.2D>R@2F.E>R@2B.E]~v01#00,CtrPlus6p[3x2][B@M.2U>L@2F.E>L@2B.E;F@M.2D>R@2F.E>R@2B.E],CtrPlus6p[3x2][B@M.2U>L@2F.E>L@2B.E;F@M.2D>R@2F.E>R@2B.E]~v01,6,0,7,F2 2U S2 2U S2 2U2 F2
rubiks-7,CtrPlus6p[3x2][B@M.2U>L@2F.E>L@2B.E;F@M.2D>R@2F.E>R@2B.E]~v02,,CtrPlus6p[3x2][B@M.2U>L@2F.E>L@2B.E;F@M.2D>R@2F.E>R@2B.E]~v02#00,6900,0,6900,0,CtrPlus6p[3x2][B@M.2U>L@2F.E>L@2B.E;F@M.2D>R@2F.E>R@2B.E]~v02#00,CtrPlus6p[3x2][B@M.2U>L@2F.E>L@2B.E;F@M.2D>R@2F.E>R@2B.E],CtrPlus6p[3x2][B@M.2U>L@2F.E>L@2B.E;F@M.2D>R@2F.E>R@2B.E]~v02,6,0,8,F2 2U S2 2U' F2 2D2 S2 2D2
rubiks-7,CtrPlus6p[3x2][B@M.2U>L@2F.E>L@2B.E;F@M.2U>R@2F.E>R@2B.E],,CtrPlus6p[3x2][B@M.2U>L@2F.E>L@2B.E;F@M.2U>R@2F.E>R@2B.E]#00,6900,0,6900,0,CtrPlus6p[3x2][B@M.2U>L@2F.E>L@2B.E;F@M.2U>R@2F.E>R@2B.E]#00,CtrPlus6p[3x2][B@M.2U>L@2F.E>L@2B.E;F@M.2U>R@2F.E>R@2B.E],CtrPlus6p[3x2][B@M.2U>L@2F.E>L@2B.E;F@M.2U>R@2F.E>R@2B.E],6,0,5,2U S2 2U S2 2U2
rubiks-7,CtrPlus6p[3x2][B@M.2U>R@2B.E>L@2F.E;F@M.2U>L@2B.E>R@2F.E],,CtrPlus6p[3x2][B@M.2U>R@2B.E>L@2F.E;F@M.2U>L@2B.E>R@2F.E]#00,10800,0,10800,0,CtrPlus6p[3x2][B@M.2U>R@2B.E>L@2F.E;F@M.2U>L@2B.E>R@2F.E]#00,CtrPlus6p[3x2][B@M.2U>R@2B.E>L@2F.E;F@M.2U>L@2B.E>R@2F.E],CtrPlus6p[3x2][B@M.2U>R@2B.E>L@2F.E;F@M.2U>L@2B.E>R@2F.E],6,0,4,S2 2U' S2 2U
rubiks-7,CtrPlus6p[3x2][B@M.2U>R@2B.E>R@2F.E;F@M.2U>L@2B.E>L@2F.E],,CtrPlus6p[3x2][B@M.2U>R@2B.E>R@2F.E;F@M.2U>L@2B.E>L@2F.E]#00,6900,0,6900,0,CtrPlus6p[3x2][B@M.2U>R@2B.E>R@2F.E;F@M.2U>L@2B.E>L@2F.E]#00,CtrPlus6p[3x2][B@M.2U>R@2B.E>R@2F.E;F@M.2U>L@2B.E>L@2F.E],CtrPlus6p[3x2][B@M.2U>R@2B.E>R@2F.E;F@M.2U>L@2B.E>L@2F.E],6,0,5,2U2 S2 2U S2 2U
rubiks-7,CtrPlus6p[3x2][B@M.2U>R@2F.E>L@2B.E;F@M.2U>L@2F.E>R@2B.E],,CtrPlus6p[3x2][B@M.2U>R@2F.E>L@2B.E;F@M.2U>L@2F.E>R@2B.E]#00,10800,0,10800,0,CtrPlus6p[3x2][B@M.2U>R@2F.E>L@2B.E;F@M.2U>L@2F.E>R@2B.E]#00,CtrPlus6p[3x2][B@M.2U>R@2F.E>L@2B.E;F@M.2U>L@2F.E>R@2B.E],CtrPlus6p[3x2][B@M.2U>R@2F.E>L@2B.E;F@M.2U>L@2F.E>R@2B.E],6,0,4,2U S2 2U' S2
rubiks-7,CtrPlus8s~v01,,CtrPlus8s~v01#00,6900,0,6900,0,CtrPlus8s~v01#00,CtrPlus8s,CtrPlus8s~v01,8,0,7,E' 2L' E2 2F' E' 2F 2L
rubiks-7,CtrPlus8s~v02,,CtrPlus8s~v02#00,7700,0,7700,0,CtrPlus8s~v02#00,CtrPlus8s,CtrPlus8s~v02,8,0,9,2D2 M2 2D R' 2U M2 2U' R 2D
rubiks-7,CtrPlus8s~v03,,CtrPlus8s~v03#00,7700,0,7700,0,CtrPlus8s~v03#00,CtrPlus8s,CtrPlus8s~v03,8,0,9,2U2 M2 2U' R' 2D' M2 2D R 2U'
rubiks-7,CtrX10p[5x2]~v01,,CtrX10p[5x2]~v01#00,9400,0,9400,0,CtrX10p[5x2]~v01#00,CtrX10p[5x2],CtrX10p[5x2]~v01,10,0,10,2F' 2D2 2F' 2D2 2L 2F 2L' 2U' 2F 2U
rubiks-7,CtrX10p[5x2]~v02,,CtrX10p[5x2]~v02#00,14000,0,14000,0,CtrX10p[5x2]~v02#00,CtrX10p[5x2],CtrX10p[5x2]~v02,10,0,9,2U2 2R2 2U' 2R2 2U' 2R2 2U' 2R2 2U
rubiks-7,CtrX3[B@2R.2U>R@2B.2U>L@2F.2U],,CtrX3[B@2R.2U>R@2B.2U>L@2F.2U]#00,5400,0,5400,0,CtrX3[B@2R.2U>R@2B.2U>L@2F.2U]#00,CtrX3[B@2R.2U>R@2B.2U>L@2F.2U],CtrX3[B@2R.2U>R@2B.2U>L@2F.2U],3,0,8,2D B2 2D' 2B2 2D B2 2D' 2B2
rubiks-7,CtrX3[B@2R.2U>R@2F.2U>L@2B.2U],,CtrX3[B@2R.2U>R@2F.2U>L@2B.2U]#00,5400,0,5400,0,CtrX3[B@2R.2U>R@2F.2U>L@2B.2U]#00,CtrX3[B@2R.2U>R@2F.2U>L@2B.2U],CtrX3[B@2R.2U>R@2F.2U>L@2B.2U],3,0,8,2B2 2D' B' 2D 2B2 2D' B 2D
rubiks-7,CtrX3[B@2R.2U>R@2F.2U>L@2F.2U],,CtrX3[B@2R.2U>R@2F.2U>L@2F.2U]#00,5400,0,5400,0,CtrX3[B@2R.2U>R@2F.2U>L@2F.2U]#00,CtrX3[B@2R.2U>R@2F.2U>L@2F.2U],CtrX3[B@2R.2U>R@2F.2U>L@2F.2U],3,0,11,2R2 L 2U2 L 2D' L' 2U2 L 2D 2R2 L2
rubiks-7,CtrX3[F@2L.2D>F@2R.2U>R@2B.2D],,CtrX3[F@2L.2D>F@2R.2U>R@2B.2D]#00,3600,0,3600,0,CtrX3[F@2L.2D>F@2R.2U>R@2B.2D]#00,CtrX3[F@2L.2D>F@2R.2U>R@2B.2D],CtrX3[F@2L.2D>F@2R.2U>R@2B.2D],3,0,8,F2 2U 2F2 2U' F2 2U 2F2 2U'
rubiks-7,CtrX3[F@2L.2D>F@2R.2U>R@2B.2U]~v01,,CtrX3[F@2L.2D>F@2R.2U>R@2B.2U]~v01#00,3700,0,3700,0,CtrX3[F@2L.2D>F@2R.2U>R@2B.2U]~v01#00,CtrX3[F@2L.2D>F@2R.2U>R@2B.2U],CtrX3[F@2L.2D>F@2R.2U>R@2B.2U]~v01,3,0,8,2L 2B' 2L' F2 2L 2B 2L' F2
rubiks-7,CtrX3[F@2L.2D>F@2R.2U>R@2B.2U]~v02,,CtrX3[F@2L.2D>F@2R.2U>R@2B.2U]~v02#00,3700,0,3700,0,CtrX3[F@2L.2D>F@2R.2U>R@2B.2U]~v02#00,CtrX3[F@2L.2D>F@2R.2U>R@2B.2U],CtrX3[F@2L.2D>F@2R.2U>R@2B.2U]~v02,3,0,8,F2 2R 2B 2R' F2 2R 2B' 2R'
rubiks-7,CtrX3[F@2L.2D>F@2R.2U>R@2F.2D],,CtrX3[F@2L.2D>F@2R.2U>R@2F.2D]#00,3600,0,3600,0,CtrX3[F@2L.2D>F@2R.2U>R@2F.2D]#00,CtrX3[F@2L.2D>F@2R.2U>R@2F.2D],CtrX3[F@2L.2D>F@2R.2U>R@2F.2D],3,0,8,F2 2R' 2F 2R F2 2R' 2F' 2R
rubiks-7,CtrX3[F@2L.2D>F@2R.2U>R@2F.2U],,CtrX3[F@2L.2D>F@2R.2U>R@2F.2U]#00,3700,0,3700,0,CtrX3[F@2L.2D>F@2R.2U>R@2F.2U]#00,CtrX3[F@2L.2D>F@2R.2U>R@2F.2U],CtrX3[F@2L.2D>F@2R.2U>R@2F.2U],3,0,8,2D' 2B2 2D F2 2D' 2B2 2D F2
rubiks-7,CtrX3[F@2L.2D>U@2L.2B>R@2B.2U],,CtrX3[F@2L.2D>U@2L.2B>R@2B.2U]#00,4900,0,4900,0,CtrX3[F@2L.2D>U@2L.2B>R@2B.2U]#00,CtrX3[F@2L.2D>U@2L.2B>R@2B.2U],CtrX3[F@2L.2D>U@2L.2B>R@2B.2U],3,0,10,F 2U' R2 2U 2L 2U' R2 2U 2L' F'
rubiks-7,CtrX3[F@2L.2U>L@2F.2U>R@2B.2U],,CtrX3[F@2L.2U>L@2F.2U>R@2B.2U]#00,5600,0,5600,0,CtrX3[F@2L.2U>L@2F.2U>R@2B.2U]#00,CtrX3[F@2L.2U>L@2F.2U>R@2B.2U],CtrX3[F@2L.2U>L@2F.2U>R@2B.2U],3,0,8,2B2 2D' F2 2D 2B2 2D' F2 2D
rubiks-7,CtrX3[F@2L.2U>R@2B.2U>F@2R.2D],,CtrX3[F@2L.2U>R@2B.2U>F@2R.2D]#00,3700,0,3700,0,CtrX3[F@2L.2U>R@2B.2U>F@2R.2D]#00,CtrX3[F@2L.2U>R@2B.2U>F@2R.2D],CtrX3[F@2L.2U>R@2B.2U>F@2R.2D],3,0,8,F2 2U 2B2 2U' F2 2U 2B2 2U'
rubiks-7,CtrX3[F@2L.2U>R@2B.2U>U@2L.2B],,CtrX3[F@2L.2U>R@2B.2U>U@2L.2B]#00,5000,0,5000,0,CtrX3[F@2L.2U>R@2B.2U>U@2L.2B]#00,CtrX3[F@2L.2U>R@2B.2U>U@2L.2B],CtrX3[F@2L.2U>R@2B.2U>U@2L.2B],3,0,8,2L 2U' R2 2U 2L' 2U' R2 2U
rubiks-7,CtrX3[F@2L.2U>R@2B.2U>U@2R.2B],,CtrX3[F@2L.2U>R@2B.2U>U@2R.2B]#00,5000,0,5000,0,CtrX3[F@2L.2U>R@2B.2U>U@2R.2B]#00,CtrX3[F@2L.2U>R@2B.2U>U@2R.2B],CtrX3[F@2L.2U>R@2B.2U>U@2R.2B],3,0,8,2D' F2 2D 2B' 2D' F2 2D 2B
rubiks-7,CtrX3[F@2L.2U>R@2F.2D>L@2B.2D],,CtrX3[F@2L.2U>R@2F.2D>L@2B.2D]#00,5400,0,5400,0,CtrX3[F@2L.2U>R@2F.2D>L@2B.2D]#00,CtrX3[F@2L.2U>R@2F.2D>L@2B.2D],CtrX3[F@2L.2U>R@2F.2D>L@2B.2D],3,0,8,2F2 2D F2 2D' 2F2 2D F2 2D'
rubiks-7,CtrX3[F@2L.2U>R@2F.2U>F@2R.2D],,CtrX3[F@2L.2U>R@2F.2U>F@2R.2D]#00,3700,0,3700,0,CtrX3[F@2L.2U>R@2F.2U>F@2R.2D]#00,CtrX3[F@2L.2U>R@2F.2U>F@2R.2D],CtrX3[F@2L.2U>R@2F.2U>F@2R.2D],3,0,8,F2 2L' 2B 2L F2 2L' 2B' 2L
rubiks-7,CtrX3[F@2L.2U>U@2L.2B>R@2B.2U],,CtrX3[F@2L.2U>U@2L.2B>R@2B.2U]#00,5000,0,5000,0,CtrX3[F@2L.2U>U@2L.2B>R@2B.2U]#00,CtrX3[F@2L.2U>U@2L.2B>R@2B.2U],CtrX3[F@2L.2U>U@2L.2B>R@2B.2U],3,0,8,2U' R2 2U 2L 2U' R2 2U 2L'
rubiks-7,CtrX3[F@2L.2U>U@2L.2B>R@2F.2U],,CtrX3[F@2L.2U>U@2L.2B>R@2F.2U]#00,5000,0,5000,0,CtrX3[F@2L.2U>U@2L.2B>R@2F.2U]#00,CtrX3[F@2L.2U>U@2L.2B>R@2F.2U],CtrX3[F@2L.2U>U@2L.2B>R@2F.2U],3,0,8,2L' D 2B D' 2L D 2B' D'
rubiks-7,CtrX3[F@2L.2U>U@2L.2F>R@2B.2U],,CtrX3[F@2L.2U>U@2L.2F>R@2B.2U]#00,5000,0,5000,0,CtrX3[F@2L.2U>U@2L.2F>R@2B.2U]#00,CtrX3[F@2L.2U>U@2L.2F>R@2B.2U],CtrX3[F@2L.2U>U@2L.2F>R@2B.2U],3,0,10,R2 2F L 2U' L' 2F' L 2U L' R2
rubiks-7,CtrX3[F@2L.2U>U@2L.2F>R@2F.2U],,CtrX3[F@2L.2U>U@2L.2F>R@2F.2U]#00,5000,0,5000,0,CtrX3[F@2L.2U>U@2L.2F>R@2F.2U]#00,CtrX3[F@2L.2U>U@2L.2F>R@2F.2U],CtrX3[F@2L.2U>U@2L.2F>R@2F.2U],3,0,10,F 2U 2R U2 2R' 2U' 2R U2 2R' F'
rubiks-7,CtrX3[F@2L.2U>U@2R.2B>R@2B.2D],,CtrX3[F@2L.2U>U@2R.2B>R@2B.2D]#00,4900,0,4900,0,CtrX3[F@2L.2U>U@2R.2B>R@2B.2D]#00,CtrX3[F@2L.2U>U@2R.2B>R@2B.2D],CtrX3[F@2L.2U>U@2R.2B>R@2B.2D],3,0,10,F' 2D' 2L' U2 2L 2D 2L' U2 2L F
rubiks-7,CtrX3[F@2L.2U>U@2R.2B>R@2B.2U],,CtrX3[F@2L.2U>U@2R.2B>R@2B.2U]#00,5000,0,5000,0,CtrX3[F@2L.2U>U@2R.2B>R@2B.2U]#00,CtrX3[F@2L.2U>U@2R.2B>R@2B.2U],CtrX3[F@2L.2U>U@2R.2B>R@2B.2U],3,0,8,2B' 2D' F2 2D 2B 2D' F2 2D
rubiks-7,CtrX3[F@2L.2U>U@2R.2B>R@2F.2U],,CtrX3[F@2L.2U>U@2R.2B>R@2F.2U]#00,5000,0,5000,0,CtrX3[F@2L.2U>U@2R.2B>R@2F.2U]#00,CtrX3[F@2L.2U>U@2R.2B>R@2F.2U],CtrX3[F@2L.2U>U@2R.2B>R@2F.2U],3,0,10,R 2B' 2D' F2 2D 2B 2D' F2 2D R'
rubiks-7,CtrX3[F@2L.2U>U@2R.2F>R@2B.2U],,CtrX3[F@2L.2U>U@2R.2F>R@2B.2U]#00,5000,0,5000,0,CtrX3[F@2L.2U>U@2R.2F>R@2B.2U]#00,CtrX3[F@2L.2U>U@2R.2F>R@2B.2U],CtrX3[F@2L.2U>U@2R.2F>R@2B.2U],3,0,10,F2 2D' B' 2R' B 2D B' 2R B F2
rubiks-7,CtrX3[F@2L.2U>U@2R.2F>R@2F.2U],,CtrX3[F@2L.2U>U@2R.2F>R@2F.2U]#00,5000,0,5000,0,CtrX3[F@2L.2U>U@2R.2F>R@2F.2U]#00,CtrX3[F@2L.2U>U@2R.2F>R@2F.2U],CtrX3[F@2L.2U>U@2R.2F>R@2F.2U],3,0,10,U2 2L' D 2B D' 2L D 2B' D' U2
rubiks-7,CtrX3[F@2R.2D>F@2R.2U>R@2B.2U],,CtrX3[F@2R.2D>F@2R.2U>R@2B.2U]#00,3700,0,3700,0,CtrX3[F@2R.2D>F@2R.2U>R@2B.2U]#00,CtrX3[F@2R.2D>F@2R.2U>R@2B.2U],CtrX3[F@2R.2D>F@2R.2U>R@2B.2U],3,0,8,R' 2U' R 2D R' 2U R 2D'
rubiks-7,CtrX3[F@2R.2D>F@2R.2U>R@2F.2U],,CtrX3[F@2R.2D>F@2R.2U>R@2F.2U]#00,3700,0,3700,0,CtrX3[F@2R.2D>F@2R.2U>R@2F.2U]#00,CtrX3[F@2R.2D>F@2R.2U>R@2F.2U],CtrX3[F@2R.2D>F@2R.2U>R@2F.2U],3,0,8,2U' R 2D R' 2U R 2D' R'
rubiks-7,CtrX3[F@2R.2D>U@2L.2F>R@2F.2U],,CtrX3[F@2R.2D>U@2L.2F>R@2F.2U]#00,4900,0,4900,0,CtrX3[F@2R.2D>U@2L.2F>R@2F.2U]#00,CtrX3[F@2R.2D>U@2L.2F>R@2F.2U],CtrX3[F@2R.2D>U@2L.2F>R@2F.2U],3,0,10,F' 2U 2R U2 2R' 2U' 2R U2 2R' F
rubiks-7,CtrX3[F@2R.2U>L@2B.2D>R@2B.2U],,CtrX3[F@2R.2U>L@2B.2D>R@2B.2U]#00,5500,0,5500,0,CtrX3[F@2R.2U>L@2B.2D>R@2B.2U]#00,CtrX3[F@2R.2U>L@2B.2D>R@2B.2U],CtrX3[F@2R.2U>L@2B.2D>R@2B.2U],3,0,8,2D2 R' 2U' R 2D2 R' 2U R
rubiks-7,CtrX3[F@2R.2U>L@2B.2D>R@2F.2D],,CtrX3[F@2R.2U>L@2B.2D>R@2F.2D]#00,5400,0,5400,0,CtrX3[F@2R.2U>L@2B.2D>R@2F.2D]#00,CtrX3[F@2R.2U>L@2B.2D>R@2F.2D],CtrX3[F@2R.2U>L@2B.2D>R@2F.2D],3,0,8,2D F 2D' 2F2 2D F' 2D' 2F2
rubiks-7,CtrX3[F@2R.2U>L@2B.2D>R@2F.2U],,CtrX3[F@2R.2U>L@2B.2D>R@2F.2U]#00,5500,0,5500,0,CtrX3[F@2R.2U>L@2B.2D>R@2F.2U]#00,CtrX3[F@2R.2U>L@2B.2D>R@2F.2U],CtrX3[F@2R.2U>L@2B.2D>R@2F.2U],3,0,8,2U F 2D F' 2U' F 2D' F'
rubiks-7,CtrX3[F@2R.2U>L@2B.2U>R@2B.2D],,CtrX3[F@2R.2U>L@2B.2U>R@2B.2D]#00,5500,0,5500,0,CtrX3[F@2R.2U>L@2B.2U>R@2B.2D]#00,CtrX3[F@2R.2U>L@2B.2U>R@2B.2D],CtrX3[F@2R.2U>L@2B.2U>R@2B.2D],3,0,10,2F2 2D' 2R2 2D L2 2D' 2R2 2D L2 2F2
rubiks-7,CtrX3[F@2R.2U>L@2B.2U>R@2F.2D],,CtrX3[F@2R.2U>L@2B.2U>R@2F.2D]#00,5500,0,5500,0,CtrX3[F@2R.2U>L@2B.2U>R@2F.2D]#00,CtrX3[F@2R.2U>L@2B.2U>R@2F.2D],CtrX3[F@2R.2U>L@2B.2U>R@2F.2D],3,0,10,2R2 2D R 2B2 R' 2D' R 2B2 2R2 R'
rubiks-7,CtrX3[F@2R.2U>L@2B.2U>R@2F.2U],,CtrX3[F@2R.2U>L@2B.2U>R@2F.2U]#00,5600,0,5600,0,CtrX3[F@2R.2U>L@2B.2U>R@2F.2U]#00,CtrX3[F@2R.2U>L@2B.2U>R@2F.2U],CtrX3[F@2R.2U>L@2B.2U>R@2F.2U],3,0,8,2D F2 2D' 2B2 2D F2 2D' 2B2
rubiks-7,CtrX3[F@2R.2U>L@2F.2D>R@2B.2U],,CtrX3[F@2R.2U>L@2F.2D>R@2B.2U]#00,5500,0,5500,0,CtrX3[F@2R.2U>L@2F.2D>R@2B.2U]#00,CtrX3[F@2R.2U>L@2F.2D>R@2B.2U],CtrX3[F@2R.2U>L@2F.2D>R@2B.2U],3,0,8,2U R 2F2 R' 2U' R 2F2 R'
rubiks-7,CtrX3[F@2R.2U>L@2F.2D>R@2F.2D],,CtrX3[F@2R.2U>L@2F.2D>R@2F.2D]#00,5400,0,5400,0,CtrX3[F@2R.2U>L@2F.2D>R@2F.2D]#00,CtrX3[F@2R.2U>L@2F.2D>R@2F.2D],CtrX3[F@2R.2U>L@2F.2D>R@2F.2D],3,0,11,L2 2R2 2D L 2U2 L' 2D' L 2U2 L 2R2
rubiks-7,CtrX3[F@2R.2U>L@2F.2D>R@2F.2U],,CtrX3[F@2R.2U>L@2F.2D>R@2F.2U]#00,5500,0,5500,0,CtrX3[F@2R.2U>L@2F.2D>R@2F.2U]#00,CtrX3[F@2R.2U>L@2F.2D>R@2F.2U],CtrX3[F@2R.2U>L@2F.2D>R@2F.2U],3,0,10,2F2 2D 2R2 2D' R2 2D 2R2 2D' R2 2F2
rubiks-7,CtrX3[F@2R.2U>L@2F.2U>R@2B.2D],,CtrX3[F@2R.2U>L@2F.2U>R@2B.2D]#00,5500,0,5500,0,CtrX3[F@2R.2U>L@2F.2U>R@2B.2D]#00,CtrX3[F@2R.2U>L@2F.2U>R@2B.2D],CtrX3[F@2R.2U>L@2F.2U>R@2B.2D],3,0,10,2R2 2D B 2U B' 2D' B 2U' B' 2R2
rubiks-7,CtrX3[F@2R.2U>L@2F.2U>R@2B.2U],,CtrX3[F@2R.2U>L@2F.2U>R@2B.2U]#00,5600,0,5600,0,CtrX3[F@2R.2U>L@2F.2U>R@2B.2U]#00,CtrX3[F@2R.2U>L@2F.2U>R@2B.2U],CtrX3[F@2R.2U>L@2F.2U>R@2B.2U],3,0,8,2B2 2D' F 2D 2B2 2D' F' 2D
rubiks-7,CtrX3[F@2R.2U>L@2F.2U>R@2F.2D],,CtrX3[F@2R.2U>L@2F.2U>R@2F.2D]#00,5500,0,5500,0,CtrX3[F@2R.2U>L@2F.2U>R@2F.2D]#00,CtrX3[F@2R.2U>L@2F.2U>R@2F.2D],CtrX3[F@2R.2U>L@2F.2U>R@2F.2D],3,0,10,2R2 2U2 R' 2D' R 2U2 R' 2D 2R2 R
rubiks-7,CtrX3[F@2R.2U>L@2F.2U>R@2F.2U],,CtrX3[F@2R.2U>L@2F.2U>R@2F.2U]#00,5600,0,5600,0,CtrX3[F@2R.2U>L@2F.2U>R@2F.2U]#00,CtrX3[F@2R.2U>L@2F.2U>R@2F.2U],CtrX3[F@2R.2U>L@2F.2U>R@2F.2U],3,0,11,2R2 R' 2U2 R' 2D' R 2U2 R' 2D 2R2 R2
rubiks-7,CtrX3[F@2R.2U>R@2B.2D>L@2B.2U],,CtrX3[F@2R.2U>R@2B.2D>L@2B.2U]#00,5500,0,5500,0,CtrX3[F@2R.2U>R@2B.2D>L@2B.2U]#00,CtrX3[F@2R.2U>R@2B.2D>L@2B.2U],CtrX3[F@2R.2U>R@2B.2D>L@2B.2U],3,0,10,2B2 2D 2R2 2D' R2 2D 2R2 2D' R2 2B2
rubiks-7,CtrX3[F@2R.2U>R@2B.2D>L@2F.2U],,CtrX3[F@2R.2U>R@2B.2D>L@2F.2U]#00,5500,0,5500,0,CtrX3[F@2R.2U>R@2B.2D>L@2F.2U]#00,CtrX3[F@2R.2U>R@2B.2D>L@2F.2U],CtrX3[F@2R.2U>R@2B.2D>L@2F.2U],3,0,10,2R2 2D' L 2F2 L' 2D L 2F2 2R2 L'
rubiks-7,CtrX3[F@2R.2U>R@2B.2D>R@2F.2U],,CtrX3[F@2R.2U>R@2B.2D>R@2F.2U]#00,3700,0,3700,0,CtrX3[F@2R.2U>R@2B.2D>R@2F.2U]#00,CtrX3[F@2R.2U>R@2B.2D>R@2F.2U],CtrX3[F@2R.2U>R@2B.2D>R@2F.2U],3,0,8,2D 2R2 2D' R2 2D 2R2 2D' R2
rubiks-7,CtrX3[F@2R.2U>R@2B.2U>L@2B.2D],,CtrX3[F@2R.2U>R@2B.2U>L@2B.2D]#00,5500,0,5500,0,CtrX3[F@2R.2U>R@2B.2U>L@2B.2D]#00,CtrX3[F@2R.2U>R@2B.2U>L@2B.2D],CtrX3[F@2R.2U>R@2B.2U>L@2B.2D],3,0,8,2D2 L' 2U L 2D2 L' 2U' L
rubiks-7,CtrX3[F@2R.2U>R@2B.2U>L@2F.2D],,CtrX3[F@2R.2U>R@2B.2U>L@2F.2D]#00,5500,0,5500,0,CtrX3[F@2R.2U>R@2B.2U>L@2F.2D]#00,CtrX3[F@2R.2U>R@2B.2U>L@2F.2D],CtrX3[F@2R.2U>R@2B.2U>L@2F.2D],3,0,8,2U' F 2D' F' 2U F 2D F'
rubiks-7,CtrX3[F@2R.2U>R@2B.2U>L@2F.2U],,CtrX3[F@2R.2U>R@2B.2U>L@2F.2U]#00,5600,0,5600,0,CtrX3[F@2R.2U>R@2B.2U>L@2F.2U]#00,CtrX3[F@2R.2U>R@2B.2U>L@2F.2U],CtrX3[F@2R.2U>R@2B.2U>L@2F.2U],3,0,8,2D' F 2D 2B2 2D' F' 2D 2B2
rubiks-7,CtrX3[F@2R.2U>R@2B.2U>R@2F.2U],,CtrX3[F@2R.2U>R@2B.2U>R@2F.2U]#00,3700,0,3700,0,CtrX3[F@2R.2U>R@2B.2U>R@2F.2U]#00,CtrX3[F@2R.2U>R@2B.2U>R@2F.2U],CtrX3[F@2R.2U>R@2B.2U>R@2F.2U],3,0,8,2U F 2D' F' 2U' F 2D F'
rubiks-7,CtrX3[F@2R.2U>R@2F.2D>L@2B.2U],,CtrX3[F@2R.2U>R@2F.2D>L@2B.2U]#00,5500,0,5500,0,CtrX3[F@2R.2U>R@2F.2D>L@2B.2U]#00,CtrX3[F@2R.2U>R@2F.2D>L@2B.2U],CtrX3[F@2R.2U>R@2F.2D>L@2B.2U],3,0,10,2R2 2D' B 2U' B' 2D B 2U B' 2R2
rubiks-7,CtrX3[F@2R.2U>R@2F.2D>L@2F.2U],,CtrX3[F@2R.2U>R@2F.2D>L@2F.2U]#00,5500,0,5500,0,CtrX3[F@2R.2U>R@2F.2D>L@2F.2U]#00,CtrX3[F@2R.2U>R@2F.2D>L@2F.2U],CtrX3[F@2R.2U>R@2F.2D>L@2F.2U],3,0,10,2R2 2U2 L' 2D L 2U2 L' 2D' 2R2 L
rubiks-7,CtrX3[F@2R.2U>R@2F.2D>R@2B.2U]~v01,,CtrX3[F@2R.2U>R@2F.2D>R@2B.2U]~v01#00,3700,0,3700,0,CtrX3[F@2R.2U>R@2F.2D>R@2B.2U]~v01#00,CtrX3[F@2R.2U>R@2F.2D>R@2B.2U],CtrX3[F@2R.2U>R@2F.2D>R@2B.2U]~v01,3,0,8,2F 2R' 2F' R2 2F 2R 2F' R2
rubiks-7,CtrX3[F@2R.2U>R@2F.2D>R@2B.2U]~v02,,CtrX3[F@2R.2U>R@2F.2D>R@2B.2U]~v02#00,3700,0,3700,0,CtrX3[F@2R.2U>R@2F.2D>R@2B.2U]~v02#00,CtrX3[F@2R.2U>R@2F.2D>R@2B.2U],CtrX3[F@2R.2U>R@2F.2D>R@2B.2U]~v02,3,0,8,R2 2B 2R 2B' R2 2B 2R' 2B'
rubiks-7,CtrX3[F@2R.2U>R@2F.2U>L@2B.2D],,CtrX3[F@2R.2U>R@2F.2U>L@2B.2D]#00,5500,0,5500,0,CtrX3[F@2R.2U>R@2F.2U>L@2B.2D]#00,CtrX3[F@2R.2U>R@2F.2U>L@2B.2D],CtrX3[F@2R.2U>R@2F.2U>L@2B.2D],3,0,8,2U' L 2B2 L' 2U L 2B2 L'
rubiks-7,CtrX3[F@2R.2U>R@2F.2U>L@2F.2D],,CtrX3[F@2R.2U>R@2F.2U>L@2F.2D]#00,5500,0,5500,0,CtrX3[F@2R.2U>R@2F.2U>L@2F.2D]#00,CtrX3[F@2R.2U>R@2F.2U>L@2F.2D],CtrX3[F@2R.2U>R@2F.2U>L@2F.2D],3,0,10,2B2 2D' 2R2 2D L2 2D' 2R2 2D L2 2B2
rubiks-7,CtrX3[F@2R.2U>R@2F.2U>L@2F.2U],,CtrX3[F@2R.2U>R@2F.2U>L@2F.2U]#00,5600,0,5600,0,CtrX3[F@2R.2U>R@2F.2U>L@2F.2U]#00,CtrX3[F@2R.2U>R@2F.2U>L@2F.2U],CtrX3[F@2R.2U>R@2F.2U>L@2F.2U],3,0,11,R2 2R2 2D' R 2U2 R' 2D R 2U2 R 2R2
rubiks-7,CtrX3[F@2R.2U>R@2F.2U>R@2B.2U],,CtrX3[F@2R.2U>R@2F.2U>R@2B.2U]#00,3700,0,3700,0,CtrX3[F@2R.2U>R@2F.2U>R@2B.2U]#00,CtrX3[F@2R.2U>R@2F.2U>R@2B.2U],CtrX3[F@2R.2U>R@2F.2U>R@2B.2U],3,0,8,F 2D' F' 2U F 2D F' 2U'
rubiks-7,CtrX3[F@2R.2U>R@2F.2U>U@2L.2F],,CtrX3[F@2R.2U>R@2F.2U>U@2L.2F]#00,5000,0,5000,0,CtrX3[F@2R.2U>R@2F.2U>U@2L.2F]#00,CtrX3[F@2R.2U>R@2F.2U>U@2L.2F],CtrX3[F@2R.2U>R@2F.2U>U@2L.2F],3,0,8,2R U2 2R' 2U 2R U2 2R' 2U'
rubiks-7,CtrX3[F@2R.2U>R@2F.2U>U@2R.2F],,CtrX3[F@2R.2U>R@2F.2U>U@2R.2F]#00,5000,0,5000,0,CtrX3[F@2R.2U>R@2F.2U>U@2R.2F]#00,CtrX3[F@2R.2U>R@2F.2U>U@2R.2F],CtrX3[F@2R.2U>R@2F.2U>U@2R.2F],3,0,8,2U' 2B U2 2B' 2U 2B U2 2B'
rubiks-7,CtrX3[F@2R.2U>U@2L.2B>R@2B.2U],,CtrX3[F@2R.2U>U@2L.2B>R@2B.2U]#00,5000,0,5000,0,CtrX3[F@2R.2U>U@2L.2B>R@2B.2U]#00,CtrX3[F@2R.2U>U@2L.2B>R@2B.2U],CtrX3[F@2R.2U>U@2L.2B>R@2B.2U],3,0,10,F' 2U' R2 2U 2L 2U' R2 2U 2L' F
rubiks-7,CtrX3[F@2R.2U>U@2L.2B>R@2F.2U],,CtrX3[F@2R.2U>U@2L.2B>R@2F.2U]#00,5000,0,5000,0,CtrX3[F@2R.2U>U@2L.2B>R@2F.2U]#00,CtrX3[F@2R.2U>U@2L.2B>R@2F.2U],CtrX3[F@2R.2U>U@2L.2B>R@2F.2U],3,0,8,2B' L' 2U' L 2B L' 2U L
rubiks-7,CtrX3[F@2R.2U>U@2L.2F>R@2B.2U],,CtrX3[F@2R.2U>U@2L.2F>R@2B.2U]#00,5000,0,5000,0,CtrX3[F@2R.2U>U@2L.2F>R@2B.2U]#00,CtrX3[F@2R.2U>U@2L.2F>R@2B.2U],CtrX3[F@2R.2U>U@2L.2F>R@2B.2U],3,0,10,U2 2R D' 2B D 2R' D' 2B' D U2
rubiks-7,CtrX3[F@2R.2U>U@2L.2F>R@2F.2U],,CtrX3[F@2R.2U>U@2L.2F>R@2F.2U]#00,5000,0,5000,0,CtrX3[F@2R.2U>U@2L.2F>R@2F.2U]#00,CtrX3[F@2R.2U>U@2L.2F>R@2F.2U],CtrX3[F@2R.2U>U@2L.2F>R@2F.2U],3,0,8,2U 2R U2 2R' 2U' 2R U2 2R'
rubiks-7,CtrX3[F@2R.2U>U@2R.2B>R@2B.2U],,CtrX3[F@2R.2U>U@2R.2B>R@2B.2U]#00,5000,0,5000,0,CtrX3[F@2R.2U>U@2R.2B>R@2B.2U]#00,CtrX3[F@2R.2U>U@2R.2B>R@2B.2U],CtrX3[F@2R.2U>U@2R.2B>R@2B.2U],3,0,8,2R D' 2B D 2R' D' 2B' D
rubiks-7,CtrX3[F@2R.2U>U@2R.2B>R@2F.2U],,CtrX3[F@2R.2U>U@2R.2B>R@2F.2U]#00,5000,0,5000,0,CtrX3[F@2R.2U>U@2R.2B>R@2F.2U]#00,CtrX3[F@2R.2U>U@2R.2B>R@2F.2U],CtrX3[F@2R.2U>U@2R.2B>R@2F.2U],3,0,8,2U B 2R' B' 2U' B 2R B'
rubiks-7,CtrX3[F@2R.2U>U@2R.2F>R@2B.2U],,CtrX3[F@2R.2U>U@2R.2F>R@2B.2U]#00,5000,0,5000,0,CtrX3[F@2R.2U>U@2R.2F>R@2B.2U]#00,CtrX3[F@2R.2U>U@2R.2F>R@2B.2U],CtrX3[F@2R.2U>U@2R.2F>R@2B.2U],3,0,10,R' 2B U2 2B' 2U' 2B U2 2B' 2U R
rubiks-7,CtrX3[F@2R.2U>U@2R.2F>R@2F.2D],,CtrX3[F@2R.2U>U@2R.2F>R@2F.2D]#00,4900,0,4900,0,CtrX3[F@2R.2U>U@2R.2F>R@2F.2D]#00,CtrX3[F@2R.2U>U@2R.2F>R@2F.2D],CtrX3[F@2R.2U>U@2R.2F>R@2F.2D],3,0,10,F 2D R2 2D' 2R' 2D R2 2D' 2R F'
rubiks-7,CtrX3[F@2R.2U>U@2R.2F>R@2F.2U],,CtrX3[F@2R.2U>U@2R.2F>R@2F.2U]#00,5000,0,5000,0,CtrX3[F@2R.2U>U@2R.2F>R@2F.2U]#00,CtrX3[F@2R.2U>U@2R.2F>R@2F.2U],CtrX3[F@2R.2U>U@2R.2F>R@2F.2U],3,0,8,2B U2 2B' 2U' 2B U2 2B' 2U
rubiks-7,CtrX3[L@2B.2U>R@2B.2D>R@2B.2U],,CtrX3[L@2B.2U>R@2B.2D>R@2B.2U]#00,3900,0,3900,0,CtrX3[L@2B.2U>R@2B.2D>R@2B.2U]#00,CtrX3[L@2B.2U>R@2B.2D>R@2B.2U],CtrX3[L@2B.2U>R@2B.2D>R@2B.2U],3,0,9,L 2B2 L 2F2 L' 2B2 L 2F2 L2
rubiks-7,CtrX3[L@2B.2U>R@2B.2U>L@2F.2U],,CtrX3[L@2B.2U>R@2B.2U>L@2F.2U]#00,3900,0,3900,0,CtrX3[L@2B.2U>R@2B.2U>L@2F.2U]#00,CtrX3[L@2B.2U>R@2B.2U>L@2F.2U],CtrX3[L@2B.2U>R@2B.2U>L@2F.2U],3,0,9,L 2B2 L 2D2 L' 2B2 L 2D2 L2
rubiks-7,CtrX3[L@2F.2D>L@2F.2U>R@2B.2D],,CtrX3[L@2F.2D>L@2F.2U>R@2B.2D]#00,3800,0,3800,0,CtrX3[L@2F.2D>L@2F.2U>R@2B.2D]#00,CtrX3[L@2F.2D>L@2F.2U>R@2B.2D],CtrX3[L@2F.2D>L@2F.2U>R@2B.2D],3,0,8,2F2 2U B 2U' 2F2 2U B' 2U'
rubiks-7,CtrX3[L@2F.2D>L@2F.2U>R@2B.2U]~v01,,CtrX3[L@2F.2D>L@2F.2U>R@2B.2U]~v01#00,3900,0,3900,0,CtrX3[L@2F.2D>L@2F.2U>R@2B.2U]~v01#00,CtrX3[L@2F.2D>L@2F.2U>R@2B.2U],CtrX3[L@2F.2D>L@2F.2U>R@2B.2U]~v01,3,0,8,2B2 L 2D2 L' 2B2 L 2D2 L'
rubiks-7,CtrX3[L@2F.2D>L@2F.2U>R@2B.2U]~v02,,CtrX3[L@2F.2D>L@2F.2U>R@2B.2U]~v02#00,3900,0,3900,0,CtrX3[L@2F.2D>L@2F.2U>R@2B.2U]~v02#00,CtrX3[L@2F.2D>L@2F.2U>R@2B.2U],CtrX3[L@2F.2D>L@2F.2U>R@2B.2U]~v02,3,0,8,2B2 R 2F2 R' 2B2 R 2F2 R'
rubiks-7,CtrX3[L@2F.2D>L@2F.2U>R@2B.2U]~v03,,CtrX3[L@2F.2D>L@2F.2U>R@2B.2U]~v03#00,3900,0,3900,0,CtrX3[L@2F.2D>L@2F.2U>R@2B.2U]~v03#00,CtrX3[L@2F.2D>L@2F.2U>R@2B.2U],CtrX3[L@2F.2D>L@2F.2U>R@2B.2U]~v03,3,0,8,2U B' 2U' 2B2 2U B 2U' 2B2
rubiks-7,CtrX3[L@2F.2D>R@2B.2D>R@2B.2U]~v01,,CtrX3[L@2F.2D>R@2B.2D>R@2B.2U]~v01#00,3800,0,3800,0,CtrX3[L@2F.2D>R@2B.2D>R@2B.2U]~v01#00,CtrX3[L@2F.2D>R@2B.2D>R@2B.2U],CtrX3[L@2F.2D>R@2B.2D>R@2B.2U]~v01,3,0,8,L' 2B2 L 2F2 L' 2B2 L 2F2
rubiks-7,CtrX3[L@2F.2D>R@2B.2D>R@2B.2U]~v02,,CtrX3[L@2F.2D>R@2B.2D>R@2B.2U]~v02#00,3800,0,3800,0,CtrX3[L@2F.2D>R@2B.2D>R@2B.2U]~v02#00,CtrX3[L@2F.2D>R@2B.2D>R@2B.2U],CtrX3[L@2F.2D>R@2B.2D>R@2B.2U]~v02,3,0,8,2F2 2D' F 2D 2F2 2D' F' 2D
rubiks-7,CtrX3[L@2F.2D>R@2F.2U>R@2B.2U],,CtrX3[L@2F.2D>R@2F.2U>R@2B.2U]#00,3800,0,3800,0,CtrX3[L@2F.2D>R@2F.2U>R@2B.2U]#00,CtrX3[L@2F.2D>R@2F.2U>R@2B.2U],CtrX3[L@2F.2D>R@2F.2U>R@2B.2U],3,0,8,R 2F2 R' 2U2 R 2F2 R' 2U2
rubiks-7,CtrX3[L@2F.2U>R@2B.2D>R@2B.2U],,CtrX3[L@2F.2U>R@2B.2D>R@2B.2U]#00,3900,0,3900,0,CtrX3[L@2F.2U>R@2B.2D>R@2B.2U]#00,CtrX3[L@2F.2U>R@2B.2D>R@2B.2U],CtrX3[L@2F.2U>R@2B.2D>R@2B.2U],3,0,8,2D' F' 2D 2B2 2D' F 2D 2B2
rubiks-7,CtrX4s[B@2R.2U<>F@2R.2U;L@2B.2U<>R@2B.2U],,CtrX4s[B@2R.2U<>F@2R.2U;L@2B.2U<>R@2B.2U]#00,7100,0,7100,0,CtrX4s[B@2R.2U<>F@2R.2U;L@2B.2U<>R@2B.2U]#00,CtrX4s[B@2R.2U<>F@2R.2U;L@2B.2U<>R@2B.2U],CtrX4s[B@2R.2U<>F@2R.2U;L@2B.2U<>R@2B.2U],4,0,8,2B 2U' 2B 2U 2B' 2R 2B' 2R'
rubiks-7,CtrX4s[B@2R.2U<>F@2R.2U;L@2F.2U<>R@2F.2U]~v01,,CtrX4s[B@2R.2U<>F@2R.2U;L@2F.2U<>R@2F.2U]~v01#00,7100,0,7100,0,CtrX4s[B@2R.2U<>F@2R.2U;L@2F.2U<>R@2F.2U]~v01#00,CtrX4s[B@2R.2U<>F@2R.2U;L@2F.2U<>R@2F.2U],CtrX4s[B@2R.2U<>F@2R.2U;L@2F.2U<>R@2F.2U]~v01,4,0,8,2B 2U' 2B' 2U 2B' 2R 2B 2R'
rubiks-7,CtrX4s[B@2R.2U<>F@2R.2U;L@2F.2U<>R@2F.2U]~v02,,CtrX4s[B@2R.2U<>F@2R.2U;L@2F.2U<>R@2F.2U]~v02#00,7100,0,7100,0,CtrX4s[B@2R.2U<>F@2R.2U;L@2F.2U<>R@2F.2U]~v02#00,CtrX4s[B@2R.2U<>F@2R.2U;L@2F.2U<>R@2F.2U],CtrX4s[B@2R.2U<>F@2R.2U;L@2F.2U<>R@2F.2U]~v02,4,0,8,2R 2B' 2R' 2B 2U' 2B 2U 2B'
rubiks-7,CtrX4s[L@2B.2D<>R@2F.2D;L@2F.2U<>R@2B.2U],,CtrX4s[L@2B.2D<>R@2F.2D;L@2F.2U<>R@2B.2U]#00,7600,0,7600,0,CtrX4s[L@2B.2D<>R@2F.2D;L@2F.2U<>R@2B.2U]#00,CtrX4s[L@2B.2D<>R@2F.2D;L@2F.2U<>R@2B.2U],CtrX4s[L@2B.2D<>R@2F.2D;L@2F.2U<>R@2B.2U],4,0,10,2F2 2U2 2F2 2U2 R2 2F2 2U2 2F2 2U2 R2
rubiks-7,CtrX6p[2+4][L@2B.2D>L@2B.2U>R@2B.2U>L@2F.2D;R@2B.2D<>R@2F.2U],,CtrX6p[2+4][L@2B.2D>L@2B.2U>R@2B.2U>L@2F.2D;R@2B.2D<>R@2F.2U]#00,3900,0,3900,0,CtrX6p[2+4][L@2B.2D>L@2B.2U>R@2B.2U>L@2F.2D;R@2B.2D<>R@2F.2U]#00,CtrX6p[2+4][L@2B.2D>L@2B.2U>R@2B.2U>L@2F.2D;R@2B.2D<>R@2F.2U],CtrX6p[2+4][L@2B.2D>L@2B.2U>R@2B.2U>L@2F.2D;R@2B.2D<>R@2F.2U],6,0,10,2U2 R 2D2 R' 2U2 R 2F2 2D2 2F2 R'
rubiks-7,CtrX6p[3x2][B@2L.2D>B@2L.2U>L@2F.2U;F@2L.2D>F@2R.2U>R@2F.2U],,CtrX6p[3x2][B@2L.2D>B@2L.2U>L@2F.2U;F@2L.2D>F@2R.2U>R@2F.2U]#00,7100,0,7100,0,CtrX6p[3x2][B@2L.2D>B@2L.2U>L@2F.2U;F@2L.2D>F@2R.2U>R@2F.2U]#00,CtrX6p[3x2][B@2L.2D>B@2L.2U>L@2F.2U;F@2L.2D>F@2R.2U>R@2F.2U],CtrX6p[3x2][B@2L.2D>B@2L.2U>L@2F.2U;F@2L.2D>F@2R.2U>R@2F.2U],6,0,8,2D' B' 2U' 2B2 2U B 2B2 2D
rubiks-7,CtrX6p[3x2][B@2L.2D>B@2R.2U>L@2F.2U;F@2L.2D>F@2L.2U>R@2F.2U],,CtrX6p[3x2][B@2L.2D>B@2R.2U>L@2F.2U;F@2L.2D>F@2L.2U>R@2F.2U]#00,7100,0,7100,0,CtrX6p[3x2][B@2L.2D>B@2R.2U>L@2F.2U;F@2L.2D>F@2L.2U>R@2F.2U]#00,CtrX6p[3x2][B@2L.2D>B@2R.2U>L@2F.2U;F@2L.2D>F@2L.2U>R@2F.2U],CtrX6p[3x2][B@2L.2D>B@2R.2U>L@2F.2U;F@2L.2D>F@2L.2U>R@2F.2U],6,0,8,2D' F 2U' 2B2 2U F' 2B2 2D
rubiks-7,CtrX6p[3x2][B@2L.2D>B@2R.2U>R@2B.2U;F@2R.2U>L@2B.2U>L@2F.2U],,CtrX6p[3x2][B@2L.2D>B@2R.2U>R@2B.2U;F@2R.2U>L@2B.2U>L@2F.2U]#00,7100,0,7100,0,CtrX6p[3x2][B@2L.2D>B@2R.2U>R@2B.2U;F@2R.2U>L@2B.2U>L@2F.2U]#00,CtrX6p[3x2][B@2L.2D>B@2R.2U>R@2B.2U;F@2R.2U>L@2B.2U>L@2F.2U],CtrX6p[3x2][B@2L.2D>B@2R.2U>R@2B.2U;F@2R.2U>L@2B.2U>L@2F.2U],6,0,8,2U' 2B2 F' 2D' 2B2 2D F 2U
rubiks-7,CtrX6p[3x2][B@2L.2D>L@2B.2D>L@2F.2U;F@2R.2U>R@2B.2D>R@2F.2U],,CtrX6p[3x2][B@2L.2D>L@2B.2D>L@2F.2U;F@2R.2U>R@2B.2D>R@2F.2U]#00,7000,0,7000,0,CtrX6p[3x2][B@2L.2D>L@2B.2D>L@2F.2U;F@2R.2U>R@2B.2D>R@2F.2U]#00,CtrX6p[3x2][B@2L.2D>L@2B.2D>L@2F.2U;F@2R.2U>R@2B.2D>R@2F.2U],CtrX6p[3x2][B@2L.2D>L@2B.2D>L@2F.2U;F@2R.2U>R@2B.2D>R@2F.2U],6,0,8,F2 2D' 2B2 2D F2 2D2 2B2 2D2
rubiks-7,CtrX6p[3x2][B@2L.2D>R@2F.2D>R@2B.2U;F@2R.2U>L@2F.2D>L@2B.2U],,CtrX6p[3x2][B@2L.2D>R@2F.2D>R@2B.2U;F@2R.2U>L@2F.2D>L@2B.2U]#00,7000,0,7000,0,CtrX6p[3x2][B@2L.2D>R@2F.2D>R@2B.2U;F@2R.2U>L@2F.2D>L@2B.2U]#00,CtrX6p[3x2][B@2L.2D>R@2F.2D>R@2B.2U;F@2R.2U>L@2F.2D>L@2B.2U],CtrX6p[3x2][B@2L.2D>R@2F.2D>R@2B.2U;F@2R.2U>L@2F.2D>L@2B.2U],6,0,7,B2 2U' 2B2 2U' 2B2 2U2 B2
rubiks-7,CtrX6p[3x2][B@2L.2U>D@2L.2B>L@2B.2U;F@2L.2U>U@2L.2B>R@2B.2U],,CtrX6p[3x2][B@2L.2U>D@2L.2B>L@2B.2U;F@2L.2U>U@2L.2B>R@2B.2U]#00,9400,0,9400,0,CtrX6p[3x2][B@2L.2U>D@2L.2B>L@2B.2U;F@2L.2U>U@2L.2B>R@2B.2U]#00,CtrX6p[3x2][B@2L.2U>D@2L.2B>L@2B.2U;F@2L.2U>U@2L.2B>R@2B.2U],CtrX6p[3x2][B@2L.2U>D@2L.2B>L@2B.2U;F@2L.2U>U@2L.2B>R@2B.2U],6,0,5,2L2 2D 2L 2D' 2L
rubiks-7,CtrX6p[3x2][B@2L.2U>L@2B.2U>D@2L.2B;F@2L.2U>R@2B.2U>U@2L.2B],,CtrX6p[3x2][B@2L.2U>L@2B.2U>D@2L.2B;F@2L.2U>R@2B.2U>U@2L.2B]#00,9400,0,9400,0,CtrX6p[3x2][B@2L.2U>L@2B.2U>D@2L.2B;F@2L.2U>R@2B.2U>U@2L.2B]#00,CtrX6p[3x2][B@2L.2U>L@2B.2U>D@2L.2B;F@2L.2U>R@2B.2U>U@2L.2B],CtrX6p[3x2][B@2L.2U>L@2B.2U>D@2L.2B;F@2L.2U>R@2B.2U>U@2L.2B],6,0,5,2L' 2D 2L' 2D' 2L2
rubiks-7,CtrX6p[3x2][B@2L.2U>L@2B.2U>U@2L.2F;D@2L.2F>F@2L.2U>R@2B.2U],,CtrX6p[3x2][B@2L.2U>L@2B.2U>U@2L.2F;D@2L.2F>F@2L.2U>R@2B.2U]#00,9400,0,9400,0,CtrX6p[3x2][B@2L.2U>L@2B.2U>U@2L.2F;D@2L.2F>F@2L.2U>R@2B.2U]#00,CtrX6p[3x2][B@2L.2U>L@2B.2U>U@2L.2F;D@2L.2F>F@2L.2U>R@2B.2U],CtrX6p[3x2][B@2L.2U>L@2B.2U>U@2L.2F;D@2L.2F>F@2L.2U>R@2B.2U],6,0,5,2L 2D 2L 2D' 2L2
rubiks-7,CtrX6p[3x2][B@2L.2U>L@2F.2U>R@2B.2U;F@2L.2U>R@2F.2U>L@2B.2U],,CtrX6p[3x2][B@2L.2U>L@2F.2U>R@2B.2U;F@2L.2U>R@2F.2U>L@2B.2U]#00,11000,0,11000,0,CtrX6p[3x2][B@2L.2U>L@2F.2U>R@2B.2U;F@2L.2U>R@2F.2U>L@2B.2U]#00,CtrX6p[3x2][B@2L.2U>L@2F.2U>R@2B.2U;F@2L.2U>R@2F.2U>L@2B.2U],CtrX6p[3x2][B@2L.2U>L@2F.2U>R@2B.2U;F@2L.2U>R@2F.2U>L@2B.2U],6,0,5,2B 2L' 2B2 2L 2B
rubiks-7,CtrX6p[3x2][B@2L.2U>R@2B.2D>L@2B.2U;F@2L.2U>L@2B.2D>R@2B.2U],,CtrX6p[3x2][B@2L.2U>R@2B.2D>L@2B.2U;F@2L.2U>L@2B.2D>R@2B.2U]#00,10800,0,10800,0,CtrX6p[3x2][B@2L.2U>R@2B.2D>L@2B.2U;F@2L.2U>L@2B.2D>R@2B.2U]#00,CtrX6p[3x2][B@2L.2U>R@2B.2D>L@2B.2U;F@2L.2U>L@2B.2D>R@2B.2U],CtrX6p[3x2][B@2L.2U>R@2B.2D>L@2B.2U;F@2L.2U>L@2B.2D>R@2B.2U],6,0,5,2D' 2L2 2D2 2L2 2D'
rubiks-7,CtrX6p[3x2][B@2L.2U>R@2B.2U>B@2R.2D;F@2L.2U>L@2B.2U>F@2R.2D]~v01,,CtrX6p[3x2][B@2L.2U>R@2B.2U>B@2R.2D;F@2L.2U>L@2B.2U>F@2R.2D]~v01#00,7100,0,7100,0,CtrX6p[3x2][B@2L.2U>R@2B.2U>B@2R.2D;F@2L.2U>L@2B.2U>F@2R.2D]~v01#00,CtrX6p[3x2][B@2L.2U>R@2B.2U>B@2R.2D;F@2L.2U>L@2B.2U>F@2R.2D],CtrX6p[3x2][B@2L.2U>R@2B.2U>B@2R.2D;F@2L.2U>L@2B.2U>F@2R.2D]~v01,6,0,8,2L 2B' 2L2 2B 2L' 2D2 2L2 2D2
rubiks-7,CtrX6p[3x2][B@2L.2U>R@2B.2U>B@2R.2D;F@2L.2U>L@2B.2U>F@2R.2D]~v02,,CtrX6p[3x2][B@2L.2U>R@2B.2U>B@2R.2D;F@2L.2U>L@2B.2U>F@2R.2D]~v02#00,7100,0,7100,0,CtrX6p[3x2][B@2L.2U>R@2B.2U>B@2R.2D;F@2L.2U>L@2B.2U>F@2R.2D]~v02#00,CtrX6p[3x2][B@2L.2U>R@2B.2U>B@2R.2D;F@2L.2U>L@2B.2U>F@2R.2D],CtrX6p[3x2][B@2L.2U>R@2B.2U>B@2R.2D;F@2L.2U>L@2B.2U>F@2R.2D]~v02,6,0,8,2L' 2B2 2R' 2B2 2L 2B 2R 2B'
rubiks-7,CtrX6p[3x2][B@2L.2U>R@2B.2U>B@2R.2D;F@2L.2U>L@2B.2U>F@2R.2D]~v03,,CtrX6p[3x2][B@2L.2U>R@2B.2U>B@2R.2D;F@2L.2U>L@2B.2U>F@2R.2D]~v03#00,7100,0,7100,0,CtrX6p[3x2][B@2L.2U>R@2B.2U>B@2R.2D;F@2L.2U>L@2B.2U>F@2R.2D]~v03#00,CtrX6p[3x2][B@2L.2U>R@2B.2U>B@2R.2D;F@2L.2U>L@2B.2U>F@2R.2D],CtrX6p[3x2][B@2L.2U>R@2B.2U>B@2R.2D;F@2L.2U>L@2B.2U>F@2R.2D]~v03,6,0,8,2B' 2L' 2B 2L' 2D2 2L 2D2 2L
rubiks-7,CtrX6p[3x2][B@2L.2U>R@2B.2U>L@2F.2U;F@2L.2U>L@2B.2U>R@2F.2U],,CtrX6p[3x2][B@2L.2U>R@2B.2U>L@2F.2U;F@2L.2U>L@2B.2U>R@2F.2U]#00,11000,0,11000,0,CtrX6p[3x2][B@2L.2U>R@2B.2U>L@2F.2U;F@2L.2U>L@2B.2U>R@2F.2U]#00,CtrX6p[3x2][B@2L.2U>R@2B.2U>L@2F.2U;F@2L.2U>L@2B.2U>R@2F.2U],CtrX6p[3x2][B@2L.2U>R@2B.2U>L@2F.2U;F@2L.2U>L@2B.2U>R@2F.2U],6,0,5,2B' 2L' 2B2 2L 2B'
rubiks-7,CtrX6p[3x2][B@2L.2U>R@2F.2U>L@2F.2D;F@2L.2U>L@2F.2U>R@2F.2D],,CtrX6p[3x2][B@2L.2U>R@2F.2U>L@2F.2D;F@2L.2U>L@2F.2U>R@2F.2D]#00,10800,0,10800,0,CtrX6p[3x2][B@2L.2U>R@2F.2U>L@2F.2D;F@2L.2U>L@2F.2U>R@2F.2D]#00,CtrX6p[3x2][B@2L.2U>R@2F.2U>L@2F.2D;F@2L.2U>L@2F.2U>R@2F.2D],CtrX6p[3x2][B@2L.2U>R@2F.2U>L@2F.2D;F@2L.2U>L@2F.2U>R@2F.2D],6,0,7,2F2 2U' 2F2 2U' 2F2 2U2 2F2
rubiks-7,CtrX6p[3x2][B@2L.2U>R@2F.2U>R@2B.2U;F@2L.2U>L@2F.2U>L@2B.2U],,CtrX6p[3x2][B@2L.2U>R@2F.2U>R@2B.2U;F@2L.2U>L@2F.2U>L@2B.2U]#00,7100,0,7100,0,CtrX6p[3x2][B@2L.2U>R@2F.2U>R@2B.2U;F@2L.2U>L@2F.2U>L@2B.2U]#00,CtrX6p[3x2][B@2L.2U>R@2F.2U>R@2B.2U;F@2L.2U>L@2F.2U>L@2B.2U],CtrX6p[3x2][B@2L.2U>R@2F.2U>R@2B.2U;F@2L.2U>L@2F.2U>L@2B.2U],6,0,8,2L 2U' 2L' 2U 2L' 2B' 2L 2B
rubiks-7,CtrX6p[3x2][B@2L.2U>U@2L.2F>L@2B.2U;D@2L.2F>R@2B.2U>F@2L.2U],,CtrX6p[3x2][B@2L.2U>U@2L.2F>L@2B.2U;D@2L.2F>R@2B.2U>F@2L.2U]#00,9400,0,9400,0,CtrX6p[3x2][B@2L.2U>U@2L.2F>L@2B.2U;D@2L.2F>R@2B.2U>F@2L.2U]#00,CtrX6p[3x2][B@2L.2U>U@2L.2F>L@2B.2U;D@2L.2F>R@2B.2U>F@2L.2U],CtrX6p[3x2][B@2L.2U>U@2L.2F>L@2B.2U;D@2L.2F>R@2B.2U>F@2L.2U],6,0,5,2L2 2D 2L' 2D' 2L'
rubiks-7,CtrX6p[3x2][B@2R.2U>L@2B.2D>L@2F.2U;F@2L.2D>R@2B.2D>R@2F.2U],,CtrX6p[3x2][B@2R.2U>L@2B.2D>L@2F.2U;F@2L.2D>R@2B.2D>R@2F.2U]#00,7000,0,7000,0,CtrX6p[3x2][B@2R.2U>L@2B.2D>L@2F.2U;F@2L.2D>R@2B.2D>R@2F.2U]#00,CtrX6p[3x2][B@2R.2U>L@2B.2D>L@2F.2U;F@2L.2D>R@2B.2D>R@2F.2U],CtrX6p[3x2][B@2R.2U>L@2B.2D>L@2F.2U;F@2L.2D>R@2B.2D>R@2F.2U],6,0,8,B2 2D' 2B2 2D B2 2D2 2B2 2D2
rubiks-7,CtrX6p[3x2][B@2R.2U>L@2B.2D>L@2F.2U;F@2R.2U>R@2B.2D>R@2F.2U],,CtrX6p[3x2][B@2R.2U>L@2B.2D>L@2F.2U;F@2R.2U>R@2B.2D>R@2F.2U]#00,7100,0,7100,0,CtrX6p[3x2][B@2R.2U>L@2B.2D>L@2F.2U;F@2R.2U>R@2B.2D>R@2F.2U]#00,CtrX6p[3x2][B@2R.2U>L@2B.2D>L@2F.2U;F@2R.2U>R@2B.2D>R@2F.2U],CtrX6p[3x2][B@2R.2U>L@2B.2D>L@2F.2U;F@2R.2U>R@2B.2D>R@2F.2U],6,0,5,2U2 2F2 2U' 2F2 2U'
rubiks-7,CtrX6p[3x2][B@2R.2U>L@2F.2D>L@2B.2U;F@2R.2U>R@2F.2D>R@2F.2U],,CtrX6p[3x2][B@2R.2U>L@2F.2D>L@2B.2U;F@2R.2U>R@2F.2D>R@2F.2U]#00,7100,0,7100,0,CtrX6p[3x2][B@2R.2U>L@2F.2D>L@2B.2U;F@2R.2U>R@2F.2D>R@2F.2U]#00,CtrX6p[3x2][B@2R.2U>L@2F.2D>L@2B.2U;F@2R.2U>R@2F.2D>R@2F.2U],CtrX6p[3x2][B@2R.2U>L@2F.2D>L@2B.2U;F@2R.2U>R@2F.2D>R@2F.2U],6,0,8,2F L 2U 2R 2U' L' 2R' 2F'
rubiks-7,CtrX6p[3x2][B@2R.2U>L@2F.2D>L@2F.2U;F@2R.2U>R@2F.2D>R@2B.2U],,CtrX6p[3x2][B@2R.2U>L@2F.2D>L@2F.2U;F@2R.2U>R@2F.2D>R@2B.2U]#00,7100,0,7100,0,CtrX6p[3x2][B@2R.2U>L@2F.2D>L@2F.2U;F@2R.2U>R@2F.2D>R@2B.2U]#00,CtrX6p[3x2][B@2R.2U>L@2F.2D>L@2F.2U;F@2R.2U>R@2F.2D>R@2B.2U],CtrX6p[3x2][B@2R.2U>L@2F.2D>L@2F.2U;F@2R.2U>R@2F.2D>R@2B.2U],6,0,8,2F R' 2U 2R 2U' R 2R' 2F'
rubiks-7,CtrX6p[3x2][B@2R.2U>L@2F.2U>D@2R.2B;F@2R.2U>R@2F.2U>U@2R.2B],,CtrX6p[3x2][B@2R.2U>L@2F.2U>D@2R.2B;F@2R.2U>R@2F.2U>U@2R.2B]#00,9400,0,9400,0,CtrX6p[3x2][B@2R.2U>L@2F.2U>D@2R.2B;F@2R.2U>R@2F.2U>U@2R.2B]#00,CtrX6p[3x2][B@2R.2U>L@2F.2U>D@2R.2B;F@2R.2U>R@2F.2U>U@2R.2B],CtrX6p[3x2][B@2R.2U>L@2F.2U>D@2R.2B;F@2R.2U>R@2F.2U>U@2R.2B],6,0,4,2R' 2U 2R 2U'
rubiks-7,CtrX6p[3x2][B@2R.2U>L@2F.2U>R@2B.2U;F@2R.2U>R@2F.2U>L@2B.2U],,CtrX6p[3x2][B@2R.2U>L@2F.2U>R@2B.2U;F@2R.2U>R@2F.2U>L@2B.2U]#00,11000,0,11000,0,CtrX6p[3x2][B@2R.2U>L@2F.2U>R@2B.2U;F@2R.2U>R@2F.2U>L@2B.2U]#00,CtrX6p[3x2][B@2R.2U>L@2F.2U>R@2B.2U;F@2R.2U>R@2F.2U>L@2B.2U],CtrX6p[3x2][B@2R.2U>L@2F.2U>R@2B.2U;F@2R.2U>R@2F.2U>L@2B.2U],6,0,4,2U' 2B2 2U 2B2
rubiks-7,CtrX6p[3x2][B@2R.2U>L@2F.2U>U@2R.2F;D@2R.2F>F@2R.2U>R@2F.2U],,CtrX6p[3x2][B@2R.2U>L@2F.2U>U@2R.2F;D@2R.2F>F@2R.2U>R@2F.2U]#00,9400,0,9400,0,CtrX6p[3x2][B@2R.2U>L@2F.2U>U@2R.2F;D@2R.2F>F@2R.2U>R@2F.2U]#00,CtrX6p[3x2][B@2R.2U>L@2F.2U>U@2R.2F;D@2R.2F>F@2R.2U>R@2F.2U],CtrX6p[3x2][B@2R.2U>L@2F.2U>U@2R.2F;D@2R.2F>F@2R.2U>R@2F.2U],6,0,4,2R 2U 2R' 2U'
rubiks-7,CtrX6p[3x2][B@2R.2U>R@2B.2U>L@2F.2U;F@2R.2U>L@2B.2U>R@2F.2U],,CtrX6p[3x2][B@2R.2U>R@2B.2U>L@2F.2U;F@2R.2U>L@2B.2U>R@2F.2U]#00,11000,0,11000,0,CtrX6p[3x2][B@2R.2U>R@2B.2U>L@2F.2U;F@2R.2U>L@2B.2U>R@2F.2U]#00,CtrX6p[3x2][B@2R.2U>R@2B.2U>L@2F.2U;F@2R.2U>L@2B.2U>R@2F.2U],CtrX6p[3x2][B@2R.2U>R@2B.2U>L@2F.2U;F@2R.2U>L@2B.2U>R@2F.2U],6,0,4,2B2 2U' 2B2 2U
rubiks-7,CtrX6p[3x2][B@2R.2U>R@2B.2U>R@2F.2U;F@2L.2D>F@2R.2U>L@2B.2U],,CtrX6p[3x2][B@2R.2U>R@2B.2U>R@2F.2U;F@2L.2D>F@2R.2U>L@2B.2U]#00,7100,0,7100,0,CtrX6p[3x2][B@2R.2U>R@2B.2U>R@2F.2U;F@2L.2D>F@2R.2U>L@2B.2U]#00,CtrX6p[3x2][B@2R.2U>R@2B.2U>R@2F.2U;F@2L.2D>F@2R.2U>L@2B.2U],CtrX6p[3x2][B@2R.2U>R@2B.2U>R@2F.2U;F@2L.2D>F@2R.2U>L@2B.2U],6,0,8,2U' 2B2 B 2D' 2B2 2D B' 2U
rubiks-7,CtrX6p[3x2][B@2R.2U>R@2F.2D>L@2F.2U;F@2R.2U>L@2F.2D>R@2F.2U],,CtrX6p[3x2][B@2R.2U>R@2F.2D>L@2F.2U;F@2R.2U>L@2F.2D>R@2F.2U]#00,10800,0,10800,0,CtrX6p[3x2][B@2R.2U>R@2F.2D>L@2F.2U;F@2R.2U>L@2F.2D>R@2F.2U]#00,CtrX6p[3x2][B@2R.2U>R@2F.2D>L@2F.2U;F@2R.2U>L@2F.2D>R@2F.2U],CtrX6p[3x2][B@2R.2U>R@2F.2D>L@2F.2U;F@2R.2U>L@2F.2D>R@2F.2U],6,0,7,2F2 2U2 2F2 2U' 2F2 2U' 2F2
rubiks-7,CtrX6p[3x2][B@2R.2U>R@2F.2D>R@2B.2U;F@2L.2D>L@2F.2D>L@2B.2U],,CtrX6p[3x2][B@2R.2U>R@2F.2D>R@2B.2U;F@2L.2D>L@2F.2D>L@2B.2U]#00,7000,0,7000,0,CtrX6p[3x2][B@2R.2U>R@2F.2D>R@2B.2U;F@2L.2D>L@2F.2D>L@2B.2U]#00,CtrX6p[3x2][B@2R.2U>R@2F.2D>R@2B.2U;F@2L.2D>L@2F.2D>L@2B.2U],CtrX6p[3x2][B@2R.2U>R@2F.2D>R@2B.2U;F@2L.2D>L@2F.2D>L@2B.2U],6,0,7,F2 2U' 2B2 2U' 2B2 2U2 F2
rubiks-7,CtrX6p[3x2][B@2R.2U>R@2F.2D>R@2B.2U;F@2R.2U>L@2F.2D>L@2B.2U],,CtrX6p[3x2][B@2R.2U>R@2F.2D>R@2B.2U;F@2R.2U>L@2F.2D>L@2B.2U]#00,7100,0,7100,0,CtrX6p[3x2][B@2R.2U>R@2F.2D>R@2B.2U;F@2R.2U>L@2F.2D>L@2B.2U]#00,CtrX6p[3x2][B@2R.2U>R@2F.2D>R@2B.2U;F@2R.2U>L@2F.2D>L@2B.2U],CtrX6p[3x2][B@2R.2U>R@2F.2D>R@2B.2U;F@2R.2U>L@2F.2D>L@2B.2U],6,0,5,2U' 2B2 2U' 2B2 2U2
rubiks-7,CtrX6p[3x2][B@2R.2U>R@2F.2D>R@2F.2U;F@2R.2U>L@2F.2D>L@2F.2U],,CtrX6p[3x2][B@2R.2U>R@2F.2D>R@2F.2U;F@2R.2U>L@2F.2D>L@2F.2U]#00,7100,0,7100,0,CtrX6p[3x2][B@2R.2U>R@2F.2D>R@2F.2U;F@2R.2U>L@2F.2D>L@2F.2U]#00,CtrX6p[3x2][B@2R.2U>R@2F.2D>R@2F.2U;F@2R.2U>L@2F.2D>L@2F.2U],CtrX6p[3x2][B@2R.2U>R@2F.2D>R@2F.2U;F@2R.2U>L@2F.2D>L@2F.2U],6,0,6,2B' 2R' 2U' 2R 2U 2B
rubiks-7,CtrX6p[3x2][B@2R.2U>R@2F.2U>U@2R.2B;D@2R.2B>F@2R.2U>L@2F.2U],,CtrX6p[3x2][B@2R.2U>R@2F.2U>U@2R.2B;D@2R.2B>F@2R.2U>L@2F.2U]#00,9400,0,9400,0,CtrX6p[3x2][B@2R.2U>R@2F.2U>U@2R.2B;D@2R.2B>F@2R.2U>L@2F.2U]#00,CtrX6p[3x2][B@2R.2U>R@2F.2U>U@2R.2B;D@2R.2B>F@2R.2U>L@2F.2U],CtrX6p[3x2][B@2R.2U>R@2F.2U>U@2R.2B;D@2R.2B>F@2R.2U>L@2F.2U],6,0,7,2U 2R' 2U' 2R2 2B' 2R' 2B
rubiks-7,CtrX6p[3x2][L@2B.2D>L@2B.2U>R@2B.2D;L@2F.2D>L@2F.2U>R@2F.2U],,CtrX6p[3x2][L@2B.2D>L@2B.2U>R@2B.2D;L@2F.2D>L@2F.2U>R@2F.2U]#00,7700,0,7700,0,CtrX6p[3x2][L@2B.2D>L@2B.2U>R@2B.2D;L@2F.2D>L@2F.2U>R@2F.2U]#00,CtrX6p[3x2][L@2B.2D>L@2B.2U>R@2B.2D;L@2F.2D>L@2F.2U>R@2F.2U],CtrX6p[3x2][L@2B.2D>L@2B.2U>R@2B.2D;L@2F.2D>L@2F.2U>R@2F.2U],6,0,8,2B2 L 2D2 2B2 2D2 2B2 L' 2B2
rubiks-7,CtrX6p[3x2][L@2B.2D>L@2F.2U>R@2B.2U;L@2B.2U>R@2B.2D>R@2F.2U],,CtrX6p[3x2][L@2B.2D>L@2F.2U>R@2B.2U;L@2B.2U>R@2B.2D>R@2F.2U]#00,7800,0,7800,0,CtrX6p[3x2][L@2B.2D>L@2F.2U>R@2B.2U;L@2B.2U>R@2B.2D>R@2F.2U]#00,CtrX6p[3x2][L@2B.2D>L@2F.2U>R@2B.2U;L@2B.2U>R@2B.2D>R@2F.2U],CtrX6p[3x2][L@2B.2D>L@2F.2U>R@2B.2U;L@2B.2U>R@2B.2D>R@2F.2U],6,0,4,2B2 2D2 2B2 2D2
rubiks-7,CtrX6p[3x2][L@2B.2D>R@2B.2D>R@2B.2U;L@2F.2U>R@2F.2D>R@2F.2U],,CtrX6p[3x2][L@2B.2D>R@2B.2D>R@2B.2U;L@2F.2U>R@2F.2D>R@2F.2U]#00,7700,0,7700,0,CtrX6p[3x2][L@2B.2D>R@2B.2D>R@2B.2U;L@2F.2U>R@2F.2D>R@2F.2U]#00,CtrX6p[3x2][L@2B.2D>R@2B.2D>R@2B.2U;L@2F.2U>R@2F.2D>R@2F.2U],CtrX6p[3x2][L@2B.2D>R@2B.2D>R@2B.2U;L@2F.2U>R@2F.2D>R@2F.2U],6,0,8,2B2 R' 2D2 2B2 2D2 2B2 R 2B2
rubiks-7,CtrX6p[3x2][L@2B.2D>R@2B.2U>L@2B.2U;L@2F.2U>R@2F.2D>R@2F.2U],,CtrX6p[3x2][L@2B.2D>R@2B.2U>L@2B.2U;L@2F.2U>R@2F.2D>R@2F.2U]#00,7700,0,7700,0,CtrX6p[3x2][L@2B.2D>R@2B.2U>L@2B.2U;L@2F.2U>R@2F.2D>R@2F.2U]#00,CtrX6p[3x2][L@2B.2D>R@2B.2U>L@2B.2U;L@2F.2U>R@2F.2D>R@2F.2U],CtrX6p[3x2][L@2B.2D>R@2B.2U>L@2B.2U;L@2F.2U>R@2F.2D>R@2F.2U],6,0,8,2B2 L 2U2 2B2 2U2 2B2 L' 2B2
rubiks-7,CtrX6p[3x2][L@2B.2D>R@2B.2U>L@2F.2U;L@2F.2D>R@2B.2D>R@2F.2U],,CtrX6p[3x2][L@2B.2D>R@2B.2U>L@2F.2U;L@2F.2D>R@2B.2D>R@2F.2U]#00,7600,0,7600,0,CtrX6p[3x2][L@2B.2D>R@2B.2U>L@2F.2U;L@2F.2D>R@2B.2D>R@2F.2U]#00,CtrX6p[3x2][L@2B.2D>R@2B.2U>L@2F.2U;L@2F.2D>R@2B.2D>R@2F.2U],CtrX6p[3x2][L@2B.2D>R@2B.2U>L@2F.2U;L@2F.2D>R@2B.2D>R@2F.2U],6,0,6,R2 2F2 2U2 2F2 2U2 R2
rubiks-7,CtrX6p[3x2][L@2B.2D>R@2F.2U>L@2F.2D;L@2F.2U>R@2F.2D>R@2B.2D],,CtrX6p[3x2][L@2B.2D>R@2F.2U>L@2F.2D;L@2F.2U>R@2F.2D>R@2B.2D]#00,7600,0,7600,0,CtrX6p[3x2][L@2B.2D>R@2F.2U>L@2F.2D;L@2F.2U>R@2F.2D>R@2B.2D]#00,CtrX6p[3x2][L@2B.2D>R@2F.2U>L@2F.2D;L@2F.2U>R@2F.2D>R@2B.2D],CtrX6p[3x2][L@2B.2D>R@2F.2U>L@2F.2D;L@2F.2U>R@2F.2D>R@2B.2D],6,0,10,2U2 R 2F2 R' 2F2 2U2 2F2 R 2F2 R'
rubiks-7,CtrX6p[3x2][L@2B.2U>L@2F.2D>R@2B.2U;L@2F.2U>R@2B.2D>R@2F.2U],,CtrX6p[3x2][L@2B.2U>L@2F.2D>R@2B.2U;L@2F.2U>R@2B.2D>R@2F.2U]#00,7700,0,7700,0,CtrX6p[3x2][L@2B.2U>L@2F.2D>R@2B.2U;L@2F.2U>R@2B.2D>R@2F.2U]#00,CtrX6p[3x2][L@2B.2U>L@2F.2D>R@2B.2U;L@2F.2U>R@2B.2D>R@2F.2U],CtrX6p[3x2][L@2B.2U>L@2F.2D>R@2B.2U;L@2F.2U>R@2B.2D>R@2F.2U],6,0,6,L' 2B2 2D2 2B2 2D2 L
rubiks-7,CtrX6p[3x2][L@2B.2U>R@2B.2U>R@2B.2D;L@2F.2D>L@2F.2U>R@2F.2U],,CtrX6p[3x2][L@2B.2U>R@2B.2U>R@2B.2D;L@2F.2D>L@2F.2U>R@2F.2U]#00,7700,0,7700,0,CtrX6p[3x2][L@2B.2U>R@2B.2U>R@2B.2D;L@2F.2D>L@2F.2U>R@2F.2U]#00,CtrX6p[3x2][L@2B.2U>R@2B.2U>R@2B.2D;L@2F.2D>L@2F.2U>R@2F.2U],CtrX6p[3x2][L@2B.2U>R@2B.2U>R@2B.2D;L@2F.2D>L@2F.2U>R@2F.2U],6,0,8,2B2 R' 2U2 2B2 2U2 2B2 R 2B2
rubiks-7,CtrX8s~v01,,CtrX8s~v01#00,7100,0,7100,0,CtrX8s~v01#00,CtrX8s,CtrX8s~v01,8,0,8,2B' 2L' 2B2 2L2 2U 2L' 2U' 2B'
rubiks-7,CtrX8s~v02,,CtrX8s~v02#00,7100,0,7100,0,CtrX8s~v02#00,CtrX8s,CtrX8s~v02,8,0,8,2L 2B' 2L2 2B 2L' 2U2 2L2 2U2
rubiks-7,CtrX8s~v03,,CtrX8s~v03#00,7000,0,7000,0,CtrX8s~v03#00,CtrX8s,CtrX8s~v03,8,0,8,B2 2D' 2B2 2D B2 2U2 2B2 2U2
rubiks-7,CtrX8s~v04,,CtrX8s~v04#00,7000,0,7000,0,CtrX8s~v04#00,CtrX8s,CtrX8s~v04,8,0,8,F2 2D' 2B2 2D F2 2U2 2B2 2U2
rubiks-7,CtrX8s~v05,,CtrX8s~v05#00,3900,0,3900,0,CtrX8s~v05#00,CtrX8s,CtrX8s~v05,8,0,10,2B2 R 2D' 2U' 2B2 2D 2U 2B2 R' 2B2
rubiks-7,CtrX8s~v06,,CtrX8s~v06#00,3900,0,3900,0,CtrX8s~v06#00,CtrX8s,CtrX8s~v06,8,0,10,2B2 R 2B2 2U' 2D' 2B2 2U 2D R' 2B2
rubiks-7,CtrX8s~v07,,CtrX8s~v07#00,3900,0,3900,0,CtrX8s~v07#00,CtrX8s,CtrX8s~v07,8,0,10,2D2 R' 2B' 2F' 2D2 2B 2F 2D2 R 2D2
rubiks-7,CtrX8s~v08,,CtrX8s~v08#00,3900,0,3900,0,CtrX8s~v08#00,CtrX8s,CtrX8s~v08,8,0,10,2D2 R' 2D2 2F' 2B' 2D2 2F 2B R 2D2
rubiks-7,EAll12[2x6][XY>YX],,EAll12[2x6][XY>YX]#00,11660,0,11660,0,EAll12[2x6][XY>YX]#00,EAll12[2x6][XY>YX],EAll12[2x6][XY>YX],84,12,22,U R2 F B R B2 R U2 L B2 R U' D' R2 F L' R U2 D2 B2 D2 B2
rubiks-7,EAll12[3x4],,EAll12[3x4]#00,11660,0,11660,0,EAll12[3x4]#00,EAll12[3x4],EAll12[3x4],156,8,16,F B2 R' D2 B R U D' R L' D' F' R2 D F2 B'
rubiks-7,EAll12[6x2],,EAll12[6x2]#00,11660,0,11660,0,EAll12[6x2]#00,EAll12[6x2],EAll12[6x2],108,8,22,F B2 R' D2 B R U D' R L' D' F' R2 D F2 B' L2 R2 U2 D2 F2 B2
rubiks-7,EAll12[XY>YX],,EAll12[XY>YX]#00,11660,0,11660,0,EAll12[XY>YX]#00,EAll12[XY>YX],EAll12[XY>YX],108,12,20,U R2 F B R B2 R U2 L B2 R U' D' R2 F R' L B2 U2 F2
rubiks-7,EAll12s,,EAll12s#00,11660,0,11660,0,EAll12s#00,EAll12s,EAll12s,156,0,6,U2 D2 F2 B2 R2 L2
rubiks-7,EAll2[FL>LF;RF>FR],,EAll2[FL>LF;RF>FR]#00,3780,0,3780,0,EAll2[FL>LF;RF>FR]#00,EAll2[FL>LF;RF>FR],EAll2[FL>LF;RF>FR],2,2,15,R F U F' U2 F2 U D R U' R' D' F2 U R'
rubiks-7,EAll2[LB>BL;RF>FR],,EAll2[LB>BL;RF>FR]#00,3370,0,3370,0,EAll2[LB>BL;RF>FR]#00,EAll2[LB>BL;RF>FR],EAll2[LB>BL;RF>FR],2,2,15,L F' U' F U2 F2 U' D' L' U L D F2 U' L'
rubiks-7,EAll2[RF>FR;UB>BU],,EAll2[RF>FR;UB>BU]#00,2710,0,2710,0,EAll2[RF>FR;UB>BU]#00,EAll2[RF>FR;UB>BU],EAll2[RF>FR;UB>BU],2,2,13,U R U' R2 U2 R L F R' F' L' U2 R
rubiks-7,EAll2[RF>FR;UF>FU],,EAll2[RF>FR;UF>FU]#00,2710,0,2710,0,EAll2[RF>FR;UF>FU]#00,EAll2[RF>FR;UF>FU],EAll2[RF>FR;UF>FU],2,2,13,D R U' R' D' F2 U F U F' U2 F2 U
rubiks-7,EAll3[BR>FL>FR],,EAll3[BR>FL>FR]#00,5260,0,5260,0,EAll3[BR>FL>FR]#00,EAll3[BR>FL>FR],EAll3[BR>FL>FR],51,2,6,R2 U D' F2 D U'
rubiks-7,EAll3[BR>FL>RF],,EAll3[BR>FL>RF]#00,5260,0,5260,0,EAll3[BR>FL>RF]#00,EAll3[BR>FL>RF],EAll3[BR>FL>RF],3,0,12,L' D' F' U' F U' D R' U R U L
rubiks-7,EAll3[BR>FR>FL],,EAll3[BR>FR>FL]#00,5260,0,5260,0,EAll3[BR>FR>FL]#00,EAll3[BR>FR>FL],EAll3[BR>FR>FL],51,2,6,U D' F2 D U' R2
rubiks-7,EAll3[BR>FR>LF],,EAll3[BR>FR>LF]#00,5260,0,5260,0,EAll3[BR>FR>LF]#00,EAll3[BR>FR>LF],EAll3[BR>FR>LF],51,2,10,R2 B D' U R' F2 R U' D B'
rubiks-7,EAll3[BR>LF>FR],,EAll3[BR>LF>FR]#00,5260,0,5260,0,EAll3[BR>LF>FR]#00,EAll3[BR>LF>FR],EAll3[BR>LF>FR],51,2,10,B D' U R' F2 R U' D B' R2
rubiks-7,EAll3[BR>LF>RF],,EAll3[BR>LF>RF]#00,5260,0,5260,0,EAll3[BR>LF>RF]#00,EAll3[BR>LF>RF],EAll3[BR>LF>RF],51,2,10,F2 L' D U' F R2 F' U D' L
rubiks-7,EAll3[BR>RF>FL],,EAll3[BR>RF>FL]#00,5260,0,5260,0,EAll3[BR>RF>FL]#00,EAll3[BR>RF>FL],EAll3[BR>RF>FL],3,0,12,L' U' R' U' R D' U F' U F D L
rubiks-7,EAll3[BR>RF>LF],,EAll3[BR>RF>LF]#00,5260,0,5260,0,EAll3[BR>RF>LF]#00,EAll3[BR>RF>LF],EAll3[BR>RF>LF],51,2,10,L' D U' F R2 F' U D' L F2
rubiks-7,EAll3[DR>BU>FL],,EAll3[DR>BU>FL]#00,3120,0,3120,0,EAll3[DR>BU>FL]#00,EAll3[DR>BU>FL],EAll3[DR>BU>FL],51,2,9,R F' R L' U2 R' L F' R'
rubiks-7,EAll3[DR>BU>LF],,EAll3[DR>BU>LF]#00,3120,0,3120,0,EAll3[DR>BU>LF]#00,EAll3[DR>BU>LF],EAll3[DR>BU>LF],3,2,13,L B D' B D F' B R' B' R F B2 L'
rubiks-7,EAll3[DR>FL>BU],,EAll3[DR>FL>BU]#00,3120,0,3120,0,EAll3[DR>FL>BU]#00,EAll3[DR>FL>BU],EAll3[DR>FL>BU],51,2,9,R F L' R U2 L R' F R'
rubiks-7,EAll3[DR>LF>BU],,EAll3[DR>LF>BU]#00,3120,0,3120,0,EAll3[DR>LF>BU]#00,EAll3[DR>LF>BU],EAll3[DR>LF>BU],3,2,13,L B2 F' R' B R B' F D' B' D B' L'
rubiks-7,EAll3[FL>BU>FR],,EAll3[FL>BU>FR]#00,4600,0,4600,0,EAll3[FL>BU>FR]#00,EAll3[FL>BU>FR],EAll3[FL>BU>FR],51,2,7,F R L' U2 L R' F
rubiks-7,EAll3[FL>BU>RF],,EAll3[FL>BU>RF]#00,4600,0,4600,0,EAll3[FL>BU>RF]#00,EAll3[FL>BU>RF],EAll3[FL>BU>RF],3,2,10,D R U R' U D' F U' F' U'
rubiks-7,EAll3[FL>BU>RU],,EAll3[FL>BU>RU]#00,3530,0,3530,0,EAll3[FL>BU>RU]#00,EAll3[FL>BU>RU],EAll3[FL>BU>RU],51,2,10,U F' U' F' U' F' U F U F
rubiks-7,EAll3[FL>BU>UR],,EAll3[FL>BU>UR]#00,3530,0,3530,0,EAll3[FL>BU>UR]#00,EAll3[FL>BU>UR],EAll3[FL>BU>UR],51,2,9,B L B' F U2 F' B L B'
rubiks-7,EAll3[FL>FR>BU],,EAll3[FL>FR>BU]#00,4600,0,4600,0,EAll3[FL>FR>BU]#00,EAll3[FL>FR>BU],EAll3[FL>FR>BU],51,2,7,F' R L' U2 L R' F'
rubiks-7,EAll3[FL>FR>FU],,EAll3[FL>FR>FU]#00,4600,0,4600,0,EAll3[FL>FR>FU]#00,EAll3[FL>FR>FU],EAll3[FL>FR>FU],51,2,9,U2 F' R L' U2 R' L F' U2
rubiks-7,EAll3[FL>FR>RU],,EAll3[FL>FR>RU]#00,4600,0,4600,0,EAll3[FL>FR>RU]#00,EAll3[FL>FR>RU],EAll3[FL>FR>RU],51,2,9,U' F' R L' U2 L R' F' U
rubiks-7,EAll3[FL>FR>UB],,EAll3[FL>FR>UB]#00,4600,0,4600,0,EAll3[FL>FR>UB]#00,EAll3[FL>FR>UB],EAll3[FL>FR>UB],51,2,9,U' L U2 B2 D2 R D2 B2 U'
rubiks-7,EAll3[FL>FR>UF],,EAll3[FL>FR>UF]#00,4600,0,4600,0,EAll3[FL>FR>UF]#00,EAll3[FL>FR>UF],EAll3[FL>FR>UF],51,2,9,U L U2 B2 D2 R D2 B2 U
rubiks-7,EAll3[FL>FR>UR],,EAll3[FL>FR>UR]#00,4600,0,4600,0,EAll3[FL>FR>UR]#00,EAll3[FL>FR>UR],EAll3[FL>FR>UR],51,2,8,U2 L U2 B2 D2 R D2 B2
rubiks-7,EAll3[FL>FU>FR],,EAll3[FL>FU>FR]#00,4600,0,4600,0,EAll3[FL>FU>FR]#00,EAll3[FL>FU>FR],EAll3[FL>FU>FR],51,2,9,U2 F L' R U2 L R' F U2
rubiks-7,EAll3[FL>FU>RF],,EAll3[FL>FU>RF]#00,4600,0,4600,0,EAll3[FL>FU>RF]#00,EAll3[FL>FU>RF],EAll3[FL>FU>RF],3,2,10,D R U' R' D' U F U F' U'
rubiks-7,EAll3[FL>RF>BU],,EAll3[FL>RF>BU]#00,4600,0,4600,0,EAll3[FL>RF>BU]#00,EAll3[FL>RF>BU],EAll3[FL>RF>BU],3,2,10,U F U F' D U' R U' R' D'
rubiks-7,EAll3[FL>RF>FU],,EAll3[FL>RF>FU]#00,4600,0,4600,0,EAll3[FL>RF>FU]#00,EAll3[FL>RF>FU],EAll3[FL>RF>FU],3,2,10,U F U' F' U' D R U R' D'
rubiks-7,EAll3[FL>RF>RU],,EAll3[FL>RF>RU]#00,4600,0,4600,0,EAll3[FL>RF>RU]#00,EAll3[FL>RF>RU],EAll3[FL>RF>RU],3,2,10,F U F' D U' R U' R' D' U
rubiks-7,EAll3[FL>RF>UB],,EAll3[FL>RF>UB]#00,4600,0,4600,0,EAll3[FL>RF>UB]#00,EAll3[FL>RF>UB],EAll3[FL>RF>UB],3,0,10,D' L' U' L D U' F' U F U
rubiks-7,EAll3[FL>RF>UF],,EAll3[FL>RF>UF]#00,4600,0,4600,0,EAll3[FL>RF>UF]#00,EAll3[FL>RF>UF],EAll3[FL>RF>UF],3,0,10,D' L' U L U' D F' U' F U
rubiks-7,EAll3[FL>RF>UR],,EAll3[FL>RF>UR]#00,4600,0,4600,0,EAll3[FL>RF>UR]#00,EAll3[FL>RF>UR],EAll3[FL>RF>UR],3,0,10,U D' L' U L U' D F' U' F
rubiks-7,EAll3[FL>RU>BU],,EAll3[FL>RU>BU]#00,3530,0,3530,0,EAll3[FL>RU>BU]#00,EAll3[FL>RU>BU],EAll3[FL>RU>BU],51,2,10,F' U' F' U' F U F U F U'
rubiks-7,EAll3[FL>RU>FR],,EAll3[FL>RU>FR]#00,4600,0,4600,0,EAll3[FL>RU>FR]#00,EAll3[FL>RU>FR],EAll3[FL>RU>FR],51,2,9,U' F R L' U2 L R' F U
rubiks-7,EAll3[FL>RU>RF],,EAll3[FL>RU>RF]#00,4600,0,4600,0,EAll3[FL>RU>RF]#00,EAll3[FL>RU>RF],EAll3[FL>RU>RF],3,2,10,U' D R U R' U D' F U' F'
rubiks-7,EAll3[FL>RU>UB],,EAll3[FL>RU>UB]#00,3530,0,3530,0,EAll3[FL>RU>UB]#00,EAll3[FL>RU>UB],EAll3[FL>RU>UB],51,2,13,F' U R F U' D R2 D' U F R' U' F
rubiks-7,EAll3[FL>UB>FR],,EAll3[FL>UB>FR]#00,4600,0,4600,0,EAll3[FL>UB>FR]#00,EAll3[FL>UB>FR],EAll3[FL>UB>FR],51,2,9,U B2 D2 R' D2 B2 U2 L' U
rubiks-7,EAll3[FL>UB>RF],,EAll3[FL>UB>RF]#00,4600,0,4600,0,EAll3[FL>UB>RF]#00,EAll3[FL>UB>RF],EAll3[FL>UB>RF],3,0,10,U' F' U' F U D' L' U L D
rubiks-7,EAll3[FL>UB>RU],,EAll3[FL>UB>RU]#00,3530,0,3530,0,EAll3[FL>UB>RU]#00,EAll3[FL>UB>RU],EAll3[FL>UB>RU],51,2,13,F' U R F' U' D R2 D' U F' R' U' F
rubiks-7,EAll3[FL>UB>UR],,EAll3[FL>UB>UR]#00,3530,0,3530,0,EAll3[FL>UB>UR]#00,EAll3[FL>UB>UR],EAll3[FL>UB>UR],51,0,10,L U L U L' U' L' U' L' U
rubiks-7,EAll3[FL>UF>FR],,EAll3[FL>UF>FR]#00,4600,0,4600,0,EAll3[FL>UF>FR]#00,EAll3[FL>UF>FR],EAll3[FL>UF>FR],51,2,9,U' B2 D2 R' D2 B2 U2 L' U'
rubiks-7,EAll3[FL>UF>RF],,EAll3[FL>UF>RF]#00,4600,0,4600,0,EAll3[FL>UF>RF]#00,EAll3[FL>UF>RF],EAll3[FL>UF>RF],3,0,10,U' F' U F D' U L' U' L D
rubiks-7,EAll3[FL>UR>BU],,EAll3[FL>UR>BU]#00,3530,0,3530,0,EAll3[FL>UR>BU]#00,EAll3[FL>UR>BU],EAll3[FL>UR>BU],51,2,9,B L' B' F U2 F' B L' B'
rubiks-7,EAll3[FL>UR>FR],,EAll3[FL>UR>FR]#00,4600,0,4600,0,EAll3[FL>UR>FR]#00,EAll3[FL>UR>FR],EAll3[FL>UR>FR],51,2,8,B2 D2 R' D2 B2 U2 L' U2
rubiks-7,EAll3[FL>UR>RF],,EAll3[FL>UR>RF]#00,4600,0,4600,0,EAll3[FL>UR>RF]#00,EAll3[FL>UR>RF],EAll3[FL>UR>RF],3,0,10,F' U F D' U L' U' L D U'
rubiks-7,EAll3[FL>UR>UB],,EAll3[FL>UR>UB]#00,3530,0,3530,0,EAll3[FL>UR>UB]#00,EAll3[FL>UR>UB],EAll3[FL>UR>UB],51,0,10,U' L U L U L U' L' U' L'
rubiks-7,EAll3[LB>FR>FU],,EAll3[LB>FR>FU]#00,4190,0,4190,0,EAll3[LB>FR>FU]#00,EAll3[LB>FR>FU],EAll3[LB>FR>FU],3,2,11,L U L U' D F' U' F D' U L2
rubiks-7,EAll3[LB>FR>UF],,EAll3[LB>FR>UF]#00,4190,0,4190,0,EAll3[LB>FR>UF]#00,EAll3[LB>FR>UF],EAll3[LB>FR>UF],3,2,12,B2 U' D B U' B' U D' R U R' B2
rubiks-7,EAll3[LB>FU>FR],,EAll3[LB>FU>FR]#00,4190,0,4190,0,EAll3[LB>FU>FR]#00,EAll3[LB>FU>FR],EAll3[LB>FU>FR],3,2,11,L2 U' D F' U F D' U L' U' L'
rubiks-7,EAll3[LB>FU>RF],,EAll3[LB>FU>RF]#00,4190,0,4190,0,EAll3[LB>FU>RF]#00,EAll3[LB>FU>RF],EAll3[LB>FU>RF],51,2,11,B2 U R' F' B U2 B' F R' U' B2
rubiks-7,EAll3[LB>RF>FU],,EAll3[LB>RF>FU]#00,4190,0,4190,0,EAll3[LB>RF>FU]#00,EAll3[LB>RF>FU],EAll3[LB>RF>FU],51,2,11,B2 U R F' B U2 B' F R U' B2
rubiks-7,EAll3[LB>RF>UF],,EAll3[LB>RF>UF]#00,4190,0,4190,0,EAll3[LB>RF>UF]#00,EAll3[LB>RF>UF],EAll3[LB>RF>UF],99,0,9,B2 U2 L2 D2 F' R2 D2 L2 B
rubiks-7,EAll3[LB>UF>FR],,EAll3[LB>UF>FR]#00,4190,0,4190,0,EAll3[LB>UF>FR]#00,EAll3[LB>UF>FR],EAll3[LB>UF>FR],3,2,12,B2 R U' R' D U' B U B' D' U B2
rubiks-7,EAll3[LB>UF>RF],,EAll3[LB>UF>RF]#00,4190,0,4190,0,EAll3[LB>UF>RF]#00,EAll3[LB>UF>RF],EAll3[LB>UF>RF],99,0,9,B' L2 D2 R2 F D2 L2 U2 B2
rubiks-7,EAll3[RF>BU>RU],,EAll3[RF>BU>RU]#00,3530,0,3530,0,EAll3[RF>BU>RU]#00,EAll3[RF>BU>RU],EAll3[RF>BU>RU],51,2,10,R' U' R' U' R' U R U R U
rubiks-7,EAll3[RF>BU>UR],,EAll3[RF>BU>UR]#00,3530,0,3530,0,EAll3[RF>BU>UR]#00,EAll3[RF>BU>UR],EAll3[RF>BU>UR],51,2,13,F U R F' U' D R2 D' U F' R' U' F'
rubiks-7,EAll3[RF>FU>RU],,EAll3[RF>FU>RU]#00,3530,0,3530,0,EAll3[RF>FU>RU]#00,EAll3[RF>FU>RU],EAll3[RF>FU>RU],51,2,11,U2 R' U' R' U' R U R U R U
rubiks-7,EAll3[RF>FU>UR],,EAll3[RF>FU>UR]#00,3530,0,3530,0,EAll3[RF>FU>UR]#00,EAll3[RF>FU>UR],EAll3[RF>FU>UR],3,2,16,R' U R F' B L F' L' F B' U F U' R' U' R
rubiks-7,EAll3[RF>RU>BU],,EAll3[RF>RU>BU]#00,3530,0,3530,0,EAll3[RF>RU>BU]#00,EAll3[RF>RU>BU],EAll3[RF>RU>BU],51,2,10,U' R' U' R' U' R U R U R
rubiks-7,EAll3[RF>RU>FU],,EAll3[RF>RU>FU]#00,3530,0,3530,0,EAll3[RF>RU>FU]#00,EAll3[RF>RU>FU],EAll3[RF>RU>FU],51,2,11,U' R' U' R' U' R' U R U R U2
rubiks-7,EAll3[RF>RU>UB],,EAll3[RF>RU>UB]#00,3530,0,3530,0,EAll3[RF>RU>UB]#00,EAll3[RF>RU>UB],EAll3[RF>RU>UB],3,2,10,F R2 L2 B' R' B R2 L2 F' R
rubiks-7,EAll3[RF>UB>RU],,EAll3[RF>UB>RU]#00,3530,0,3530,0,EAll3[RF>UB>RU]#00,EAll3[RF>UB>RU],EAll3[RF>UB>RU],3,2,10,R' F L2 R2 B' R B L2 R2 F'
rubiks-7,EAll3[RF>UB>UR],,EAll3[RF>UB>UR]#00,3530,0,3530,0,EAll3[RF>UB>UR]#00,EAll3[RF>UB>UR],EAll3[RF>UB>UR],3,0,10,B D2 U2 F' U' F D2 U2 B' U
rubiks-7,EAll3[RF>UR>BU],,EAll3[RF>UR>BU]#00,3530,0,3530,0,EAll3[RF>UR>BU]#00,EAll3[RF>UR>BU],EAll3[RF>UR>BU],51,2,13,F U R F U' D R2 D' U F R' U' F'
rubiks-7,EAll3[RF>UR>FU],,EAll3[RF>UR>FU]#00,3530,0,3530,0,EAll3[RF>UR>FU]#00,EAll3[RF>UR>FU],EAll3[RF>UR>FU],3,2,16,R' U R U F' U' B F' L F L' B' F R' U' R
rubiks-7,EAll3[RF>UR>UB],,EAll3[RF>UR>UB]#00,3530,0,3530,0,EAll3[RF>UR>UB]#00,EAll3[RF>UR>UB],EAll3[RF>UR>UB],3,0,10,U' B U2 D2 F' U F U2 D2 B'
rubiks-7,EAll4[BR>RB;FL>LF;LB>BL;RF>FR],,EAll4[BR>RB;FL>LF;LB>BL;RF>FR]#00,6740,0,6740,0,EAll4[BR>RB;FL>LF;LB>BL;RF>FR]#00,EAll4[BR>RB;FL>LF;LB>BL;RF>FR],EAll4[BR>RB;FL>LF;LB>BL;RF>FR],4,4,19,F L2 R F2 R F' U F L D F2 D' F L' F' U' L2 R2 F'
rubiks-7,EAll4[DB>BD;FL>LF;RF>FR;UB>BU],,EAll4[DB>BD;FL>LF;RF>FR;UB>BU]#00,5010,0,5010,0,EAll4[DB>BD;FL>LF;RF>FR;UB>BU]#00,EAll4[DB>BD;FL>LF;RF>FR;UB>BU],EAll4[DB>BD;FL>LF;RF>FR;UB>BU],4,4,17,R2 L' B2 L' B D' B' R' U' B2 U B' R B D R2 L2
rubiks-7,EAll4[DF>FD;FL>LF;RF>FR;UF>FU],,EAll4[DF>FD;FL>LF;RF>FR;UF>FU]#00,5010,0,5010,0,EAll4[DF>FD;FL>LF;RF>FR;UF>FU]#00,EAll4[DF>FD;FL>LF;RF>FR;UF>FU],EAll4[DF>FD;FL>LF;RF>FR;UF>FU],4,4,14,R' F2 R F' U F L D F2 D' F L' F' U'
rubiks-7,ME2[BR>RB;FL>LF]~v01,,ME2[BR>RB;FL>LF]~v01#00,90,0,90,0,ME2[BR>RB;FL>LF]~v01#00,ME2[BR>RB;FL>LF],ME2[BR>RB;FL>LF]~v01,10,2,11,E R E R' F2 R E' R E' R2 F2
rubiks-7,ME2[BR>RB;FL>LF]~v02,,ME2[BR>RB;FL>LF]~v02#00,90,0,90,0,ME2[BR>RB;FL>LF]~v02#00,ME2[BR>RB;FL>LF],ME2[BR>RB;FL>LF]~v02,10,2,11,F2 R2 E R' E R' F2 R E' R' E'
rubiks-7,ME2[FL>LF;RF>FR]~v01,,ME2[FL>LF;RF>FR]~v01#00,100,0,100,0,ME2[FL>LF;RF>FR]~v01#00,ME2[FL>LF;RF>FR],ME2[FL>LF;RF>FR]~v01,10,2,11,F2 E' F E' F R2 F' E F E R2
rubiks-7,ME2[FL>LF;RF>FR]~v02,,ME2[FL>LF;RF>FR]~v02#00,100,0,100,0,ME2[FL>LF;RF>FR]~v02#00,ME2[FL>LF;RF>FR],ME2[FL>LF;RF>FR]~v02,10,2,11,R2 E' F' E' F R2 F' E F' E F2
rubiks-7,ME2[FL>LF;UB>BU]~v01,,ME2[FL>LF;UB>BU]~v01#00,70,0,70,0,ME2[FL>LF;UB>BU]~v01#00,ME2[FL>LF;UB>BU],ME2[FL>LF;UB>BU]~v01,10,2,11,E B' E B2 L2 E' B' E' B L2 B'
rubiks-7,ME2[FL>LF;UB>BU]~v02,,ME2[FL>LF;UB>BU]~v02#00,70,0,70,0,ME2[FL>LF;UB>BU]~v02#00,ME2[FL>LF;UB>BU],ME2[FL>LF;UB>BU]~v02,10,2,11,B L2 B' E B E L2 B2 E' B E'
rubiks-7,ME2[RF>FR;UF>FU]~v01,,ME2[RF>FR;UF>FU]~v01#00,70,0,70,0,ME2[RF>FR;UF>FU]~v01#00,ME2[RF>FR;UF>FU],ME2[RF>FR;UF>FU]~v01,10,2,12,E F E' F2 L2 E F E F' L2 F E2
rubiks-7,ME2[RF>FR;UF>FU]~v02,,ME2[RF>FR;UF>FU]~v02#00,70,0,70,0,ME2[RF>FR;UF>FU]~v02#00,ME2[RF>FR;UF>FU],ME2[RF>FR;UF>FU]~v02,10,2,12,E2 F' L2 F E' F' E' L2 F2 E F' E'
rubiks-7,ME3[BR>FL>RU],,ME3[BR>FL>RU]#00,110,0,110,0,ME3[BR>FL>RU]#00,ME3[BR>FL>RU],ME3[BR>FL>RU],3,2,8,E2 F U F' E2 F U' F'
rubiks-7,ME3[BR>FL>UR],,ME3[BR>FL>UR]#00,110,0,110,0,ME3[BR>FL>UR]#00,ME3[BR>FL>UR],ME3[BR>FL>UR],11,0,7,B2 L' S' L2 S L' B2
rubiks-7,ME3[BR>LF>RU],,ME3[BR>LF>RU]#00,110,0,110,0,ME3[BR>LF>RU]#00,ME3[BR>LF>RU],ME3[BR>LF>RU],11,2,9,L' S' L' E L2 E' L' S L
rubiks-7,ME3[BR>LF>UR],,ME3[BR>LF>UR]#00,110,0,110,0,ME3[BR>LF>UR]#00,ME3[BR>LF>UR],ME3[BR>LF>UR],11,2,10,B2 R B2 R' E' R B2 R' E B2
rubiks-7,ME3[BR>RU>FL],,ME3[BR>RU>FL]#00,110,0,110,0,ME3[BR>RU>FL]#00,ME3[BR>RU>FL],ME3[BR>RU>FL],3,2,8,F U F' E2 F U' F' E2
rubiks-7,ME3[BR>RU>LF],,ME3[BR>RU>LF]#00,110,0,110,0,ME3[BR>RU>LF]#00,ME3[BR>RU>LF],ME3[BR>RU>LF],11,2,9,L' S' L E L2 E' L S L
rubiks-7,ME3[BR>UR>FL],,ME3[BR>UR>FL]#00,110,0,110,0,ME3[BR>UR>FL]#00,ME3[BR>UR>FL],ME3[BR>UR>FL],11,0,7,B2 L S' L2 S L B2
rubiks-7,ME3[BR>UR>LF],,ME3[BR>UR>LF]#00,110,0,110,0,ME3[BR>UR>LF]#00,ME3[BR>UR>LF],ME3[BR>UR>LF],11,2,10,B2 E' R B2 R' E R B2 R' B2
rubiks-7,ME3[DR>FL>BU],,ME3[DR>FL>BU]#00,80,0,80,0,ME3[DR>FL>BU]#00,ME3[DR>FL>BU],ME3[DR>FL>BU],11,2,7,B L' S L2 S' L' B'
rubiks-7,ME3[DR>LF>BU],,ME3[DR>LF>BU]#00,80,0,80,0,ME3[DR>LF>BU]#00,ME3[DR>LF>BU],ME3[DR>LF>BU],11,2,10,L S U' L2 U S' U' L2 U L'
rubiks-7,ME3[FL>BL>FR],,ME3[FL>BL>FR]#00,140,0,140,0,ME3[FL>BL>FR]#00,ME3[FL>BL>FR],ME3[FL>BL>FR],11,2,4,E F2 E' F2
rubiks-7,ME3[FL>BL>RF],,ME3[FL>BL>RF]#00,140,0,140,0,ME3[FL>BL>RF]#00,ME3[FL>BL>RF],ME3[FL>BL>RF],11,2,8,B E' B' L2 B E B' L2
rubiks-7,ME3[FL>FR>BU],,ME3[FL>FR>BU]#00,120,0,120,0,ME3[FL>FR>BU]#00,ME3[FL>FR>BU],ME3[FL>FR>BU],11,2,5,F' M F2 M' F'
rubiks-7,ME3[FL>FR>FU],,ME3[FL>FR>FU]#00,120,0,120,0,ME3[FL>FR>FU]#00,ME3[FL>FR>FU],ME3[FL>FR>FU],11,2,7,M2 F M' F2 M F M2
rubiks-7,ME3[FL>FR>LU],,ME3[FL>FR>LU]#00,120,0,120,0,ME3[FL>FR>LU]#00,ME3[FL>FR>LU],ME3[FL>FR>LU],11,2,7,E R' S R2 S' R' E'
rubiks-7,ME3[FL>FR>UB],,ME3[FL>FR>UB]#00,120,0,120,0,ME3[FL>FR>UB]#00,ME3[FL>FR>UB],ME3[FL>FR>UB],11,2,7,M' F M' F2 M F M
rubiks-7,ME3[FL>FR>UF],,ME3[FL>FR>UF]#00,120,0,120,0,ME3[FL>FR>UF]#00,ME3[FL>FR>UF],ME3[FL>FR>UF],11,2,7,M' F' M F2 M' F' M
rubiks-7,ME3[FL>FR>UL],,ME3[FL>FR>UL]#00,120,0,120,0,ME3[FL>FR>UL]#00,ME3[FL>FR>UL],ME3[FL>FR>UL],11,2,8,R S R2 S' R' E R2 E'
rubiks-7,ME3[FL>LB>FR],,ME3[FL>LB>FR]#00,140,0,140,0,ME3[FL>LB>FR]#00,ME3[FL>LB>FR],ME3[FL>LB>FR],11,2,8,F2 R E R' F2 R E' R'
rubiks-7,ME3[FL>LB>RF],,ME3[FL>LB>RF]#00,140,0,140,0,ME3[FL>LB>RF]#00,ME3[FL>LB>RF],ME3[FL>LB>RF],3,0,9,L S L F2 L' S' L F2 L2
rubiks-7,ME3[FL>LU>FR],,ME3[FL>LU>FR]#00,120,0,120,0,ME3[FL>LU>FR]#00,ME3[FL>LU>FR],ME3[FL>LU>FR],11,2,7,E R S R2 S' R E'
rubiks-7,ME3[FL>LU>RF],,ME3[FL>LU>RF]#00,120,0,120,0,ME3[FL>LU>RF]#00,ME3[FL>LU>RF],ME3[FL>LU>RF],11,2,8,L F2 L' E L F2 L' E'
rubiks-7,ME3[FL>RF>BU],,ME3[FL>RF>BU]#00,120,0,120,0,ME3[FL>RF>BU]#00,ME3[FL>RF>BU],ME3[FL>RF>BU],11,2,8,B L2 B' E' B L2 B' E
rubiks-7,ME3[FL>RF>FU],,ME3[FL>RF>FU]#00,120,0,120,0,ME3[FL>RF>FU]#00,ME3[FL>RF>FU],ME3[FL>RF>FU],11,2,9,E2 F R2 F' E' F R2 F' E'
rubiks-7,ME3[FL>RF>LU],,ME3[FL>RF>LU]#00,120,0,120,0,ME3[FL>RF>LU]#00,ME3[FL>RF>LU],ME3[FL>RF>LU],11,2,8,E L F2 L' E' L F2 L'
rubiks-7,ME3[FL>RF>UB],,ME3[FL>RF>UB]#00,120,0,120,0,ME3[FL>RF>UB]#00,ME3[FL>RF>UB],ME3[FL>RF>UB],11,0,8,E B' R2 B E' B' R2 B
rubiks-7,ME3[FL>RF>UF],,ME3[FL>RF>UF]#00,120,0,120,0,ME3[FL>RF>UF]#00,ME3[FL>RF>UF],ME3[FL>RF>UF],11,0,9,E' F' L2 F E' F' L2 F E2
rubiks-7,ME3[FL>RF>UL],,ME3[FL>RF>UL]#00,120,0,120,0,ME3[FL>RF>UL]#00,ME3[FL>RF>UL],ME3[FL>RF>UL],3,0,8,L F' M F L' F' M' F
rubiks-7,ME3[FL>UL>FR],,ME3[FL>UL>FR]#00,120,0,120,0,ME3[FL>UL>FR]#00,ME3[FL>UL>FR],ME3[FL>UL>FR],11,2,8,E R2 E' R S R2 S' R'
rubiks-7,ME3[FL>UL>RF],,ME3[FL>UL>RF]#00,120,0,120,0,ME3[FL>UL>RF]#00,ME3[FL>UL>RF],ME3[FL>UL>RF],3,0,8,F' M F L F' M' F L'
rubiks-7,ME3[RF>BU>LU],,ME3[RF>BU>LU]#00,90,0,90,0,ME3[RF>BU>LU]#00,ME3[RF>BU>LU],ME3[RF>BU>LU],3,2,8,U' L' E2 L U L' E2 L
rubiks-7,ME3[RF>BU>UL],,ME3[RF>BU>UL]#00,90,0,90,0,ME3[RF>BU>UL]#00,ME3[RF>BU>UL],ME3[RF>BU>UL],11,2,9,S' R' D M' D2 M D R S
rubiks-7,ME3[RF>FU>LU],,ME3[RF>FU>LU]#00,90,0,90,0,ME3[RF>FU>LU]#00,ME3[RF>FU>LU],ME3[RF>FU>LU],3,2,8,U L' E2 L U' L' E2 L
rubiks-7,ME3[RF>FU>UL],,ME3[RF>FU>UL]#00,90,0,90,0,ME3[RF>FU>UL]#00,ME3[RF>FU>UL],ME3[RF>FU>UL],11,2,9,E L' B M' B2 M B L E'
rubiks-7,ME3[RF>FU>UR],,ME3[RF>FU>UR]#00,90,0,90,0,ME3[RF>FU>UR]#00,ME3[RF>FU>UR],ME3[RF>FU>UR],3,2,12,S2 L' E R U' R' E' R U R' L S2
rubiks-7,ME3[RF>UB>LU],,ME3[RF>UB>LU]#00,90,0,90,0,ME3[RF>UB>LU]#00,ME3[RF>UB>LU],ME3[RF>UB>LU],11,2,7,L F' M F2 M' F' L'
rubiks-7,ME3[RF>UB>UL],,ME3[RF>UB>UL]#00,90,0,90,0,ME3[RF>UB>UL]#00,ME3[RF>UB>UL],ME3[RF>UB>UL],3,0,8,B E2 B' U B E2 B' U'
rubiks-7,ME3[RF>UF>LU],,ME3[RF>UF>LU]#00,90,0,90,0,ME3[RF>UF>LU]#00,ME3[RF>UF>LU],ME3[RF>UF>LU],3,2,8,R' S2 R F R' S2 R F'
rubiks-7,ME3[RF>UF>RU],,ME3[RF>UF>RU]#00,90,0,90,0,ME3[RF>UF>RU]#00,ME3[RF>UF>RU],ME3[RF>UF>RU],11,2,9,E2 R B' M' B2 M B' R' E2
rubiks-7,ME3[RF>UF>UL],,ME3[RF>UF>UL]#00,90,0,90,0,ME3[RF>UF>UL]#00,ME3[RF>UF>UL],ME3[RF>UF>UL],3,0,8,R S R' F R S' R' F'
rubiks-7,ME4[BR>BL;FL>FR;LB>BR;RF>FL],,ME4[BR>BL;FL>FR;LB>BR;RF>FL]#00,180,0,180,0,ME4[BR>BL;FL>FR;LB>BR;RF>FL]#00,ME4[BR>BL;FL>FR;LB>BR;RF>FL],ME4[BR>BL;FL>FR;LB>BR;RF>FL],12,2,12,E' L' E' L F2 L' E L R2 E R2 F2
rubiks-7,ME4[BR>BL;FL>FR],,ME4[BR>BL;FL>FR]#00,180,0,180,0,ME4[BR>BL;FL>FR]#00,ME4[BR>BL;FL>FR],ME4[BR>BL;FL>FR],12,4,4,E2 F2 E2 F2
rubiks-7,ME4[BR>BL;FL>RF;LB>BR;RF>LF],,ME4[BR>BL;FL>RF;LB>BR;RF>LF]#00,180,0,180,0,ME4[BR>BL;FL>RF;LB>BR;RF>LF]#00,ME4[BR>BL;FL>RF;LB>BR;RF>LF],ME4[BR>BL;FL>RF;LB>BR;RF>LF],12,2,12,B2 E L' E L B2 L' E' L R2 E' R2
rubiks-7,ME4[BR>BL;FL>RF],,ME4[BR>BL;FL>RF]#00,180,0,180,0,ME4[BR>BL;FL>RF]#00,ME4[BR>BL;FL>RF],ME4[BR>BL;FL>RF],12,2,12,E B2 L E L' B2 L E' L' B2 E' B2
rubiks-7,ME4[BR>BU;DF>FL;FL>FD;UB>BR],,ME4[BR>BU;DF>FL;FL>FD;UB>BR]#00,120,0,120,0,ME4[BR>BU;DF>FL;FL>FD;UB>BR]#00,ME4[BR>BU;DF>FL;FL>FD;UB>BR],ME4[BR>BU;DF>FL;FL>FD;UB>BR],20,2,21,F' E' F2 E F' M F2 M' F2 E F L2 F' E F E' L2 F2 E F E2
rubiks-7,ME4[BR>BU;DF>LF;FL>DF;UB>BR],,ME4[BR>BU;DF>LF;FL>DF;UB>BR]#00,120,0,120,0,ME4[BR>BU;DF>LF;FL>DF;UB>BR]#00,ME4[BR>BU;DF>LF;FL>DF;UB>BR],ME4[BR>BU;DF>LF;FL>DF;UB>BR],20,2,16,E F' M F2 M' F' L2 E' L2 D2 B' E' B2 E B' D2
rubiks-7,ME4[BR>BU;DF>LF],,ME4[BR>BU;DF>LF]#00,120,0,120,0,ME4[BR>BU;DF>LF]#00,ME4[BR>BU;DF>LF],ME4[BR>BU;DF>LF],20,4,14,D2 B' E' B2 E B' D2 U2 F' E' F2 E F' U2
rubiks-7,ME4[BR>FL;FL>RB;LB>FR;RF>LB],,ME4[BR>FL;FL>RB;LB>FR;RF>LB]#00,180,0,180,0,ME4[BR>FL;FL>RB;LB>FR;RF>LB]#00,ME4[BR>FL;FL>RB;LB>FR;RF>LB],ME4[BR>FL;FL>RB;LB>FR;RF>LB],12,2,12,E' R2 F E' F' R2 F E F' L2 E L2
rubiks-7,ME4[BR>FR;FL>LF;LB>BR;RF>LB],,ME4[BR>FR;FL>LF;LB>BR;RF>LB]#00,180,0,180,0,ME4[BR>FR;FL>LF;LB>BR;RF>LB]#00,ME4[BR>FR;FL>LF;LB>BR;RF>LB],ME4[BR>FR;FL>LF;LB>BR;RF>LB],12,2,12,F2 E F2 B2 L' E L B2 L' E' L E'
rubiks-7,ME4[BR>FR;FL>LF;LB>RB;RF>BL],,ME4[BR>FR;FL>LF;LB>RB;RF>BL]#00,180,0,180,0,ME4[BR>FR;FL>LF;LB>RB;RF>BL]#00,ME4[BR>FR;FL>LF;LB>RB;RF>BL],ME4[BR>FR;FL>LF;LB>RB;RF>BL],20,4,11,E B2 L E L' B2 L E' L E' L2
rubiks-7,ME4[BR>FU;DB>FL;FL>BD;UF>BR],,ME4[BR>FU;DB>FL;FL>BD;UF>BR]#00,120,0,120,0,ME4[BR>FU;DB>FL;FL>BD;UF>BR]#00,ME4[BR>FU;DB>FL;FL>BD;UF>BR],ME4[BR>FU;DB>FL;FL>BD;UF>BR],20,2,19,D2 B U2 B' M' B U2 B' M D2 F' M' F2 M F' E' F2 E F2
rubiks-7,ME4[BR>FU;DB>LF;FL>DB;UF>BR],,ME4[BR>FU;DB>LF;FL>DB;UF>BR]#00,120,0,120,0,ME4[BR>FU;DB>LF;FL>DB;UF>BR]#00,ME4[BR>FU;DB>LF;FL>DB;UF>BR],ME4[BR>FU;DB>LF;FL>DB;UF>BR],20,2,18,M' F M F2 M' F M E' F2 E F2 U2 B' E' B2 E B' U2
rubiks-7,ME4[BR>FU;DB>LF],,ME4[BR>FU;DB>LF]#00,120,0,120,0,ME4[BR>FU;DB>LF]#00,ME4[BR>FU;DB>LF],ME4[BR>FU;DB>LF],12,4,13,F E' F2 E F M2 B2 M2 B' E' B2 E B
rubiks-7,ME4[BR>LF;LB>FR],,ME4[BR>LF;LB>FR]#00,180,0,180,0,ME4[BR>LF;LB>FR]#00,ME4[BR>LF;LB>FR],ME4[BR>LF;LB>FR],12,4,14,L E L' B2 L E' L' R E' R' B2 R E R'
rubiks-7,ME4[BR>LF;LB>RF],,ME4[BR>LF;LB>RF]#00,180,0,180,0,ME4[BR>LF;LB>RF]#00,ME4[BR>LF;LB>RF],ME4[BR>LF;LB>RF],12,2,12,R' E' R B2 R' E R B2 E B2 E' B2
rubiks-7,ME4[BR>RB;FL>LF;LB>BL;RF>FR]~v01,,ME4[BR>RB;FL>LF;LB>BL;RF>FR]~v01#00,180,0,180,0,ME4[BR>RB;FL>LF;LB>BL;RF>FR]~v01#00,ME4[BR>RB;FL>LF;LB>BL;RF>FR],ME4[BR>RB;FL>LF;LB>BL;RF>FR]~v01,12,4,19,R2 E' R' E' R' B2 R E R' E2 L' E L B2 L' E' L' E' L2
rubiks-7,ME4[BR>RB;FL>LF;LB>BL;RF>FR]~v02,,ME4[BR>RB;FL>LF;LB>BL;RF>FR]~v02#00,180,0,180,0,ME4[BR>RB;FL>LF;LB>BL;RF>FR]~v02#00,ME4[BR>RB;FL>LF;LB>BL;RF>FR],ME4[BR>RB;FL>LF;LB>BL;RF>FR]~v02,12,4,19,L2 E L E L B2 L' E' L E2 R E' R' B2 R E R E R2
rubiks-7,ME4[BR>RF;FL>LF;LB>BR;RF>BL],,ME4[BR>RF;FL>LF;LB>BR;RF>BL]#00,180,0,180,0,ME4[BR>RF;FL>LF;LB>BR;RF>BL]#00,ME4[BR>RF;FL>LF;LB>BR;RF>BL],ME4[BR>RF;FL>LF;LB>BR;RF>BL],20,2,17,F' E' F R2 F' E F E' F' E' F R2 F' E F' E F2
rubiks-7,ME4[BR>RF;FL>LF;LB>RB;RF>LB],,ME4[BR>RF;FL>LF;LB>RB;RF>LB]#00,180,0,180,0,ME4[BR>RF;FL>LF;LB>RB;RF>LB]#00,ME4[BR>RF;FL>LF;LB>RB;RF>LB],ME4[BR>RF;FL>LF;LB>RB;RF>LB],12,2,11,E2 B2 E2 B' E' B' L2 B E B' L2
rubiks-7,ME4[BR>UB;DF>LF],,ME4[BR>UB;DF>LF]#00,120,0,120,0,ME4[BR>UB;DF>LF]#00,ME4[BR>UB;DF>LF],ME4[BR>UB;DF>LF],12,2,15,E' F' M F2 M' F E F2 M2 F' M F2 M' F' M2
rubiks-7,ME4[BR>UF;DB>LF],,ME4[BR>UF;DB>LF]#00,120,0,120,0,ME4[BR>UF;DB>LF]#00,ME4[BR>UF;DB>LF],ME4[BR>UF;DB>LF],12,2,14,E B' M' B2 M B' R2 E' F M' F2 M F R2
rubiks-7,ME4[DB>BD;FL>LF;RF>FR;UB>BU]~v01,,ME4[DB>BD;FL>LF;RF>FR;UB>BU]~v01#00,130,0,130,0,ME4[DB>BD;FL>LF;RF>FR;UB>BU]~v01#00,ME4[DB>BD;FL>LF;RF>FR;UB>BU],ME4[DB>BD;FL>LF;RF>FR;UB>BU]~v01,20,4,18,E' B E' B2 E B E2 B' R2 B E' B' R2 E F2 E' F2 B
rubiks-7,ME4[DB>BD;FL>LF;RF>FR;UB>BU]~v02,,ME4[DB>BD;FL>LF;RF>FR;UB>BU]~v02#00,130,0,130,0,ME4[DB>BD;FL>LF;RF>FR;UB>BU]~v02#00,ME4[DB>BD;FL>LF;RF>FR;UB>BU],ME4[DB>BD;FL>LF;RF>FR;UB>BU]~v02,20,4,18,B' F2 E F2 E' R2 B E B' R2 B E2 B' E' B2 E B' E
rubiks-7,ME4[DB>BU;FL>LF;RF>BD;UB>FR],,ME4[DB>BU;FL>LF;RF>BD;UB>FR]#00,130,0,130,0,ME4[DB>BU;FL>LF;RF>BD;UB>FR]#00,ME4[DB>BU;FL>LF;RF>BD;UB>FR],ME4[DB>BU;FL>LF;RF>BD;UB>FR],12,4,14,M' F' M' F2 M F' M2 F U2 F' M' F U2 F'
rubiks-7,ME4[DB>BU;FL>LF;RF>DB;UB>RF],,ME4[DB>BU;FL>LF;RF>DB;UB>RF]#00,130,0,130,0,ME4[DB>BU;FL>LF;RF>DB;UB>RF]#00,ME4[DB>BU;FL>LF;RF>DB;UB>RF],ME4[DB>BU;FL>LF;RF>DB;UB>RF],20,2,11,M F U2 F' M' F U2 M' F2 M F
rubiks-7,ME4[DB>BU;FL>RF],,ME4[DB>BU;FL>RF]#00,130,0,130,0,ME4[DB>BU;FL>RF]#00,ME4[DB>BU;FL>RF],ME4[DB>BU;FL>RF],12,2,13,M' F D2 F' M2 F U2 F' M' F D2 U2 F'
rubiks-7,ME4[DB>FL;FL>BD;RF>UB;UB>FR],,ME4[DB>FL;FL>BD;RF>UB;UB>FR]#00,130,0,130,0,ME4[DB>FL;FL>BD;RF>UB;UB>FR]#00,ME4[DB>FL;FL>BD;RF>UB;UB>FR],ME4[DB>FL;FL>BD;RF>UB;UB>FR],20,2,13,B E B2 E' B E' B' L2 B E B' L2 B
rubiks-7,ME4[DB>FL;RF>BU],,ME4[DB>FL;RF>BU]#00,130,0,130,0,ME4[DB>FL;RF>BU]#00,ME4[DB>FL;RF>BU],ME4[DB>FL;RF>BU],4,2,13,E' B E' B2 E B E2 B' E B2 E' B' E'
rubiks-7,ME4[DB>FU;LB>FR;RF>LB;UF>DB],,ME4[DB>FU;LB>FR;RF>LB;UF>DB]#00,120,0,120,0,ME4[DB>FU;LB>FR;RF>LB;UF>DB]#00,ME4[DB>FU;LB>FR;RF>LB;UF>DB],ME4[DB>FU;LB>FR;RF>LB;UF>DB],12,2,27,D2 L2 M2 F' M' F2 D2 M F' M' F D2 F' M' L2 D2 M U M U' B2 U M' U M' U2 B2
rubiks-7,ME4[DB>FU;LB>FR],,ME4[DB>FU;LB>FR]#00,120,0,120,0,ME4[DB>FU;LB>FR]#00,ME4[DB>FU;LB>FR],ME4[DB>FU;LB>FR],12,4,20,D2 L2 E' F L2 F' E' F E2 L2 E2 L2 F' E F L2 F' E L2 D2
rubiks-7,ME4[DB>LF;FL>DB;RF>UB;UB>FR],,ME4[DB>LF;FL>DB;RF>UB;UB>FR]#00,130,0,130,0,ME4[DB>LF;FL>DB;RF>UB;UB>FR]#00,ME4[DB>LF;FL>DB;RF>UB;UB>FR],ME4[DB>LF;FL>DB;RF>UB;UB>FR],12,2,12,F M' F2 M F E' B E' B2 E B E
rubiks-7,ME4[DB>LF;RF>BU],,ME4[DB>LF;RF>BU]#00,130,0,130,0,ME4[DB>LF;RF>BU]#00,ME4[DB>LF;RF>BU],ME4[DB>LF;RF>BU],12,4,12,E' B E' B2 E2 L2 E' B E B' L2 B
rubiks-7,ME4[DB>LF;RF>UB],,ME4[DB>LF;RF>UB]#00,130,0,130,0,ME4[DB>LF;RF>UB]#00,ME4[DB>LF;RF>UB],ME4[DB>LF;RF>UB],12,2,6,B' R2 E2 R2 E2 B
rubiks-7,ME4[DB>UB;FL>FR],,ME4[DB>UB;FL>FR]#00,130,0,130,0,ME4[DB>UB;FL>FR]#00,ME4[DB>UB;FL>FR],ME4[DB>UB;FL>FR],12,2,5,F' M2 F2 M2 F'
rubiks-7,ME4[DB>UB;FL>LF;RF>BD;UB>RF],,ME4[DB>UB;FL>LF;RF>BD;UB>RF]#00,130,0,130,0,ME4[DB>UB;FL>LF;RF>BD;UB>RF]#00,ME4[DB>UB;FL>LF;RF>BD;UB>RF],ME4[DB>UB;FL>LF;RF>BD;UB>RF],12,2,11,B' E2 B2 E2 R2 B' E B R2 B' E'
rubiks-7,ME4[DB>UB;FL>LF;RF>DB;UB>FR],,ME4[DB>UB;FL>LF;RF>DB;UB>FR]#00,130,0,130,0,ME4[DB>UB;FL>LF;RF>DB;UB>FR]#00,ME4[DB>UB;FL>LF;RF>DB;UB>FR],ME4[DB>UB;FL>LF;RF>DB;UB>FR],12,2,11,E B' R2 B E' B' R2 E2 B2 E2 B'
rubiks-7,ME4[DB>UB;FL>RF;RF>LF;UB>BD],,ME4[DB>UB;FL>RF;RF>LF;UB>BD]#00,130,0,130,0,ME4[DB>UB;FL>RF;RF>LF;UB>BD]#00,ME4[DB>UB;FL>RF;RF>LF;UB>BD],ME4[DB>UB;FL>RF;RF>LF;UB>BD],12,2,11,M' F' D2 F M F' M' D2 F2 M F'
rubiks-7,ME4[DB>UF;LB>FR;RF>LB;UF>BD],,ME4[DB>UF;LB>FR;RF>LB;UF>BD]#00,120,0,120,0,ME4[DB>UF;LB>FR;RF>LB;UF>BD]#00,ME4[DB>UF;LB>FR;RF>LB;UF>BD],ME4[DB>UF;LB>FR;RF>LB;UF>BD],12,2,16,D2 L2 M2 F' M' F2 D2 M F' M' F D2 F' M' L2 D2
rubiks-7,ME4[DB>UF;LB>FR],,ME4[DB>UF;LB>FR]#00,120,0,120,0,ME4[DB>UF;LB>FR]#00,ME4[DB>UF;LB>FR],ME4[DB>UF;LB>FR],12,2,19,D2 L2 E2 F' E F2 E' F' E F L2 F' E' F L2 F' E2 L2 D2
rubiks-7,ME4[DF>FD;FL>LF;RF>FR;UF>FU]~v01,,ME4[DF>FD;FL>LF;RF>FR;UF>FU]~v01#00,130,0,130,0,ME4[DF>FD;FL>LF;RF>FR;UF>FU]~v01#00,ME4[DF>FD;FL>LF;RF>FR;UF>FU],ME4[DF>FD;FL>LF;RF>FR;UF>FU]~v01,12,4,19,E F' E' F2 E F' E' M2 F' M' F2 M U2 F' M F U2 F' M
rubiks-7,ME4[DF>FD;FL>LF;RF>FR;UF>FU]~v02,,ME4[DF>FD;FL>LF;RF>FR;UF>FU]~v02#00,130,0,130,0,ME4[DF>FD;FL>LF;RF>FR;UF>FU]~v02#00,ME4[DF>FD;FL>LF;RF>FR;UF>FU],ME4[DF>FD;FL>LF;RF>FR;UF>FU]~v02,12,4,19,M' F U2 F' M' F U2 M' F2 M F M2 E F E' F2 E F E'
rubiks-7,ME4[DF>FL;FL>FD;RF>UF;UF>FR],,ME4[DF>FL;FL>FD;RF>UF;UF>FR]#00,130,0,130,0,ME4[DF>FL;FL>FD;RF>UF;UF>FR]#00,ME4[DF>FL;FL>FD;RF>UF;UF>FR],ME4[DF>FL;FL>FD;RF>UF;UF>FR],20,2,15,E2 F E F2 E' F E' F' R2 F E F' R2 F E2
rubiks-7,ME4[DF>FL;RF>FU],,ME4[DF>FL;RF>FU]#00,130,0,130,0,ME4[DF>FL;RF>FU]#00,ME4[DF>FL;RF>FU],ME4[DF>FL;RF>FU],4,2,13,M F' M' F2 M F' M2 F M F2 M' F M
rubiks-7,ME4[DF>FU;FL>LF;RF>DF;UF>RF],,ME4[DF>FU;FL>LF;RF>DF;UF>RF]#00,130,0,130,0,ME4[DF>FU;FL>LF;RF>DF;UF>RF]#00,ME4[DF>FU;FL>LF;RF>DF;UF>RF],ME4[DF>FU;FL>LF;RF>DF;UF>RF],20,2,12,M F' D2 F M F' D2 M F2 M' F' M2
rubiks-7,ME4[DF>FU;FL>LF;RF>FD;UF>FR],,ME4[DF>FU;FL>LF;RF>FD;UF>FR]#00,130,0,130,0,ME4[DF>FU;FL>LF;RF>FD;UF>FR]#00,ME4[DF>FU;FL>LF;RF>FD;UF>FR],ME4[DF>FU;FL>LF;RF>FD;UF>FR],12,4,15,M2 F U2 F' M F U2 F' M2 F M' F2 M F M'
rubiks-7,ME4[DF>FU;FL>RF],,ME4[DF>FU;FL>RF]#00,130,0,130,0,ME4[DF>FU;FL>RF]#00,ME4[DF>FU;FL>RF],ME4[DF>FU;FL>RF],12,2,16,E' F L2 F' E' F E2 L2 E2 L2 F' E F L2 F' E
rubiks-7,ME4[DF>LF;FL>DF;RF>UF;UF>FR],,ME4[DF>LF;FL>DF;RF>UF;UF>FR]#00,130,0,130,0,ME4[DF>LF;FL>DF;RF>UF;UF>FR]#00,ME4[DF>LF;FL>DF;RF>UF;UF>FR],ME4[DF>LF;FL>DF;RF>UF;UF>FR],12,2,12,E2 F' E' R2 F2 E F' E' F' R2 F E'
rubiks-7,ME4[DF>LF;RF>FU],,ME4[DF>LF;RF>FU]#00,130,0,130,0,ME4[DF>LF;RF>FU]#00,ME4[DF>LF;RF>FU],ME4[DF>LF;RF>FU],12,4,13,E2 F' E' F2 E F' E' F' E' F2 E F' E'
rubiks-7,ME4[DF>LF;RF>UF],,ME4[DF>LF;RF>UF]#00,130,0,130,0,ME4[DF>LF;RF>UF]#00,ME4[DF>LF;RF>UF],ME4[DF>LF;RF>UF],12,2,8,E2 F' R2 E2 R2 E2 F E2
rubiks-7,ME4[DF>UF;FL>FR],,ME4[DF>UF;FL>FR]#00,130,0,130,0,ME4[DF>UF;FL>FR]#00,ME4[DF>UF;FL>FR],ME4[DF>UF;FL>FR],12,2,7,E2 F E2 F2 E2 F E2
rubiks-7,ME4[DF>UF;FL>LF;RF>DF;UF>FR],,ME4[DF>UF;FL>LF;RF>DF;UF>FR]#00,130,0,130,0,ME4[DF>UF;FL>LF;RF>DF;UF>FR]#00,ME4[DF>UF;FL>LF;RF>DF;UF>FR],ME4[DF>UF;FL>LF;RF>DF;UF>FR],12,2,12,E' F' L2 F E' F' L2 E2 F2 E2 F' E2
rubiks-7,ME4[DF>UF;FL>LF;RF>FD;UF>RF],,ME4[DF>UF;FL>LF;RF>FD;UF>RF]#00,130,0,130,0,ME4[DF>UF;FL>LF;RF>FD;UF>RF]#00,ME4[DF>UF;FL>LF;RF>FD;UF>RF],ME4[DF>UF;FL>LF;RF>FD;UF>RF],12,2,12,E2 F' E2 F2 E2 L2 F' E F L2 F' E
rubiks-7,ME4[DF>UF;FL>RF;RF>LF;UF>FD],,ME4[DF>UF;FL>RF;RF>LF;UF>FD]#00,130,0,130,0,ME4[DF>UF;FL>RF;RF>LF;UF>FD]#00,ME4[DF>UF;FL>RF;RF>LF;UF>FD],ME4[DF>UF;FL>RF;RF>LF;UF>FD],12,2,12,M2 F' M' F2 D2 M F' M' F D2 F' M'
rubiks-7,ME4[FL>FR;RF>FL;UL>RU;UR>UL],,ME4[FL>FR;RF>FL;UL>RU;UR>UL]#00,140,0,140,0,ME4[FL>FR;RF>FL;UL>RU;UR>UL]#00,ME4[FL>FR;RF>FL;UL>RU;UR>UL],ME4[FL>FR;RF>FL;UL>RU;UR>UL],12,2,18,L2 B2 D2 E2 R' E' R2 B2 E R' E' R B2 R' E' D2 B2 L2
rubiks-7,ME4[FL>FR;UL>RU],,ME4[FL>FR;UL>RU]#00,140,0,140,0,ME4[FL>FR;UL>RU]#00,ME4[FL>FR;UL>RU],ME4[FL>FR;UL>RU],12,4,19,E R2 E' R2 E2 R E2 R2 E2 R E2 D S D' R2 D S' D' R2
rubiks-7,ME4[FL>FR;UL>UR],,ME4[FL>FR;UL>UR]#00,140,0,140,0,ME4[FL>FR;UL>UR]#00,ME4[FL>FR;UL>UR],ME4[FL>FR;UL>UR],12,2,11,E R2 E' R2 S' R' S2 R2 S2 R' S
rubiks-7,ME4[FL>RF;RF>LF;UL>RU;UR>UL],,ME4[FL>RF;RF>LF;UL>RU;UR>UL]#00,140,0,140,0,ME4[FL>RF;RF>LF;UL>RU;UR>UL]#00,ME4[FL>RF;RF>LF;UL>RU;UR>UL],ME4[FL>RF;RF>LF;UL>RU;UR>UL],12,2,16,E2 L' B2 L E' L' B2 L E' S R' E R2 E' R' S'
rubiks-7,ME4[FL>RF;UL>RU],,ME4[FL>RF;UL>RU]#00,140,0,140,0,ME4[FL>RF;UL>RU]#00,ME4[FL>RF;UL>RU],ME4[FL>RF;UL>RU],12,2,22,L2 B2 D2 S R D2 R' S R S2 D2 S2 D2 R' S' R D2 R' S' D2 B2 L2
rubiks-7,ME4s[BR<>FL;LB<>RF],,ME4s[BR<>FL;LB<>RF]#00,180,0,180,0,ME4s[BR<>FL;LB<>RF]#00,ME4s[BR<>FL;LB<>RF],ME4s[BR<>FL;LB<>RF],12,0,6,R2 E2 F2 E2 F2 R2
rubiks-7,ME4s[BR<>LB;FL<>RF],,ME4s[BR<>LB;FL<>RF]#00,180,0,180,0,ME4s[BR<>LB;FL<>RF]#00,ME4s[BR<>LB;FL<>RF],ME4s[BR<>LB;FL<>RF],12,0,16,R2 B' E B R2 B' E' B F E' F' R2 F E F' R2
rubiks-7,ME4s[BR<>UB;DF<>FL],,ME4s[BR<>UB;DF<>FL]#00,120,0,120,0,ME4s[BR<>UB;DF<>FL]#00,ME4s[BR<>UB;DF<>FL],ME4s[BR<>UB;DF<>FL],12,0,15,E' B' E B2 E' B' E M B' E' B2 E B M' B2
rubiks-7,ME4s[BR<>UF;DB<>FL],,ME4s[BR<>UF;DB<>FL]#00,120,0,120,0,ME4s[BR<>UF;DB<>FL]#00,ME4s[BR<>UF;DB<>FL],ME4s[BR<>UF;DB<>FL],12,0,16,M B' M B2 M' B' F M F2 M' F M' E2 B2 E2 B2
rubiks-7,ME4s[DB<>UB;FL<>RF],,ME4s[DB<>UB;FL<>RF]#00,130,0,130,0,ME4s[DB<>UB;FL<>RF]#00,ME4s[DB<>UB;FL<>RF],ME4s[DB<>UB;FL<>RF],12,0,13,B E B2 E' B E B' R2 B E' B' R2 B
rubiks-7,ME4s[DB<>UF;LB<>RF],,ME4s[DB<>UF;LB<>RF]#00,120,0,120,0,ME4s[DB<>UF;LB<>RF]#00,ME4s[DB<>UF;LB<>RF],ME4s[DB<>UF;LB<>RF],12,0,11,D2 L2 E2 F E2 F2 E2 F E2 L2 D2
rubiks-7,ME4s[DF<>UF;FL<>RF],,ME4s[DF<>UF;FL<>RF]#00,130,0,130,0,ME4s[DF<>UF;FL<>RF]#00,ME4s[DF<>UF;FL<>RF],ME4s[DF<>UF;FL<>RF],12,0,15,E2 F' E F2 E' F' E F L2 F' E' F L2 F' E2
rubiks-7,MidCenterBar(HH),,MidCenterBar(HH)#00,7200,0,7200,0,MidCenterBar(HH)#00,CtrMidBar6p[3x2][F@D>R@U>R@B;F@U>R@D>R@F],MidCenterBar(HH),12,0,12,E U' D R' E' R E' U D' F' E F
rubiks-7,MidCenterBar(HV),,MidCenterBar(HV)#00,7400,0,7400,0,MidCenterBar(HV)#00,CtrMidBar6p[3x2][F@L>R@D>R@F;F@R>R@U>R@B],MidCenterBar(HV),12,0,12,F E U' D R' E' R E' U D' F' E
rubiks-7,MidCenterBar(VV),,MidCenterBar(VV)#00,7200,0,7200,0,MidCenterBar(VV)#00,CtrMidBar6p[3x2][F@L>R@F>R@D;F@R>R@B>R@U],MidCenterBar(VV),12,0,12,E' F D U' E R' E R D' U E' F'
rubiks-7,MidCenterBar-Adjacent3Center-A,,MidCenterBar-Adjacent3Center-A#00,10800,0,10800,0,MidCenterBar-Adjacent3Center-A#00,CtrMidBar6p[3x2][F@L>L@U>R@D;F@R>L@D>R@U],MidCenterBar-Adjacent3Center-A,12,0,14,R F D U' E R' E R D' U E' F' E' R'
rubiks-7,MidCenterBar-Adjacent3Center-B,,MidCenterBar-Adjacent3Center-B#00,11000,0,11000,0,MidCenterBar-Adjacent3Center-B#00,CtrMidBar6p[3x2][F@L>L@U>R@F;F@R>L@D>R@B],MidCenterBar-Adjacent3Center-B,12,0,12,F D U' E R' E R D' U E' F' E'
rubiks-7,MidCenterBar-Adjacent3Center-C,,MidCenterBar-Adjacent3Center-C#00,10600,0,10600,0,MidCenterBar-Adjacent3Center-C#00,CtrMidBar6p[3x2][F@D>L@D>R@U;F@U>L@U>R@D],MidCenterBar-Adjacent3Center-C,12,0,14,R D U' E R' E R D' U E' F' E' F R'
rubiks-7,MidCenterBar-Adjacent3Center-D,,MidCenterBar-Adjacent3Center-D#00,10800,0,10800,0,MidCenterBar-Adjacent3Center-D#00,CtrMidBar6p[3x2][F@D>L@D>R@B;F@U>L@U>R@F],MidCenterBar-Adjacent3Center-D,12,0,12,D U' E R' E R D' U E' F' E' F
rubiks-7,MidCenterBar-Adjacent3Center-E,,MidCenterBar-Adjacent3Center-E#00,11000,0,11000,0,MidCenterBar-Adjacent3Center-E#00,CtrMidBar6p[3x2][F@L>L@F>R@D;F@R>L@B>R@U],MidCenterBar-Adjacent3Center-E,12,0,16,L' R F D U' E R' E R D' U E' F' E' R' L
rubiks-7,MidCenterBar-Adjacent3Center-F,,MidCenterBar-Adjacent3Center-F#00,11200,0,11200,0,MidCenterBar-Adjacent3Center-F#00,CtrMidBar6p[3x2][F@L>L@F>R@F;F@R>L@B>R@B],MidCenterBar-Adjacent3Center-F,12,0,14,L' F D U' E R' E R D' U E' F' E' L
rubiks-7,MidCenterBar-Adjacent3Center-G,,MidCenterBar-Adjacent3Center-G#00,10800,0,10800,0,MidCenterBar-Adjacent3Center-G#00,CtrMidBar6p[3x2][F@D>L@B>R@D;F@U>L@F>R@U],MidCenterBar-Adjacent3Center-G,12,0,16,L R' U' D E R E R' U D' E' F E' F' R L'
rubiks-7,MidCenterBar-Adjacent3Center-H,,MidCenterBar-Adjacent3Center-H#00,11000,0,11000,0,MidCenterBar-Adjacent3Center-H#00,CtrMidBar6p[3x2][F@D>L@B>R@B;F@U>L@F>R@F],MidCenterBar-Adjacent3Center-H,12,0,14,L' D U' E R' E R D' U E' F' E' F L
rubiks-7,MidCenterBar-Adjacent3Center-OA,,MidCenterBar-Adjacent3Center-OA#00,10000,0,10000,0,MidCenterBar-Adjacent3Center-OA#00,CtrMidBar6p[3x2][F@L>R@F>U@F;F@R>R@B>U@B],MidCenterBar-Adjacent3Center-OA,12,0,14,E U S' U' B' F S R S R' B F' S' E'
rubiks-7,MidCenterBar-Adjacent3Center-OB,,MidCenterBar-Adjacent3Center-OB#00,10000,0,10000,0,MidCenterBar-Adjacent3Center-OB#00,CtrMidBar6p[3x2][F@L>U@F>R@F;F@R>U@B>R@B],MidCenterBar-Adjacent3Center-OB,12,0,14,E S F B' R S' R' S' F' B U S U' E'
rubiks-7,MidCenterBar-Adjacent3Center-OC,,MidCenterBar-Adjacent3Center-OC#00,10000,0,10000,0,MidCenterBar-Adjacent3Center-OC#00,CtrMidBar6p[3x2][F@L>R@F>U@L;F@R>R@B>U@R],MidCenterBar-Adjacent3Center-OC,12,0,14,E S' U' B' F S R S R' B F' S' U E'
rubiks-7,MidCenterBar-Adjacent3Center-OD,,MidCenterBar-Adjacent3Center-OD#00,10000,0,10000,0,MidCenterBar-Adjacent3Center-OD#00,CtrMidBar6p[3x2][F@L>U@L>R@F;F@R>U@R>R@B],MidCenterBar-Adjacent3Center-OD,12,0,14,E U' S F B' R S' R' S' F' B U S E'
rubiks-7,MidCenterBar-Opp(HV),,MidCenterBar-Opp(HV)#00,7600,0,7600,0,MidCenterBar-Opp(HV)#00,CtrMidBar6p[3x2][L@B>L@U>R@F;L@D>R@B>L@F],MidCenterBar-Opp(HV),12,0,12,R S2 F2 B2 L' S2 L S2 F2 B2 R' S2
rubiks-7,MidCenterBar-Opp(VV),,MidCenterBar-Opp(VV)#00,7800,0,7800,0,MidCenterBar-Opp(VV)#00,CtrMidBar6p[3x2][L@B>R@F>L@U;L@D>L@F>R@B],MidCenterBar-Opp(VV),12,0,12,S2 R B2 F2 S2 L' S2 L B2 F2 S2 R'
rubiks-7,OuterCenterBar-A,,OuterCenterBar-A#00,14600,0,14600,0,OuterCenterBar-A#00,CtrBar3[F@2D>F@2U>R@2F],OuterCenterBar-A,15,0,8,R2 2D' R2 B2 L2 2U' L2 B2
rubiks-7,OuterCenterBar-B,,OuterCenterBar-B#00,14500,0,14500,0,OuterCenterBar-B#00,CtrBar3[F@2D>F@2U>R@2B],OuterCenterBar-B,15,0,8,B2 L2 2D' L2 B2 R2 2U' R2
rubiks-7,OuterCenterBar-C,,OuterCenterBar-C#00,14600,0,14600,0,OuterCenterBar-C#00,CtrBar3[F@2D>F@2U>R@2U],OuterCenterBar-C,15,0,9,R 2D' R2 B2 L2 2U' L2 B2 R
rubiks-7,OuterCenterBar-D,,OuterCenterBar-D#00,14500,0,14500,0,OuterCenterBar-D#00,CtrBar3[F@2R>R@2B>R@2F],OuterCenterBar-D,15,0,9,F 2D F2 L2 B2 2U B2 L2 F
rubiks-7,OuterCenterBar-E,,OuterCenterBar-E#00,14500,0,14500,0,OuterCenterBar-E#00,CtrBar3[F@2L>F@2R>R@2U],OuterCenterBar-E,15,0,11,F R' 2U R2 B2 L2 2D L2 B2 R' F'
rubiks-7,OuterCenterBar-F,,OuterCenterBar-F#00,14200,0,14200,0,OuterCenterBar-F#00,CtrBar3[F@2L>F@2R>R@2D],OuterCenterBar-F,15,0,11,F R 2U R2 B2 L2 2D L2 B2 R F'
rubiks-7,OuterCenterBar-G,,OuterCenterBar-G#00,14600,0,14600,0,OuterCenterBar-G#00,CtrBar3[F@2L>R@2U>F@2R],OuterCenterBar-G,15,0,11,F' R' 2U R2 B2 L2 2D L2 B2 R' F
rubiks-7,OuterCenterBar-H,,OuterCenterBar-H#00,14500,0,14500,0,OuterCenterBar-H#00,CtrBar3[F@2R>R@2D>R@2U],OuterCenterBar-H,15,0,11,R F' 2U' F2 L2 B2 2D' B2 L2 F' R'
rubiks-7,OuterCenterBar-IA,,OuterCenterBar-IA#00,22000,0,22000,0,OuterCenterBar-IA#00,CtrBar3[F@2U>R@2F>L@2F],OuterCenterBar-IA,15,0,11,L2 2U F2 R2 B2 2D' B2 R2 F2 2U2 L2
rubiks-7,OuterCenterBar-IB,,OuterCenterBar-IB#00,22000,0,22000,0,OuterCenterBar-IB#00,CtrBar3[F@2U>L@2F>R@2F],OuterCenterBar-IB,15,0,11,L2 2U2 F2 R2 B2 2D B2 R2 F2 2U' L2
rubiks-7,OuterCenterBar-JA,,OuterCenterBar-JA#00,22100,0,22100,0,OuterCenterBar-JA#00,CtrBar3[F@2U>R@2F>L@2B],OuterCenterBar-JA,15,0,9,2U F2 R2 B2 2D' B2 R2 F2 2U2
rubiks-7,OuterCenterBar-JB,,OuterCenterBar-JB#00,22100,0,22100,0,OuterCenterBar-JB#00,CtrBar3[F@2U>L@2B>R@2F],OuterCenterBar-JB,15,0,9,2U2 F2 R2 B2 2D B2 R2 F2 2U'
rubiks-7,OuterCenterBar-KA,,OuterCenterBar-KA#00,22000,0,22000,0,OuterCenterBar-KA#00,CtrBar3[F@2U>R@2B>L@2B],OuterCenterBar-KA,15,0,9,2D' L2 B2 R2 2U2 R2 B2 L2 2D'
rubiks-7,OuterCenterBar-KB,,OuterCenterBar-KB#00,22000,0,22000,0,OuterCenterBar-KB#00,CtrBar3[F@2U>L@2B>R@2B],OuterCenterBar-KB,15,0,9,2D L2 B2 R2 2U2 R2 B2 L2 2D
rubiks-7,OuterCenterBar-W,,OuterCenterBar-W#00,28800,0,28800,0,OuterCenterBar-W#00,CtrBar4s[F@2D<>R@2F;F@2U<>R@2B],OuterCenterBar-W,20,0,10,2U R2 B2 L2 2D 2U L2 B2 R2 2D
rubiks-7,OuterCenterBar-WW,,OuterCenterBar-WW#00,29000,0,29000,0,OuterCenterBar-WW#00,CtrBar4s[F@2L<>R@2F;F@2R<>R@2B],OuterCenterBar-WW,20,0,12,F' 2U' F2 L2 B2 2D' 2U' B2 L2 F2 2D' F
rubiks-7,OuterCenterBar-X,,OuterCenterBar-X#00,15400,0,15400,0,OuterCenterBar-X#00,CtrBar3[L@2B>R@2B>R@2F],OuterCenterBar-X,15,0,8,2D2 F2 R2 F2 2D2 F2 R2 F2
rubiks-7,OuterCenterBar-XX,,OuterCenterBar-XX#00,30600,0,30600,0,OuterCenterBar-XX#00,CtrBar4s[L@2B<>R@2B;L@2F<>R@2F],OuterCenterBar-XX,20,0,6,2U2 F2 B2 2D2 F2 B2
rubiks-7,OuterCenterBar-Y,,OuterCenterBar-Y#00,15400,0,15400,0,OuterCenterBar-Y#00,CtrBar3[L@2U>R@2D>R@2U],OuterCenterBar-Y,15,0,8,U2 R2 U2 2B2 U2 R2 U2 2B2
rubiks-7,OuterCenterBar-Z,,OuterCenterBar-Z#00,15400,0,15400,0,OuterCenterBar-Z#00,CtrBar3[L@2U>R@2B>R@2F],OuterCenterBar-Z,15,0,10,R' 2B2 D2 R2 D2 2B2 D2 R2 D2 R
rubiks-7,OuterCenterBar-ZZ,,OuterCenterBar-ZZ#00,30400,0,30400,0,OuterCenterBar-ZZ#00,CtrBar4s[L@2D<>R@2B;L@2U<>R@2F],OuterCenterBar-ZZ,20,0,8,R 2F2 U2 D2 2B2 U2 D2 R'
rubiks-7,W2-2s[BR@D<>FL@U]~v01,,W2-2s[BR@D<>FL@U]~v01#00,820,0,820,0,W2-2s[BR@D<>FL@U]~v01#00,W2-2s[BR@D<>FL@U],W2-2s[BR@D<>FL@U]~v01,12,2,15,2D2 B2 L2 2D' L2 2U B2 2U' B2 2D2 L2 2D L2 2D' B2
rubiks-7,W2-2s[BR@D<>FL@U]~v02,,W2-2s[BR@D<>FL@U]~v02#00,820,0,820,0,W2-2s[BR@D<>FL@U]~v02#00,W2-2s[BR@D<>FL@U],W2-2s[BR@D<>FL@U]~v02,12,2,16,2U2 L2 B2 2U' B2 2U2 2D' R2 2D' R2 2D2 B2 2U B2 2U' L2
rubiks-7,W2-2s[BR@U<>FL@U]~v01,,W2-2s[BR@U<>FL@U]~v01#00,900,0,900,0,W2-2s[BR@U<>FL@U]~v01#00,W2-2s[BR@U<>FL@U],W2-2s[BR@U<>FL@U]~v01,12,0,15,2U' R2 2D2 B2 2D' B2 2D 2U R2 F2 2D F2 R2 2D2 R2
rubiks-7,W2-2s[BR@U<>FL@U]~v02,,W2-2s[BR@U<>FL@U]~v02#00,900,0,900,0,W2-2s[BR@U<>FL@U]~v02#00,W2-2s[BR@U<>FL@U],W2-2s[BR@U<>FL@U]~v02,12,0,15,2D' F2 2U2 L2 2U' L2 2U' 2D' F2 R2 2D' R2 F2 2D2 F2
rubiks-7,W2-2s[BR@U<>FL@U]~v03,,W2-2s[BR@U<>FL@U]~v03#00,900,0,900,0,W2-2s[BR@U<>FL@U]~v03#00,W2-2s[BR@U<>FL@U],W2-2s[BR@U<>FL@U]~v03,12,0,15,2U' L2 2U 2D L2 2D' L2 2D2 L2 B2 2D B2 L2 2D2 L2
rubiks-7,W2-2s[BR@U<>FL@U]~v04,,W2-2s[BR@U<>FL@U]~v04#00,900,0,900,0,W2-2s[BR@U<>FL@U]~v04#00,W2-2s[BR@U<>FL@U],W2-2s[BR@U<>FL@U]~v04,12,0,15,2D L2 2D' 2U' L2 2U L2 2D2 L2 B2 2D B2 L2 2D2 L2
rubiks-7,W2-2s[BR@U<>FL@U]~v05,,W2-2s[BR@U<>FL@U]~v05#00,900,0,900,0,W2-2s[BR@U<>FL@U]~v05#00,W2-2s[BR@U<>FL@U],W2-2s[BR@U<>FL@U]~v05,12,0,15,2U' L2 2U 2D L2 2D' B2 2D2 B2 L2 2D' L2 B2 2D2 B2
rubiks-7,W2-2s[BR@U<>FL@U]~v06,,W2-2s[BR@U<>FL@U]~v06#00,900,0,900,0,W2-2s[BR@U<>FL@U]~v06#00,W2-2s[BR@U<>FL@U],W2-2s[BR@U<>FL@U]~v06,12,0,15,2D L2 2D' 2U' L2 2U B2 2D2 B2 L2 2D' L2 B2 2D2 B2
rubiks-7,W2-2s[BR@U<>FL@U]~v07,,W2-2s[BR@U<>FL@U]~v07#00,900,0,900,0,W2-2s[BR@U<>FL@U]~v07#00,W2-2s[BR@U<>FL@U],W2-2s[BR@U<>FL@U]~v07,12,0,15,2U' R2 2U 2D R2 2D' R2 2U2 R2 F2 2U F2 R2 2U2 R2
rubiks-7,W2-2s[BR@U<>FL@U]~v08,,W2-2s[BR@U<>FL@U]~v08#00,900,0,900,0,W2-2s[BR@U<>FL@U]~v08#00,W2-2s[BR@U<>FL@U],W2-2s[BR@U<>FL@U]~v08,12,0,15,2D R2 2D' 2U' R2 2U R2 2U2 R2 F2 2U F2 R2 2U2 R2
rubiks-7,W2-2s[BR@U<>FL@U]~v09,,W2-2s[BR@U<>FL@U]~v09#00,900,0,900,0,W2-2s[BR@U<>FL@U]~v09#00,W2-2s[BR@U<>FL@U],W2-2s[BR@U<>FL@U]~v09,12,0,15,2U' R2 2U 2D R2 2D' F2 2U2 F2 R2 2U' R2 F2 2U2 F2
rubiks-7,W2-2s[BR@U<>FL@U]~v10,,W2-2s[BR@U<>FL@U]~v10#00,900,0,900,0,W2-2s[BR@U<>FL@U]~v10#00,W2-2s[BR@U<>FL@U],W2-2s[BR@U<>FL@U]~v10,12,0,15,2D R2 2D' 2U' R2 2U F2 2U2 F2 R2 2U' R2 F2 2U2 F2
rubiks-7,W2-2s[BR@U<>FL@U]~v11,,W2-2s[BR@U<>FL@U]~v11#00,900,0,900,0,W2-2s[BR@U<>FL@U]~v11#00,W2-2s[BR@U<>FL@U],W2-2s[BR@U<>FL@U]~v11,12,0,15,2U B2 2U' 2D' B2 2D L2 2U2 R2 F2 2D F2 R2 2U2 L2
rubiks-7,W2-2s[BR@U<>FL@U]~v12,,W2-2s[BR@U<>FL@U]~v12#00,900,0,900,0,W2-2s[BR@U<>FL@U]~v12#00,W2-2s[BR@U<>FL@U],W2-2s[BR@U<>FL@U]~v12,12,0,15,2D' B2 2D 2U B2 2U' L2 2U2 R2 F2 2D F2 R2 2U2 L2
rubiks-7,W2-2s[BR@U<>FL@U]~v13,,W2-2s[BR@U<>FL@U]~v13#00,900,0,900,0,W2-2s[BR@U<>FL@U]~v13#00,W2-2s[BR@U<>FL@U],W2-2s[BR@U<>FL@U]~v13,12,0,15,2U' L2 2U 2D L2 2D' L2 2U2 R2 F2 2D F2 R2 2U2 L2
rubiks-7,W2-2s[BR@U<>FL@U]~v14,,W2-2s[BR@U<>FL@U]~v14#00,900,0,900,0,W2-2s[BR@U<>FL@U]~v14#00,W2-2s[BR@U<>FL@U],W2-2s[BR@U<>FL@U]~v14,12,0,15,2D L2 2D' 2U' L2 2U L2 2U2 R2 F2 2D F2 R2 2U2 L2
rubiks-7,W2-2s[BR@U<>FL@U]~v15,,W2-2s[BR@U<>FL@U]~v15#00,900,0,900,0,W2-2s[BR@U<>FL@U]~v15#00,W2-2s[BR@U<>FL@U],W2-2s[BR@U<>FL@U]~v15,12,0,15,2U B2 2U' 2D' B2 2D L2 2D2 R2 F2 2U F2 R2 2D2 L2
rubiks-7,W2-2s[BR@U<>FL@U]~v16,,W2-2s[BR@U<>FL@U]~v16#00,900,0,900,0,W2-2s[BR@U<>FL@U]~v16#00,W2-2s[BR@U<>FL@U],W2-2s[BR@U<>FL@U]~v16,12,0,15,2D' B2 2D 2U B2 2U' L2 2D2 R2 F2 2U F2 R2 2D2 L2
rubiks-7,W2-2s[BR@U<>FL@U]~v17,,W2-2s[BR@U<>FL@U]~v17#00,900,0,900,0,W2-2s[BR@U<>FL@U]~v17#00,W2-2s[BR@U<>FL@U],W2-2s[BR@U<>FL@U]~v17,12,0,15,2U' L2 2U 2D L2 2D' L2 2D2 R2 F2 2U F2 R2 2D2 L2
rubiks-7,W2-2s[BR@U<>FL@U]~v18,,W2-2s[BR@U<>FL@U]~v18#00,900,0,900,0,W2-2s[BR@U<>FL@U]~v18#00,W2-2s[BR@U<>FL@U],W2-2s[BR@U<>FL@U]~v18,12,0,15,2D L2 2D' 2U' L2 2U L2 2D2 R2 F2 2U F2 R2 2D2 L2
rubiks-7,W2-2s[FL@D<>RF@U]~v01,,W2-2s[FL@D<>RF@U]~v01#00,920,0,920,0,W2-2s[FL@D<>RF@U]~v01#00,W2-2s[FL@D<>RF@U],W2-2s[FL@D<>RF@U]~v01,12,2,14,2U2 R2 F2 2U F2 2U2 R2 2U F2 2U2 F2 R2 2U R2
rubiks-7,W2-2s[FL@D<>RF@U]~v02,,W2-2s[FL@D<>RF@U]~v02#00,920,0,920,0,W2-2s[FL@D<>RF@U]~v02#00,W2-2s[FL@D<>RF@U],W2-2s[FL@D<>RF@U]~v02,12,2,14,2D2 R2 F2 2D F2 2D2 R2 2D' F2 2D2 F2 R2 2D' R2
rubiks-7,W2-2s[FL@D<>RF@U]~v03,,W2-2s[FL@D<>RF@U]~v03#00,920,0,920,0,W2-2s[FL@D<>RF@U]~v03#00,W2-2s[FL@D<>RF@U],W2-2s[FL@D<>RF@U]~v03,12,2,14,2D2 R2 B2 2D B2 2D2 R2 2U F2 2D2 F2 R2 2U' R2
rubiks-7,W2-2s[FL@D<>RF@U]~v04,,W2-2s[FL@D<>RF@U]~v04#00,920,0,920,0,W2-2s[FL@D<>RF@U]~v04#00,W2-2s[FL@D<>RF@U],W2-2s[FL@D<>RF@U]~v04,12,2,14,2U2 R2 F2 2D' F2 2D2 R2 2D' F2 2U2 F2 R2 2U R2
rubiks-7,W2-2s[FL@D<>RF@U]~v05,,W2-2s[FL@D<>RF@U]~v05#00,920,0,920,0,W2-2s[FL@D<>RF@U]~v05#00,W2-2s[FL@D<>RF@U],W2-2s[FL@D<>RF@U]~v05,12,2,14,2U2 L2 B2 2D' B2 2D2 L2 2U' F2 2U2 F2 L2 2D' L2
rubiks-7,W2-2s[FL@D<>RF@U]~v06,,W2-2s[FL@D<>RF@U]~v06#00,920,0,920,0,W2-2s[FL@D<>RF@U]~v06#00,W2-2s[FL@D<>RF@U],W2-2s[FL@D<>RF@U]~v06,32,2,14,2D2 L2 B2 2U' B2 2U2 L2 2D F2 2D2 F2 L2 2U L2
rubiks-7,W2-2s[FL@D<>RF@U]~v07,,W2-2s[FL@D<>RF@U]~v07#00,920,0,920,0,W2-2s[FL@D<>RF@U]~v07#00,W2-2s[FL@D<>RF@U],W2-2s[FL@D<>RF@U]~v07,32,2,15,2U2 R2 F2 2U' F2 2U2 R2 2D' 2U2 F2 2D2 F2 L2 2U L2
rubiks-7,W2-2s[FL@D<>RF@U]~v08,,W2-2s[FL@D<>RF@U]~v08#00,920,0,920,0,W2-2s[FL@D<>RF@U]~v08#00,W2-2s[FL@D<>RF@U],W2-2s[FL@D<>RF@U]~v08,32,2,15,2D2 L2 B2 2U2 2D' B2 2D2 L2 2U' F2 2D2 F2 L2 2U L2
rubiks-7,W2-2s[FL@D<>RF@U]~v09,,W2-2s[FL@D<>RF@U]~v09#00,920,0,920,0,W2-2s[FL@D<>RF@U]~v09#00,W2-2s[FL@D<>RF@U],W2-2s[FL@D<>RF@U]~v09,12,2,15,2D2 R2 F2 2D2 2U F2 2U2 R2 2U F2 2D2 F2 R2 2D' R2
rubiks-7,W2-2s[FL@D<>RF@U]~v10,,W2-2s[FL@D<>RF@U]~v10#00,920,0,920,0,W2-2s[FL@D<>RF@U]~v10#00,W2-2s[FL@D<>RF@U],W2-2s[FL@D<>RF@U]~v10,12,2,15,2U2 R2 F2 2U F2 R2 2U2 R2 2U' R2 2U 2D R2 2D' R2
rubiks-7,W2-2s[FL@D<>RF@U]~v11,,W2-2s[FL@D<>RF@U]~v11#00,920,0,920,0,W2-2s[FL@D<>RF@U]~v11#00,W2-2s[FL@D<>RF@U],W2-2s[FL@D<>RF@U]~v11,12,2,15,2U2 R2 F2 2U F2 R2 2U2 R2 2D R2 2D' 2U' R2 2U R2
rubiks-7,W2-2s[FL@D<>RF@U]~v12,,W2-2s[FL@D<>RF@U]~v12#00,920,0,920,0,W2-2s[FL@D<>RF@U]~v12#00,W2-2s[FL@D<>RF@U],W2-2s[FL@D<>RF@U]~v12,12,2,15,2U2 L2 F2 2U F2 L2 2U2 L2 2D F2 2D' 2U' F2 2U L2
rubiks-7,W2-2s[FL@D<>RF@U]~v13,,W2-2s[FL@D<>RF@U]~v13#00,920,0,920,0,W2-2s[FL@D<>RF@U]~v13#00,W2-2s[FL@D<>RF@U],W2-2s[FL@D<>RF@U]~v13,12,2,15,2U2 L2 F2 2U F2 L2 2U2 L2 2U' F2 2U 2D F2 2D' L2
rubiks-7,W2-2s[FL@D<>RF@U]~v14,,W2-2s[FL@D<>RF@U]~v14#00,920,0,920,0,W2-2s[FL@D<>RF@U]~v14#00,W2-2s[FL@D<>RF@U],W2-2s[FL@D<>RF@U]~v14,12,2,15,2D2 R2 F2 2D F2 R2 2D2 R2 2U' R2 2U 2D R2 2D' R2
rubiks-7,W2-2s[FL@D<>RF@U]~v15,,W2-2s[FL@D<>RF@U]~v15#00,920,0,920,0,W2-2s[FL@D<>RF@U]~v15#00,W2-2s[FL@D<>RF@U],W2-2s[FL@D<>RF@U]~v15,12,2,15,2D2 R2 F2 2D F2 R2 2D2 R2 2D R2 2D' 2U' R2 2U R2
rubiks-7,W2-2s[FL@D<>RF@U]~v16,,W2-2s[FL@D<>RF@U]~v16#00,920,0,920,0,W2-2s[FL@D<>RF@U]~v16#00,W2-2s[FL@D<>RF@U],W2-2s[FL@D<>RF@U]~v16,12,2,15,2D2 L2 F2 2D F2 L2 2D2 L2 2D F2 2D' 2U' F2 2U L2
rubiks-7,W2-2s[FL@D<>RF@U]~v17,,W2-2s[FL@D<>RF@U]~v17#00,920,0,920,0,W2-2s[FL@D<>RF@U]~v17#00,W2-2s[FL@D<>RF@U],W2-2s[FL@D<>RF@U]~v17,12,2,15,2D2 L2 F2 2D F2 L2 2D2 L2 2U' F2 2U 2D F2 2D' L2
rubiks-7,W2-2s[FL@D<>RF@U]~v18,,W2-2s[FL@D<>RF@U]~v18#00,920,0,920,0,W2-2s[FL@D<>RF@U]~v18#00,W2-2s[FL@D<>RF@U],W2-2s[FL@D<>RF@U]~v18,12,2,15,2D2 L2 B2 2U B2 L2 2D2 R2 2U F2 2U' 2D' F2 2D R2
rubiks-7,W2-2s[FL@D<>RF@U]~v19,,W2-2s[FL@D<>RF@U]~v19#00,920,0,920,0,W2-2s[FL@D<>RF@U]~v19#00,W2-2s[FL@D<>RF@U],W2-2s[FL@D<>RF@U]~v19,12,2,15,2D2 L2 B2 2U B2 L2 2D2 R2 2D' F2 2D 2U F2 2U' R2
rubiks-7,W2-2s[FL@D<>RF@U]~v20,,W2-2s[FL@D<>RF@U]~v20#00,920,0,920,0,W2-2s[FL@D<>RF@U]~v20#00,W2-2s[FL@D<>RF@U],W2-2s[FL@D<>RF@U]~v20,12,2,15,2D2 L2 B2 2U B2 L2 2D2 R2 2U' R2 2U 2D R2 2D' R2
rubiks-7,W2-2s[FL@D<>RF@U]~v21,,W2-2s[FL@D<>RF@U]~v21#00,920,0,920,0,W2-2s[FL@D<>RF@U]~v21#00,W2-2s[FL@D<>RF@U],W2-2s[FL@D<>RF@U]~v21,12,2,15,2D2 L2 B2 2U B2 L2 2D2 R2 2D R2 2D' 2U' R2 2U R2
rubiks-7,W2-2s[FL@D<>RF@U]~v22,,W2-2s[FL@D<>RF@U]~v22#00,920,0,920,0,W2-2s[FL@D<>RF@U]~v22#00,W2-2s[FL@D<>RF@U],W2-2s[FL@D<>RF@U]~v22,12,2,15,2U2 L2 B2 2D B2 L2 2U2 R2 2U F2 2U' 2D' F2 2D R2
rubiks-7,W2-2s[FL@D<>RF@U]~v23,,W2-2s[FL@D<>RF@U]~v23#00,920,0,920,0,W2-2s[FL@D<>RF@U]~v23#00,W2-2s[FL@D<>RF@U],W2-2s[FL@D<>RF@U]~v23,12,2,15,2U2 L2 B2 2D B2 L2 2U2 R2 2D' F2 2D 2U F2 2U' R2
rubiks-7,W2-2s[FL@D<>RF@U]~v24,,W2-2s[FL@D<>RF@U]~v24#00,920,0,920,0,W2-2s[FL@D<>RF@U]~v24#00,W2-2s[FL@D<>RF@U],W2-2s[FL@D<>RF@U]~v24,12,2,15,2U2 L2 B2 2D B2 L2 2U2 R2 2U' R2 2U 2D R2 2D' R2
rubiks-7,W2-2s[FL@D<>RF@U]~v25,,W2-2s[FL@D<>RF@U]~v25#00,920,0,920,0,W2-2s[FL@D<>RF@U]~v25#00,W2-2s[FL@D<>RF@U],W2-2s[FL@D<>RF@U]~v25,12,2,15,2U2 L2 B2 2D B2 L2 2U2 R2 2D R2 2D' 2U' R2 2U R2
rubiks-7,W2-2s[FL@D<>UB@R],,W2-2s[FL@D<>UB@R]#00,620,0,620,0,W2-2s[FL@D<>UB@R]#00,W2-2s[FL@D<>UB@R],W2-2s[FL@D<>UB@R],12,2,19,2D2 F 2R2 F' R2 F 2R2 F 2D F2 2D2 R2 2D' F2 2D2 F2 R2 2D' R2
rubiks-7,W2-2s[FL@U<>RF@U]~v01,,W2-2s[FL@U<>RF@U]~v01#00,1000,0,1000,0,W2-2s[FL@U<>RF@U]~v01#00,W2-2s[FL@U<>RF@U],W2-2s[FL@U<>RF@U]~v01,12,0,12,2D2 F2 2U' F2 2U L2 2D' L2 F2 2D' F2 2D'
rubiks-7,W2-2s[FL@U<>RF@U]~v02,,W2-2s[FL@U<>RF@U]~v02#00,1000,0,1000,0,W2-2s[FL@U<>RF@U]~v02#00,W2-2s[FL@U<>RF@U],W2-2s[FL@U<>RF@U]~v02,12,0,12,2D2 F2 2D R2 2U' B2 2D B2 R2 2U F2 2D
rubiks-7,W2-2s[FL@U<>RF@U]~v03,,W2-2s[FL@U<>RF@U]~v03#00,1000,0,1000,0,W2-2s[FL@U<>RF@U]~v03#00,W2-2s[FL@U<>RF@U],W2-2s[FL@U<>RF@U]~v03,12,0,12,2U2 B2 2U B2 2D' B2 2D B2 R2 2D R2 2U
rubiks-7,W2-2s[FL@U<>RF@U]~v04,,W2-2s[FL@U<>RF@U]~v04#00,1000,0,1000,0,W2-2s[FL@U<>RF@U]~v04#00,W2-2s[FL@U<>RF@U],W2-2s[FL@U<>RF@U]~v04,12,0,12,2U2 B2 2D L2 2D' L2 2U B2 R2 2D R2 2U
rubiks-7,W2-2s[FL@U<>UB@L],,W2-2s[FL@U<>UB@L]#00,700,0,700,0,W2-2s[FL@U<>UB@L]#00,W2-2s[FL@U<>UB@L],W2-2s[FL@U<>UB@L],12,2,19,2U2 F 2L2 F' R2 F 2L2 F 2U' F2 2U2 R2 2U F2 2U2 F2 R2 2U R2
rubiks-7,W2-2s[FL@U<>UB@R],,W2-2s[FL@U<>UB@R]#00,700,0,700,0,W2-2s[FL@U<>UB@R]#00,W2-2s[FL@U<>UB@R],W2-2s[FL@U<>UB@R],12,0,19,2U2 F' 2R' F R2 F' 2R F' 2U' F2 2U2 R2 2U F2 2U2 F2 R2 2U R2
rubiks-7,W2-2s[RF@D<>RF@U]~v01,,W2-2s[RF@D<>RF@U]~v01#00,920,0,920,0,W2-2s[RF@D<>RF@U]~v01#00,W2-2s[RF@D<>RF@U],W2-2s[RF@D<>RF@U]~v01,12,2,15,2D2 L2 2U' R2 2D R2 F2 2D F2 2D' F2 2U F2 L2 2D2
rubiks-7,W2-2s[RF@D<>RF@U]~v02,,W2-2s[RF@D<>RF@U]~v02#00,920,0,920,0,W2-2s[RF@D<>RF@U]~v02#00,W2-2s[RF@D<>RF@U],W2-2s[RF@D<>RF@U]~v02,12,2,15,2D2 L2 F2 2U' F2 2D F2 2D' F2 R2 2D' R2 2U L2 2D2
rubiks-7,W2-2s[RF@D<>UF@L],,W2-2s[RF@D<>UF@L]#00,620,0,620,0,W2-2s[RF@D<>UF@L]#00,W2-2s[RF@D<>UF@L],W2-2s[RF@D<>UF@L],12,2,19,2U2 B 2L' B' R2 B 2L B 2U' B2 2U2 R2 2D' F2 2U2 F2 R2 2D R2
rubiks-7,W2-2s[RF@U<>UF@L],,W2-2s[RF@U<>UF@L]#00,700,0,700,0,W2-2s[RF@U<>UF@L]#00,W2-2s[RF@U<>UF@L],W2-2s[RF@U<>UF@L],12,0,19,2D2 B' 2L2 B R2 B' 2L2 B' 2D B2 2D2 R2 2U F2 2D2 F2 R2 2U' R2
rubiks-7,W2-2s[RF@U<>UF@R],,W2-2s[RF@U<>UF@R]#00,700,0,700,0,W2-2s[RF@U<>UF@R]#00,W2-2s[RF@U<>UF@R],W2-2s[RF@U<>UF@R],12,2,19,2D2 B 2R B' R2 B 2R' B 2D B2 2D2 R2 2U F2 2D2 F2 R2 2U' R2
rubiks-7,W2-2s[RF@U<>UL@B],,W2-2s[RF@U<>UL@B]#00,700,0,700,0,W2-2s[RF@U<>UL@B]#00,W2-2s[RF@U<>UL@B],W2-2s[RF@U<>UL@B],12,0,19,2B2 L' 2U L D2 L' 2U' L' 2B L2 2B2 D2 2B' L2 2B2 L2 D2 2B' D2
rubiks-7,W2-2s[RF@U<>UR@B],,W2-2s[RF@U<>UR@B]#00,700,0,700,0,W2-2s[RF@U<>UR@B]#00,W2-2s[RF@U<>UR@B],W2-2s[RF@U<>UR@B],12,2,19,2F2 L' 2U2 L U2 L' 2U2 L' 2F' L2 2F2 U2 2B' R2 2F2 R2 U2 2B U2
rubiks-7,W2-3[BR@D>FL@U>RF@U]~v01,,W2-3[BR@D>FL@U>RF@U]~v01#00,1320,0,1320,0,W2-3[BR@D>FL@U>RF@U]~v01#00,W2-3[BR@D>FL@U>RF@U],W2-3[BR@D>FL@U>RF@U]~v01,3,2,8,F 2R' F' R2 F 2R F' R2
rubiks-7,W2-3[BR@D>FL@U>RF@U]~v02,,W2-3[BR@D>FL@U>RF@U]~v02#00,1320,0,1320,0,W2-3[BR@D>FL@U>RF@U]~v02#00,W2-3[BR@D>FL@U>RF@U],W2-3[BR@D>FL@U>RF@U]~v02,3,2,8,F' 2L' F R2 F' 2L F R2
rubiks-7,W2-3[BR@D>FL@U>RF@U]~v03,,W2-3[BR@D>FL@U>RF@U]~v03#00,1320,0,1320,0,W2-3[BR@D>FL@U>RF@U]~v03#00,W2-3[BR@D>FL@U>RF@U],W2-3[BR@D>FL@U>RF@U]~v03,3,2,9,R 2B L' 2B' R2 2B L 2B' R
rubiks-7,W2-3[BR@D>FL@U>RF@U]~v04,,W2-3[BR@D>FL@U>RF@U]~v04#00,1320,0,1320,0,W2-3[BR@D>FL@U>RF@U]~v04#00,W2-3[BR@D>FL@U>RF@U],W2-3[BR@D>FL@U>RF@U]~v04,3,2,9,R' 2F L 2F' R2 2F L' 2F' R'
rubiks-7,W2-3[BR@D>RF@U>FL@U]~v01,,W2-3[BR@D>RF@U>FL@U]~v01#00,1320,0,1320,0,W2-3[BR@D>RF@U>FL@U]~v01#00,W2-3[BR@D>RF@U>FL@U],W2-3[BR@D>RF@U>FL@U]~v01,3,2,8,R2 F 2R' F' R2 F 2R F'
rubiks-7,W2-3[BR@D>RF@U>FL@U]~v02,,W2-3[BR@D>RF@U>FL@U]~v02#00,1320,0,1320,0,W2-3[BR@D>RF@U>FL@U]~v02#00,W2-3[BR@D>RF@U>FL@U],W2-3[BR@D>RF@U>FL@U]~v02,3,2,8,R2 F' 2L' F R2 F' 2L F
rubiks-7,W2-3[BR@D>RF@U>FL@U]~v03,,W2-3[BR@D>RF@U>FL@U]~v03#00,1320,0,1320,0,W2-3[BR@D>RF@U>FL@U]~v03#00,W2-3[BR@D>RF@U>FL@U],W2-3[BR@D>RF@U>FL@U]~v03,3,2,9,R' 2B L' 2B' R2 2B L 2B' R'
rubiks-7,W2-3[BR@D>RF@U>FL@U]~v04,,W2-3[BR@D>RF@U>FL@U]~v04#00,1320,0,1320,0,W2-3[BR@D>RF@U>FL@U]~v04#00,W2-3[BR@D>RF@U>FL@U],W2-3[BR@D>RF@U>FL@U]~v04,3,2,9,R 2F L 2F' R2 2F L' 2F' R
rubiks-7,W2-3[BR@U>DL@B>FL@U]~v01,,W2-3[BR@U>DL@B>FL@U]~v01#00,1000,0,1000,0,W2-3[BR@U>DL@B>FL@U]~v01#00,W2-3[BR@U>DL@B>FL@U],W2-3[BR@U>DL@B>FL@U]~v01,3,2,8,2U2 B' D' B 2U2 B' D B
rubiks-7,W2-3[BR@U>DL@B>FL@U]~v02,,W2-3[BR@U>DL@B>FL@U]~v02#00,1000,0,1000,0,W2-3[BR@U>DL@B>FL@U]~v02#00,W2-3[BR@U>DL@B>FL@U],W2-3[BR@U>DL@B>FL@U]~v02,3,2,8,F' D F 2U2 F' D' F 2U2
rubiks-7,W2-3[BR@U>DL@B>FL@U]~v03,,W2-3[BR@U>DL@B>FL@U]~v03#00,1000,0,1000,0,W2-3[BR@U>DL@B>FL@U]~v03#00,W2-3[BR@U>DL@B>FL@U],W2-3[BR@U>DL@B>FL@U]~v03,3,2,9,R2 F2 R' 2B R F2 R' 2B' R'
rubiks-7,W2-3[BR@U>DL@F>FL@U]~v01,,W2-3[BR@U>DL@F>FL@U]~v01#00,1000,0,1000,0,W2-3[BR@U>DL@F>FL@U]~v01#00,W2-3[BR@U>DL@F>FL@U],W2-3[BR@U>DL@F>FL@U]~v01,3,0,8,2U2 R D2 R' 2U2 R D2 R'
rubiks-7,W2-3[BR@U>DL@F>FL@U]~v02,,W2-3[BR@U>DL@F>FL@U]~v02#00,1000,0,1000,0,W2-3[BR@U>DL@F>FL@U]~v02#00,W2-3[BR@U>DL@F>FL@U],W2-3[BR@U>DL@F>FL@U]~v02,3,0,9,R2 F2 R 2F2 R' F2 R 2F2 R
rubiks-7,W2-3[BR@U>FL@D>FL@U]~v01,,W2-3[BR@U>FL@D>FL@U]~v01#00,1320,0,1320,0,W2-3[BR@U>FL@D>FL@U]~v01#00,W2-3[BR@U>FL@D>FL@U],W2-3[BR@U>FL@D>FL@U]~v01,3,2,12,L' 2F U2 2F' L 2U2 L' 2F U2 2F' L 2U2
rubiks-7,W2-3[BR@U>FL@D>FL@U]~v02,,W2-3[BR@U>FL@D>FL@U]~v02#00,1320,0,1320,0,W2-3[BR@U>FL@D>FL@U]~v02#00,W2-3[BR@U>FL@D>FL@U],W2-3[BR@U>FL@D>FL@U]~v02,3,2,12,L2 2D L2 2D' L2 2U2 L2 2D L2 2D' L2 2U2
rubiks-7,W2-3[BR@U>FL@U>DL@B]~v01,,W2-3[BR@U>FL@U>DL@B]~v01#00,1000,0,1000,0,W2-3[BR@U>FL@U>DL@B]~v01#00,W2-3[BR@U>FL@U>DL@B],W2-3[BR@U>FL@U>DL@B]~v01,3,2,8,B' D' B 2U2 B' D B 2U2
rubiks-7,W2-3[BR@U>FL@U>DL@B]~v02,,W2-3[BR@U>FL@U>DL@B]~v02#00,1000,0,1000,0,W2-3[BR@U>FL@U>DL@B]~v02#00,W2-3[BR@U>FL@U>DL@B],W2-3[BR@U>FL@U>DL@B]~v02,3,2,8,2U2 F' D F 2U2 F' D' F
rubiks-7,W2-3[BR@U>FL@U>DL@B]~v03,,W2-3[BR@U>FL@U>DL@B]~v03#00,1000,0,1000,0,W2-3[BR@U>FL@U>DL@B]~v03#00,W2-3[BR@U>FL@U>DL@B],W2-3[BR@U>FL@U>DL@B]~v03,3,2,9,R 2B R F2 R' 2B' R F2 R2
rubiks-7,W2-3[BR@U>FL@U>DL@F]~v01,,W2-3[BR@U>FL@U>DL@F]~v01#00,1000,0,1000,0,W2-3[BR@U>FL@U>DL@F]~v01#00,W2-3[BR@U>FL@U>DL@F],W2-3[BR@U>FL@U>DL@F]~v01,3,0,8,R D2 R' 2U2 R D2 R' 2U2
rubiks-7,W2-3[BR@U>FL@U>DL@F]~v02,,W2-3[BR@U>FL@U>DL@F]~v02#00,1000,0,1000,0,W2-3[BR@U>FL@U>DL@F]~v02#00,W2-3[BR@U>FL@U>DL@F],W2-3[BR@U>FL@U>DL@F]~v02,3,0,9,R' 2F2 R' F2 R 2F2 R' F2 R2
rubiks-7,W2-3[BR@U>FL@U>FL@D]~v01,,W2-3[BR@U>FL@U>FL@D]~v01#00,1320,0,1320,0,W2-3[BR@U>FL@U>FL@D]~v01#00,W2-3[BR@U>FL@U>FL@D],W2-3[BR@U>FL@U>FL@D]~v01,3,2,12,2U2 L' 2F U2 2F' L 2U2 L' 2F U2 2F' L
rubiks-7,W2-3[BR@U>FL@U>FL@D]~v02,,W2-3[BR@U>FL@U>FL@D]~v02#00,1320,0,1320,0,W2-3[BR@U>FL@U>FL@D]~v02#00,W2-3[BR@U>FL@U>FL@D],W2-3[BR@U>FL@U>FL@D]~v02,3,2,12,2U2 L2 2D L2 2D' L2 2U2 L2 2D L2 2D' L2
rubiks-7,W2-3[BR@U>FL@U>UL@B]~v01,,W2-3[BR@U>FL@U>UL@B]~v01#00,1100,0,1100,0,W2-3[BR@U>FL@U>UL@B]~v01#00,W2-3[BR@U>FL@U>UL@B],W2-3[BR@U>FL@U>UL@B]~v01,3,0,8,R' U2 R 2U2 R' U2 R 2U2
rubiks-7,W2-3[BR@U>FL@U>UL@B]~v02,,W2-3[BR@U>FL@U>UL@B]~v02#00,1100,0,1100,0,W2-3[BR@U>FL@U>UL@B]~v02#00,W2-3[BR@U>FL@U>UL@B],W2-3[BR@U>FL@U>UL@B]~v02,3,0,9,R 2B2 R F2 R' 2B2 R F2 R2
rubiks-7,W2-3[BR@U>FL@U>UL@F]~v01,,W2-3[BR@U>FL@U>UL@F]~v01#00,1100,0,1100,0,W2-3[BR@U>FL@U>UL@F]~v01#00,W2-3[BR@U>FL@U>UL@F],W2-3[BR@U>FL@U>UL@F]~v01,3,2,8,B U B' 2U2 B U' B' 2U2
rubiks-7,W2-3[BR@U>FL@U>UL@F]~v02,,W2-3[BR@U>FL@U>UL@F]~v02#00,1100,0,1100,0,W2-3[BR@U>FL@U>UL@F]~v02#00,W2-3[BR@U>FL@U>UL@F],W2-3[BR@U>FL@U>UL@F]~v02,3,2,8,2U2 F U' F' 2U2 F U F'
rubiks-7,W2-3[BR@U>FL@U>UL@F]~v03,,W2-3[BR@U>FL@U>UL@F]~v03#00,1100,0,1100,0,W2-3[BR@U>FL@U>UL@F]~v03#00,W2-3[BR@U>FL@U>UL@F],W2-3[BR@U>FL@U>UL@F]~v03,3,2,9,R' 2F R' F2 R 2F' R' F2 R2
rubiks-7,W2-3[BR@U>UL@B>FL@U]~v01,,W2-3[BR@U>UL@B>FL@U]~v01#00,1100,0,1100,0,W2-3[BR@U>UL@B>FL@U]~v01#00,W2-3[BR@U>UL@B>FL@U],W2-3[BR@U>UL@B>FL@U]~v01,3,0,8,2U2 R' U2 R 2U2 R' U2 R
rubiks-7,W2-3[BR@U>UL@B>FL@U]~v02,,W2-3[BR@U>UL@B>FL@U]~v02#00,1100,0,1100,0,W2-3[BR@U>UL@B>FL@U]~v02#00,W2-3[BR@U>UL@B>FL@U],W2-3[BR@U>UL@B>FL@U]~v02,3,0,9,R2 F2 R' 2B2 R F2 R' 2B2 R'
rubiks-7,W2-3[BR@U>UL@F>FL@U]~v01,,W2-3[BR@U>UL@F>FL@U]~v01#00,1100,0,1100,0,W2-3[BR@U>UL@F>FL@U]~v01#00,W2-3[BR@U>UL@F>FL@U],W2-3[BR@U>UL@F>FL@U]~v01,3,2,8,2U2 B U B' 2U2 B U' B'
rubiks-7,W2-3[BR@U>UL@F>FL@U]~v02,,W2-3[BR@U>UL@F>FL@U]~v02#00,1100,0,1100,0,W2-3[BR@U>UL@F>FL@U]~v02#00,W2-3[BR@U>UL@F>FL@U],W2-3[BR@U>UL@F>FL@U]~v02,3,2,8,F U' F' 2U2 F U F' 2U2
rubiks-7,W2-3[BR@U>UL@F>FL@U]~v03,,W2-3[BR@U>UL@F>FL@U]~v03#00,1100,0,1100,0,W2-3[BR@U>UL@F>FL@U]~v03#00,W2-3[BR@U>UL@F>FL@U],W2-3[BR@U>UL@F>FL@U]~v03,3,2,9,R2 F2 R 2F R' F2 R 2F' R
rubiks-7,W2-3[DB@L>FL@U>RF@U],,W2-3[DB@L>FL@U>RF@U]#00,1100,0,1100,0,W2-3[DB@L>FL@U>RF@U]#00,W2-3[DB@L>FL@U>RF@U],W2-3[DB@L>FL@U>RF@U],3,0,8,L D L' 2U L D' L' 2U'
rubiks-7,W2-3[DB@L>RF@U>FL@U],,W2-3[DB@L>RF@U>FL@U]#00,1100,0,1100,0,W2-3[DB@L>RF@U>FL@U]#00,W2-3[DB@L>RF@U>FL@U],W2-3[DB@L>RF@U>FL@U],3,0,8,2U L D L' 2U' L D' L'
rubiks-7,W2-3[DB@L>RF@U>UL@F],,W2-3[DB@L>RF@U>UL@F]#00,800,0,800,0,W2-3[DB@L>RF@U>UL@F]#00,W2-3[DB@L>RF@U>UL@F],W2-3[DB@L>RF@U>UL@F],3,2,9,F' 2L2 F' L F 2L2 F' L' F2
rubiks-7,W2-3[DB@R>UL@B>RF@U],,W2-3[DB@R>UL@B>RF@U]#00,800,0,800,0,W2-3[DB@R>UL@B>RF@U]#00,W2-3[DB@R>UL@B>RF@U],W2-3[DB@R>UL@B>RF@U],3,2,10,U 2R' B' R2 B 2R B' R2 B U'
rubiks-7,W2-3[DF@L>FL@U>RF@U],,W2-3[DF@L>FL@U>RF@U]#00,1100,0,1100,0,W2-3[DF@L>FL@U>RF@U]#00,W2-3[DF@L>FL@U>RF@U],W2-3[DF@L>FL@U>RF@U],3,2,8,2U' R' D R 2U R' D' R
rubiks-7,W2-3[DF@L>RF@U>FL@U],,W2-3[DF@L>RF@U>FL@U]#00,1100,0,1100,0,W2-3[DF@L>RF@U>FL@U]#00,W2-3[DF@L>RF@U>FL@U],W2-3[DF@L>RF@U>FL@U],3,2,8,R' D R 2U' R' D' R 2U
rubiks-7,W2-3[DL@F>FL@U>RF@U],,W2-3[DL@F>FL@U>RF@U]#00,1100,0,1100,0,W2-3[DL@F>FL@U>RF@U]#00,W2-3[DL@F>FL@U>RF@U],W2-3[DL@F>FL@U>RF@U],3,0,8,2F' R' 2F L 2F' R 2F L'
rubiks-7,W2-3[DL@F>RF@U>FL@U],,W2-3[DL@F>RF@U>FL@U]#00,1100,0,1100,0,W2-3[DL@F>RF@U>FL@U]#00,W2-3[DL@F>RF@U>FL@U],W2-3[DL@F>RF@U>FL@U],3,0,8,L 2F' R' 2F L' 2F' R 2F
rubiks-7,W2-3[DR@B>FL@U>RF@U],,W2-3[DR@B>FL@U>RF@U]#00,1100,0,1100,0,W2-3[DR@B>FL@U>RF@U]#00,W2-3[DR@B>FL@U>RF@U],W2-3[DR@B>FL@U>RF@U],3,0,9,2B R 2B L' 2B' R' 2B L 2B2
rubiks-7,W2-3[DR@B>RF@U>FL@U],,W2-3[DR@B>RF@U>FL@U]#00,1100,0,1100,0,W2-3[DR@B>RF@U>FL@U]#00,W2-3[DR@B>RF@U>FL@U],W2-3[DR@B>RF@U>FL@U],3,0,9,2B2 L' 2B' R 2B L 2B' R' 2B'
rubiks-7,W2-3[DR@B>UB@L>FL@U],,W2-3[DR@B>UB@L>FL@U]#00,800,0,800,0,W2-3[DR@B>UB@L>FL@U]#00,W2-3[DR@B>UB@L>FL@U],W2-3[DR@B>UB@L>FL@U],3,2,9,F' 2L2 F' R F 2L2 F' R' F2
rubiks-7,W2-3[DR@F>FL@U>UB@R],,W2-3[DR@F>FL@U>UB@R]#00,800,0,800,0,W2-3[DR@F>FL@U>UB@R]#00,W2-3[DR@F>FL@U>UB@R],W2-3[DR@F>FL@U>UB@R],3,2,10,D 2R B' L2 B 2R' B' L2 B D'
rubiks-7,W2-3[FL@D>FL@U>RF@U]~v01,,W2-3[FL@D>FL@U>RF@U]~v01#00,1420,0,1420,0,W2-3[FL@D>FL@U>RF@U]~v01#00,W2-3[FL@D>FL@U>RF@U],W2-3[FL@D>FL@U>RF@U]~v01,3,2,10,2U' F2 R 2B R' F2 R 2B' R' 2U
rubiks-7,W2-3[FL@D>FL@U>RF@U]~v02,,W2-3[FL@D>FL@U>RF@U]~v02#00,1420,0,1420,0,W2-3[FL@D>FL@U>RF@U]~v02#00,W2-3[FL@D>FL@U>RF@U],W2-3[FL@D>FL@U>RF@U]~v02,3,2,10,2U' F2 R' 2F R F2 R' 2F' R 2U
rubiks-7,W2-3[FL@D>FL@U>RF@U]~v03,,W2-3[FL@D>FL@U>RF@U]~v03#00,1420,0,1420,0,W2-3[FL@D>FL@U>RF@U]~v03#00,W2-3[FL@D>FL@U>RF@U],W2-3[FL@D>FL@U>RF@U]~v03,3,2,10,2U2 B' 2R' B L2 B' 2R B L2 2U2
rubiks-7,W2-3[FL@D>FL@U>RF@U]~v04,,W2-3[FL@D>FL@U>RF@U]~v04#00,1420,0,1420,0,W2-3[FL@D>FL@U>RF@U]~v04#00,W2-3[FL@D>FL@U>RF@U],W2-3[FL@D>FL@U>RF@U]~v04,3,2,10,2U2 B 2L' B' L2 B 2L B' L2 2U2
rubiks-7,W2-3[FL@D>FL@U>UL@B],,W2-3[FL@D>FL@U>UL@B]#00,1120,0,1120,0,W2-3[FL@D>FL@U>UL@B]#00,W2-3[FL@D>FL@U>UL@B],W2-3[FL@D>FL@U>UL@B],3,2,10,2D2 L' 2B' R' 2B L 2B' R 2B 2D2
rubiks-7,W2-3[FL@D>FL@U>UR@F],,W2-3[FL@D>FL@U>UR@F]#00,1120,0,1120,0,W2-3[FL@D>FL@U>UR@F]#00,W2-3[FL@D>FL@U>UR@F],W2-3[FL@D>FL@U>UR@F],3,2,10,2U2 R' 2F' L' 2F R 2F' L 2F 2U2
rubiks-7,W2-3[FL@D>LB@U>RF@U]~v01,,W2-3[FL@D>LB@U>RF@U]~v01#00,1320,0,1320,0,W2-3[FL@D>LB@U>RF@U]~v01#00,W2-3[FL@D>LB@U>RF@U],W2-3[FL@D>LB@U>RF@U]~v01,23,2,12,2U2 B2 2U' B2 2D F2 2U2 F2 L2 2D' L2 2U'
rubiks-7,W2-3[FL@D>LB@U>RF@U]~v02,,W2-3[FL@D>LB@U>RF@U]~v02#00,1320,0,1320,0,W2-3[FL@D>LB@U>RF@U]~v02#00,W2-3[FL@D>LB@U>RF@U],W2-3[FL@D>LB@U>RF@U]~v02,3,2,12,2D' L2 2D F2 2D F2 2D' F2 2U' F2 2U L2
rubiks-7,W2-3[FL@D>RF@U>FL@U]~v01,,W2-3[FL@D>RF@U>FL@U]~v01#00,1420,0,1420,0,W2-3[FL@D>RF@U>FL@U]~v01#00,W2-3[FL@D>RF@U>FL@U],W2-3[FL@D>RF@U>FL@U]~v01,3,2,10,2U' R 2B R' F2 R 2B' R' F2 2U
rubiks-7,W2-3[FL@D>RF@U>FL@U]~v02,,W2-3[FL@D>RF@U>FL@U]~v02#00,1420,0,1420,0,W2-3[FL@D>RF@U>FL@U]~v02#00,W2-3[FL@D>RF@U>FL@U],W2-3[FL@D>RF@U>FL@U]~v02,3,2,10,2U' R' 2F R F2 R' 2F' R F2 2U
rubiks-7,W2-3[FL@D>RF@U>FL@U]~v03,,W2-3[FL@D>RF@U>FL@U]~v03#00,1420,0,1420,0,W2-3[FL@D>RF@U>FL@U]~v03#00,W2-3[FL@D>RF@U>FL@U],W2-3[FL@D>RF@U>FL@U]~v03,3,2,10,2U2 L2 B' 2R' B L2 B' 2R B 2U2
rubiks-7,W2-3[FL@D>RF@U>FL@U]~v04,,W2-3[FL@D>RF@U>FL@U]~v04#00,1420,0,1420,0,W2-3[FL@D>RF@U>FL@U]~v04#00,W2-3[FL@D>RF@U>FL@U],W2-3[FL@D>RF@U>FL@U]~v04,3,2,10,2U2 L2 B 2L' B' L2 B 2L B' 2U2
rubiks-7,W2-3[FL@D>RF@U>UB@L]~v01,,W2-3[FL@D>RF@U>UB@L]~v01#00,1120,0,1120,0,W2-3[FL@D>RF@U>UB@L]~v01#00,W2-3[FL@D>RF@U>UB@L],W2-3[FL@D>RF@U>UB@L]~v01,3,2,10,U' F2 R' 2F2 R F2 R' 2F2 R U
rubiks-7,W2-3[FL@D>RF@U>UB@L]~v02,,W2-3[FL@D>RF@U>UB@L]~v02#00,1120,0,1120,0,W2-3[FL@D>RF@U>UB@L]~v02#00,W2-3[FL@D>RF@U>UB@L],W2-3[FL@D>RF@U>UB@L]~v02,3,2,10,U L 2B2 L' F2 L 2B2 L' F2 U'
rubiks-7,W2-3[FL@D>RF@U>UB@R]~v01,,W2-3[FL@D>RF@U>UB@R]~v01#00,1120,0,1120,0,W2-3[FL@D>RF@U>UB@R]~v01#00,W2-3[FL@D>RF@U>UB@R],W2-3[FL@D>RF@U>UB@R]~v01,3,2,10,U' F2 R 2B' R' F2 R 2B R' U
rubiks-7,W2-3[FL@D>RF@U>UB@R]~v02,,W2-3[FL@D>RF@U>UB@R]~v02#00,1120,0,1120,0,W2-3[FL@D>RF@U>UB@R]~v02#00,W2-3[FL@D>RF@U>UB@R],W2-3[FL@D>RF@U>UB@R]~v02,3,2,10,U L' 2F' L F2 L' 2F L F2 U'
rubiks-7,W2-3[FL@D>RF@U>UF@L]~v01,,W2-3[FL@D>RF@U>UF@L]~v01#00,1120,0,1120,0,W2-3[FL@D>RF@U>UF@L]~v01#00,W2-3[FL@D>RF@U>UF@L],W2-3[FL@D>RF@U>UF@L]~v01,3,2,10,U F2 R 2B' R' F2 R 2B R' U'
rubiks-7,W2-3[FL@D>RF@U>UF@L]~v02,,W2-3[FL@D>RF@U>UF@L]~v02#00,1120,0,1120,0,W2-3[FL@D>RF@U>UF@L]~v02#00,W2-3[FL@D>RF@U>UF@L],W2-3[FL@D>RF@U>UF@L]~v02,3,2,10,U' L' 2F' L F2 L' 2F L F2 U
rubiks-7,W2-3[FL@D>RF@U>UF@R]~v01,,W2-3[FL@D>RF@U>UF@R]~v01#00,1120,0,1120,0,W2-3[FL@D>RF@U>UF@R]~v01#00,W2-3[FL@D>RF@U>UF@R],W2-3[FL@D>RF@U>UF@R]~v01,3,2,10,U F2 R' 2F2 R F2 R' 2F2 R U'
rubiks-7,W2-3[FL@D>RF@U>UF@R]~v02,,W2-3[FL@D>RF@U>UF@R]~v02#00,1120,0,1120,0,W2-3[FL@D>RF@U>UF@R]~v02#00,W2-3[FL@D>RF@U>UF@R],W2-3[FL@D>RF@U>UF@R]~v02,3,2,10,U' L 2B2 L' F2 L 2B2 L' F2 U
rubiks-7,W2-3[FL@D>RF@U>UL@B]~v01,,W2-3[FL@D>RF@U>UL@B]~v01#00,1120,0,1120,0,W2-3[FL@D>RF@U>UL@B]~v01#00,W2-3[FL@D>RF@U>UL@B],W2-3[FL@D>RF@U>UL@B]~v01,3,2,8,F2 R 2B' R' F2 R 2B R'
rubiks-7,W2-3[FL@D>RF@U>UL@B]~v02,,W2-3[FL@D>RF@U>UL@B]~v02#00,1120,0,1120,0,W2-3[FL@D>RF@U>UL@B]~v02#00,W2-3[FL@D>RF@U>UL@B],W2-3[FL@D>RF@U>UL@B]~v02,3,2,9,F' D 2B2 D' F2 D 2B2 D' F'
rubiks-7,W2-3[FL@D>RF@U>UL@F]~v01,,W2-3[FL@D>RF@U>UL@F]~v01#00,1120,0,1120,0,W2-3[FL@D>RF@U>UL@F]~v01#00,W2-3[FL@D>RF@U>UL@F],W2-3[FL@D>RF@U>UL@F]~v01,3,2,8,F2 R' 2F2 R F2 R' 2F2 R
rubiks-7,W2-3[FL@D>RF@U>UL@F]~v02,,W2-3[FL@D>RF@U>UL@F]~v02#00,1120,0,1120,0,W2-3[FL@D>RF@U>UL@F]~v02#00,W2-3[FL@D>RF@U>UL@F],W2-3[FL@D>RF@U>UL@F]~v02,3,2,9,F' D' 2F' D F2 D' 2F D F'
rubiks-7,W2-3[FL@D>RF@U>UR@B]~v01,,W2-3[FL@D>RF@U>UR@B]~v01#00,1120,0,1120,0,W2-3[FL@D>RF@U>UR@B]~v01#00,W2-3[FL@D>RF@U>UR@B],W2-3[FL@D>RF@U>UR@B]~v01,3,2,8,L 2B2 L' F2 L 2B2 L' F2
rubiks-7,W2-3[FL@D>RF@U>UR@B]~v02,,W2-3[FL@D>RF@U>UR@B]~v02#00,1120,0,1120,0,W2-3[FL@D>RF@U>UR@B]~v02#00,W2-3[FL@D>RF@U>UR@B],W2-3[FL@D>RF@U>UR@B]~v02,3,2,9,F' D 2B' D' F2 D 2B D' F'
rubiks-7,W2-3[FL@D>RF@U>UR@F]~v01,,W2-3[FL@D>RF@U>UR@F]~v01#00,1120,0,1120,0,W2-3[FL@D>RF@U>UR@F]~v01#00,W2-3[FL@D>RF@U>UR@F],W2-3[FL@D>RF@U>UR@F]~v01,3,2,8,L' 2F' L F2 L' 2F L F2
rubiks-7,W2-3[FL@D>RF@U>UR@F]~v02,,W2-3[FL@D>RF@U>UR@F]~v02#00,1120,0,1120,0,W2-3[FL@D>RF@U>UR@F]~v02#00,W2-3[FL@D>RF@U>UR@F],W2-3[FL@D>RF@U>UR@F]~v02,3,2,9,F' D' 2F2 D F2 D' 2F2 D F'
rubiks-7,W2-3[FL@D>UB@L>RF@U]~v01,,W2-3[FL@D>UB@L>RF@U]~v01#00,1120,0,1120,0,W2-3[FL@D>UB@L>RF@U]~v01#00,W2-3[FL@D>UB@L>RF@U],W2-3[FL@D>UB@L>RF@U]~v01,3,2,10,U F2 L 2B2 L' F2 L 2B2 L' U'
rubiks-7,W2-3[FL@D>UB@L>RF@U]~v02,,W2-3[FL@D>UB@L>RF@U]~v02#00,1120,0,1120,0,W2-3[FL@D>UB@L>RF@U]~v02#00,W2-3[FL@D>UB@L>RF@U],W2-3[FL@D>UB@L>RF@U]~v02,3,2,10,U' R' 2F2 R F2 R' 2F2 R F2 U
rubiks-7,W2-3[FL@D>UB@L>UR@B]~v01,,W2-3[FL@D>UB@L>UR@B]~v01#00,820,0,820,0,W2-3[FL@D>UB@L>UR@B]~v01#00,W2-3[FL@D>UB@L>UR@B],W2-3[FL@D>UB@L>UR@B]~v01,3,0,8,B 2D' B' U' B 2D B' U
rubiks-7,W2-3[FL@D>UB@L>UR@B]~v02,,W2-3[FL@D>UB@L>UR@B]~v02#00,820,0,820,0,W2-3[FL@D>UB@L>UR@B]~v02#00,W2-3[FL@D>UB@L>UR@B],W2-3[FL@D>UB@L>UR@B]~v02,3,0,8,U R 2D2 R' U' R 2D2 R'
rubiks-7,W2-3[FL@D>UB@L>UR@F],,W2-3[FL@D>UB@L>UR@F]#00,820,0,820,0,W2-3[FL@D>UB@L>UR@F]#00,W2-3[FL@D>UB@L>UR@F],W2-3[FL@D>UB@L>UR@F],3,2,10,B 2D' L U2 L' 2D L U2 L' B'
rubiks-7,W2-3[FL@D>UB@R>RF@U]~v01,,W2-3[FL@D>UB@R>RF@U]~v01#00,1120,0,1120,0,W2-3[FL@D>UB@R>RF@U]~v01#00,W2-3[FL@D>UB@R>RF@U],W2-3[FL@D>UB@R>RF@U]~v01,3,2,10,U F2 L' 2F' L F2 L' 2F L U'
rubiks-7,W2-3[FL@D>UB@R>RF@U]~v02,,W2-3[FL@D>UB@R>RF@U]~v02#00,1120,0,1120,0,W2-3[FL@D>UB@R>RF@U]~v02#00,W2-3[FL@D>UB@R>RF@U],W2-3[FL@D>UB@R>RF@U]~v02,3,2,10,U' R 2B' R' F2 R 2B R' F2 U
rubiks-7,W2-3[FL@D>UF@L>RF@U]~v01,,W2-3[FL@D>UF@L>RF@U]~v01#00,1120,0,1120,0,W2-3[FL@D>UF@L>RF@U]~v01#00,W2-3[FL@D>UF@L>RF@U],W2-3[FL@D>UF@L>RF@U]~v01,3,2,10,U' F2 L' 2F' L F2 L' 2F L U
rubiks-7,W2-3[FL@D>UF@L>RF@U]~v02,,W2-3[FL@D>UF@L>RF@U]~v02#00,1120,0,1120,0,W2-3[FL@D>UF@L>RF@U]~v02#00,W2-3[FL@D>UF@L>RF@U],W2-3[FL@D>UF@L>RF@U]~v02,3,2,10,U R 2B' R' F2 R 2B R' F2 U'
rubiks-7,W2-3[FL@D>UF@R>RF@U]~v01,,W2-3[FL@D>UF@R>RF@U]~v01#00,1120,0,1120,0,W2-3[FL@D>UF@R>RF@U]~v01#00,W2-3[FL@D>UF@R>RF@U],W2-3[FL@D>UF@R>RF@U]~v01,3,2,10,U' F2 L 2B2 L' F2 L 2B2 L' U
rubiks-7,W2-3[FL@D>UF@R>RF@U]~v02,,W2-3[FL@D>UF@R>RF@U]~v02#00,1120,0,1120,0,W2-3[FL@D>UF@R>RF@U]~v02#00,W2-3[FL@D>UF@R>RF@U],W2-3[FL@D>UF@R>RF@U]~v02,3,2,10,U R' 2F2 R F2 R' 2F2 R F2 U'
rubiks-7,W2-3[FL@D>UL@B>FL@U],,W2-3[FL@D>UL@B>FL@U]#00,1120,0,1120,0,W2-3[FL@D>UL@B>FL@U]#00,W2-3[FL@D>UL@B>FL@U],W2-3[FL@D>UL@B>FL@U],3,2,10,2D2 2B' R' 2B L' 2B' R 2B L 2D2
rubiks-7,W2-3[FL@D>UL@B>RF@U]~v01,,W2-3[FL@D>UL@B>RF@U]~v01#00,1120,0,1120,0,W2-3[FL@D>UL@B>RF@U]~v01#00,W2-3[FL@D>UL@B>RF@U],W2-3[FL@D>UL@B>RF@U]~v01,3,2,8,R 2B' R' F2 R 2B R' F2
rubiks-7,W2-3[FL@D>UL@B>RF@U]~v02,,W2-3[FL@D>UL@B>RF@U]~v02#00,1120,0,1120,0,W2-3[FL@D>UL@B>RF@U]~v02#00,W2-3[FL@D>UL@B>RF@U],W2-3[FL@D>UL@B>RF@U]~v02,3,2,9,F D 2B2 D' F2 D 2B2 D' F
rubiks-7,W2-3[FL@D>UL@F>RF@U]~v01,,W2-3[FL@D>UL@F>RF@U]~v01#00,1120,0,1120,0,W2-3[FL@D>UL@F>RF@U]~v01#00,W2-3[FL@D>UL@F>RF@U],W2-3[FL@D>UL@F>RF@U]~v01,3,2,8,R' 2F2 R F2 R' 2F2 R F2
rubiks-7,W2-3[FL@D>UL@F>RF@U]~v02,,W2-3[FL@D>UL@F>RF@U]~v02#00,1120,0,1120,0,W2-3[FL@D>UL@F>RF@U]~v02#00,W2-3[FL@D>UL@F>RF@U],W2-3[FL@D>UL@F>RF@U]~v02,3,2,9,F D' 2F' D F2 D' 2F D F
rubiks-7,W2-3[FL@D>UR@B>RF@U]~v01,,W2-3[FL@D>UR@B>RF@U]~v01#00,1120,0,1120,0,W2-3[FL@D>UR@B>RF@U]~v01#00,W2-3[FL@D>UR@B>RF@U],W2-3[FL@D>UR@B>RF@U]~v01,3,2,8,F2 L 2B2 L' F2 L 2B2 L'
rubiks-7,W2-3[FL@D>UR@B>RF@U]~v02,,W2-3[FL@D>UR@B>RF@U]~v02#00,1120,0,1120,0,W2-3[FL@D>UR@B>RF@U]~v02#00,W2-3[FL@D>UR@B>RF@U],W2-3[FL@D>UR@B>RF@U]~v02,3,2,9,F D 2B' D' F2 D 2B D' F
rubiks-7,W2-3[FL@D>UR@B>UB@L]~v01,,W2-3[FL@D>UR@B>UB@L]~v01#00,820,0,820,0,W2-3[FL@D>UR@B>UB@L]~v01#00,W2-3[FL@D>UR@B>UB@L],W2-3[FL@D>UR@B>UB@L]~v01,3,0,8,U' B 2D' B' U B 2D B'
rubiks-7,W2-3[FL@D>UR@B>UB@L]~v02,,W2-3[FL@D>UR@B>UB@L]~v02#00,820,0,820,0,W2-3[FL@D>UR@B>UB@L]~v02#00,W2-3[FL@D>UR@B>UB@L],W2-3[FL@D>UR@B>UB@L]~v02,3,0,8,R 2D2 R' U R 2D2 R' U'
rubiks-7,W2-3[FL@D>UR@B>UB@R],,W2-3[FL@D>UR@B>UB@R]#00,820,0,820,0,W2-3[FL@D>UR@B>UB@R]#00,W2-3[FL@D>UR@B>UB@R],W2-3[FL@D>UR@B>UB@R],3,2,9,F' 2R2 F' R' F 2R2 F' R F2
rubiks-7,W2-3[FL@D>UR@F>FL@U],,W2-3[FL@D>UR@F>FL@U]#00,1120,0,1120,0,W2-3[FL@D>UR@F>FL@U]#00,W2-3[FL@D>UR@F>FL@U],W2-3[FL@D>UR@F>FL@U],3,2,10,2U2 2F' L' 2F R' 2F' L 2F R 2U2
rubiks-7,W2-3[FL@D>UR@F>RF@U]~v01,,W2-3[FL@D>UR@F>RF@U]~v01#00,1120,0,1120,0,W2-3[FL@D>UR@F>RF@U]~v01#00,W2-3[FL@D>UR@F>RF@U],W2-3[FL@D>UR@F>RF@U]~v01,3,2,8,F2 L' 2F' L F2 L' 2F L
rubiks-7,W2-3[FL@D>UR@F>RF@U]~v02,,W2-3[FL@D>UR@F>RF@U]~v02#00,1120,0,1120,0,W2-3[FL@D>UR@F>RF@U]~v02#00,W2-3[FL@D>UR@F>RF@U],W2-3[FL@D>UR@F>RF@U]~v02,3,2,9,F D' 2F2 D F2 D' 2F2 D F
rubiks-7,W2-3[FL@U>LB@U>RF@U]~v01,,W2-3[FL@U>LB@U>RF@U]~v01#00,1400,0,1400,0,W2-3[FL@U>LB@U>RF@U]~v01#00,W2-3[FL@U>LB@U>RF@U],W2-3[FL@U>LB@U>RF@U]~v01,3,0,9,F2 L2 F 2L' F' L2 F 2L F
rubiks-7,W2-3[FL@U>LB@U>RF@U]~v02,,W2-3[FL@U>LB@U>RF@U]~v02#00,1400,0,1400,0,W2-3[FL@U>LB@U>RF@U]~v02#00,W2-3[FL@U>LB@U>RF@U],W2-3[FL@U>LB@U>RF@U]~v02,3,0,9,F2 L2 F' 2R' F L2 F' 2R F'
rubiks-7,W2-3[FL@U>RF@D>RF@U],,W2-3[FL@U>RF@D>RF@U]#00,1420,0,1420,0,W2-3[FL@U>RF@D>RF@U]#00,W2-3[FL@U>RF@D>RF@U],W2-3[FL@U>RF@D>RF@U],3,2,10,2U2 B 2L B' R2 B 2L' B' R2 2U2
rubiks-7,W2-3[FL@U>RF@U>LB@U]~v01,,W2-3[FL@U>RF@U>LB@U]~v01#00,1400,0,1400,0,W2-3[FL@U>RF@U>LB@U]~v01#00,W2-3[FL@U>RF@U>LB@U],W2-3[FL@U>RF@U>LB@U]~v01,3,0,9,F' 2L' F' L2 F 2L F' L2 F2
rubiks-7,W2-3[FL@U>RF@U>LB@U]~v02,,W2-3[FL@U>RF@U>LB@U]~v02#00,1400,0,1400,0,W2-3[FL@U>RF@U>LB@U]~v02#00,W2-3[FL@U>RF@U>LB@U],W2-3[FL@U>RF@U>LB@U]~v02,3,0,9,F 2R' F L2 F' 2R F L2 F2
rubiks-7,W2-3[FL@U>RF@U>RF@D],,W2-3[FL@U>RF@U>RF@D]#00,1420,0,1420,0,W2-3[FL@U>RF@U>RF@D]#00,W2-3[FL@U>RF@U>RF@D],W2-3[FL@U>RF@U>RF@D],3,2,10,2U2 R2 B 2L B' R2 B 2L' B' 2U2
rubiks-7,W2-3[FL@U>RF@U>UB@R],,W2-3[FL@U>RF@U>UB@R]#00,1200,0,1200,0,W2-3[FL@U>RF@U>UB@R]#00,W2-3[FL@U>RF@U>UB@R],W2-3[FL@U>RF@U>UB@R],3,0,8,L' U' L 2U L' U L 2U'
rubiks-7,W2-3[FL@U>RF@U>UF@R],,W2-3[FL@U>RF@U>UF@R]#00,1200,0,1200,0,W2-3[FL@U>RF@U>UF@R]#00,W2-3[FL@U>RF@U>UF@R],W2-3[FL@U>RF@U>UF@R],3,2,8,2U' R U' R' 2U R U R'
rubiks-7,W2-3[FL@U>RF@U>UL@B],,W2-3[FL@U>RF@U>UL@B]#00,1200,0,1200,0,W2-3[FL@U>RF@U>UL@B]#00,W2-3[FL@U>RF@U>UL@B],W2-3[FL@U>RF@U>UL@B],3,0,8,2B' R 2B L' 2B' R' 2B L
rubiks-7,W2-3[FL@U>RF@U>UR@F],,W2-3[FL@U>RF@U>UR@F]#00,1200,0,1200,0,W2-3[FL@U>RF@U>UR@F]#00,W2-3[FL@U>RF@U>UR@F],W2-3[FL@U>RF@U>UR@F],3,0,9,2F R' 2F L 2F' R 2F L' 2F2
rubiks-7,W2-3[FL@U>UB@R>RF@U],,W2-3[FL@U>UB@R>RF@U]#00,1200,0,1200,0,W2-3[FL@U>UB@R>RF@U]#00,W2-3[FL@U>UB@R>RF@U],W2-3[FL@U>UB@R>RF@U],3,0,8,2U L' U' L 2U' L' U L
rubiks-7,W2-3[FL@U>UB@R>UR@B],,W2-3[FL@U>UB@R>UR@B]#00,900,0,900,0,W2-3[FL@U>UB@R>UR@B]#00,W2-3[FL@U>UB@R>UR@B],W2-3[FL@U>UB@R>UR@B],3,2,10,B 2U L U2 L' 2U' L U2 L' B'
rubiks-7,W2-3[FL@U>UB@R>UR@F]~v01,,W2-3[FL@U>UB@R>UR@F]~v01#00,900,0,900,0,W2-3[FL@U>UB@R>UR@F]~v01#00,W2-3[FL@U>UB@R>UR@F],W2-3[FL@U>UB@R>UR@F]~v01,3,0,8,B 2U B' U' B 2U' B' U
rubiks-7,W2-3[FL@U>UB@R>UR@F]~v02,,W2-3[FL@U>UB@R>UR@F]~v02#00,900,0,900,0,W2-3[FL@U>UB@R>UR@F]~v02#00,W2-3[FL@U>UB@R>UR@F],W2-3[FL@U>UB@R>UR@F]~v02,3,0,8,U R 2U2 R' U' R 2U2 R'
rubiks-7,W2-3[FL@U>UF@R>RF@U],,W2-3[FL@U>UF@R>RF@U]#00,1200,0,1200,0,W2-3[FL@U>UF@R>RF@U]#00,W2-3[FL@U>UF@R>RF@U],W2-3[FL@U>UF@R>RF@U],3,2,8,R U' R' 2U' R U R' 2U
rubiks-7,W2-3[FL@U>UL@B>RF@U],,W2-3[FL@U>UL@B>RF@U]#00,1200,0,1200,0,W2-3[FL@U>UL@B>RF@U]#00,W2-3[FL@U>UL@B>RF@U],W2-3[FL@U>UL@B>RF@U],3,0,8,L' 2B' R 2B L 2B' R' 2B
rubiks-7,W2-3[FL@U>UR@F>RF@U],,W2-3[FL@U>UR@F>RF@U]#00,1200,0,1200,0,W2-3[FL@U>UR@F>RF@U]#00,W2-3[FL@U>UR@F>RF@U],W2-3[FL@U>UR@F>RF@U],3,0,9,2F2 L 2F' R' 2F L' 2F' R 2F'
rubiks-7,W2-3[FL@U>UR@F>UB@L],,W2-3[FL@U>UR@F>UB@L]#00,900,0,900,0,W2-3[FL@U>UR@F>UB@L]#00,W2-3[FL@U>UR@F>UB@L],W2-3[FL@U>UR@F>UB@L],3,2,9,F' 2L2 F' R' F 2L2 F' R F2
rubiks-7,W2-3[FL@U>UR@F>UB@R]~v01,,W2-3[FL@U>UR@F>UB@R]~v01#00,900,0,900,0,W2-3[FL@U>UR@F>UB@R]~v01#00,W2-3[FL@U>UR@F>UB@R],W2-3[FL@U>UR@F>UB@R]~v01,3,0,8,U' B 2U B' U B 2U' B'
rubiks-7,W2-3[FL@U>UR@F>UB@R]~v02,,W2-3[FL@U>UR@F>UB@R]~v02#00,900,0,900,0,W2-3[FL@U>UR@F>UB@R]~v02#00,W2-3[FL@U>UR@F>UB@R],W2-3[FL@U>UR@F>UB@R]~v02,3,0,8,R 2U2 R' U R 2U2 R' U'
rubiks-7,W2-3[LB@D>RF@U>UL@B],,W2-3[LB@D>RF@U>UL@B]#00,1020,0,1020,0,W2-3[LB@D>RF@U>UL@B]#00,W2-3[LB@D>RF@U>UL@B],W2-3[LB@D>RF@U>UL@B],3,2,8,2B' R 2B L 2B' R' 2B L'
rubiks-7,W2-3[LB@D>RF@U>UL@F],,W2-3[LB@D>RF@U>UL@F]#00,1020,0,1020,0,W2-3[LB@D>RF@U>UL@F]#00,W2-3[LB@D>RF@U>UL@F],W2-3[LB@D>RF@U>UL@F],3,2,9,2F2 R' 2F L' 2F' R 2F L 2F
rubiks-7,W2-3[LB@D>RF@U>UR@B],,W2-3[LB@D>RF@U>UR@B]#00,1020,0,1020,0,W2-3[LB@D>RF@U>UR@B]#00,W2-3[LB@D>RF@U>UR@B],W2-3[LB@D>RF@U>UR@B],3,2,8,R 2B L 2B' R' 2B L' 2B'
rubiks-7,W2-3[LB@D>RF@U>UR@F],,W2-3[LB@D>RF@U>UR@F]#00,1020,0,1020,0,W2-3[LB@D>RF@U>UR@F]#00,W2-3[LB@D>RF@U>UR@F],W2-3[LB@D>RF@U>UR@F],3,2,9,2F R' 2F L' 2F' R 2F L 2F2
rubiks-7,W2-3[LB@D>UL@B>RF@U],,W2-3[LB@D>UL@B>RF@U]#00,1020,0,1020,0,W2-3[LB@D>UL@B>RF@U]#00,W2-3[LB@D>UL@B>RF@U],W2-3[LB@D>UL@B>RF@U],3,2,8,L 2B' R 2B L' 2B' R' 2B
rubiks-7,W2-3[LB@D>UL@F>RF@U],,W2-3[LB@D>UL@F>RF@U]#00,1020,0,1020,0,W2-3[LB@D>UL@F>RF@U]#00,W2-3[LB@D>UL@F>RF@U],W2-3[LB@D>UL@F>RF@U],3,2,9,2F' L' 2F' R' 2F L 2F' R 2F2
rubiks-7,W2-3[LB@D>UR@B>RF@U],,W2-3[LB@D>UR@B>RF@U]#00,1020,0,1020,0,W2-3[LB@D>UR@B>RF@U]#00,W2-3[LB@D>UR@B>RF@U],W2-3[LB@D>UR@B>RF@U],3,2,8,2B L 2B' R 2B L' 2B' R'
rubiks-7,W2-3[LB@D>UR@F>RF@U],,W2-3[LB@D>UR@F>RF@U]#00,1020,0,1020,0,W2-3[LB@D>UR@F>RF@U]#00,W2-3[LB@D>UR@F>RF@U],W2-3[LB@D>UR@F>RF@U],3,2,9,2F2 L' 2F' R' 2F L 2F' R 2F'
rubiks-7,W2-3[RF@D>RF@U>UL@B],,W2-3[RF@D>RF@U>UL@B]#00,1120,0,1120,0,W2-3[RF@D>RF@U>UL@B]#00,W2-3[RF@D>RF@U>UL@B],W2-3[RF@D>RF@U>UL@B],3,2,10,2D2 2B' R 2B L 2B' R' 2B L' 2D2
rubiks-7,W2-3[RF@D>RF@U>UR@F],,W2-3[RF@D>RF@U>UR@F]#00,1120,0,1120,0,W2-3[RF@D>RF@U>UR@F]#00,W2-3[RF@D>RF@U>UR@F],W2-3[RF@D>RF@U>UR@F],3,2,10,2U2 2F' L 2F R 2F' L' 2F R' 2U2
rubiks-7,W2-3[RF@D>UF@L>UL@B],,W2-3[RF@D>UF@L>UL@B]#00,820,0,820,0,W2-3[RF@D>UF@L>UL@B]#00,W2-3[RF@D>UF@L>UL@B],W2-3[RF@D>UF@L>UL@B],3,2,8,U L' 2D2 L U' L' 2D2 L
rubiks-7,W2-3[RF@D>UF@L>UR@B],,W2-3[RF@D>UF@L>UR@B]#00,820,0,820,0,W2-3[RF@D>UF@L>UR@B]#00,W2-3[RF@D>UF@L>UR@B],W2-3[RF@D>UF@L>UR@B],3,2,10,R U F' 2D2 F U' F' 2D2 F R'
rubiks-7,W2-3[RF@D>UL@B>RF@U],,W2-3[RF@D>UL@B>RF@U]#00,1120,0,1120,0,W2-3[RF@D>UL@B>RF@U]#00,W2-3[RF@D>UL@B>RF@U],W2-3[RF@D>UL@B>RF@U],3,2,10,2D2 L 2B' R 2B L' 2B' R' 2B 2D2
rubiks-7,W2-3[RF@D>UL@B>UF@L],,W2-3[RF@D>UL@B>UF@L]#00,820,0,820,0,W2-3[RF@D>UL@B>UF@L]#00,W2-3[RF@D>UL@B>UF@L],W2-3[RF@D>UL@B>UF@L],3,2,8,L' 2D2 L U L' 2D2 L U'
rubiks-7,W2-3[RF@D>UR@F>RF@U],,W2-3[RF@D>UR@F>RF@U]#00,1120,0,1120,0,W2-3[RF@D>UR@F>RF@U]#00,W2-3[RF@D>UR@F>RF@U],W2-3[RF@D>UR@F>RF@U],3,2,10,2U2 R 2F' L 2F R' 2F' L' 2F 2U2
rubiks-7,W2-3[RF@U>UF@L>UL@B]~v01,,W2-3[RF@U>UF@L>UL@B]~v01#00,900,0,900,0,W2-3[RF@U>UF@L>UL@B]~v01#00,W2-3[RF@U>UF@L>UL@B],W2-3[RF@U>UF@L>UL@B]~v01,3,0,8,U L 2U L' U' L 2U' L'
rubiks-7,W2-3[RF@U>UF@L>UL@B]~v02,,W2-3[RF@U>UF@L>UL@B]~v02#00,900,0,900,0,W2-3[RF@U>UF@L>UL@B]~v02#00,W2-3[RF@U>UF@L>UL@B],W2-3[RF@U>UF@L>UL@B]~v02,3,0,8,R 2B' R' F R 2B R' F'
rubiks-7,W2-3[RF@U>UF@R>UL@B]~v01,,W2-3[RF@U>UF@R>UL@B]~v01#00,900,0,900,0,W2-3[RF@U>UF@R>UL@B]~v01#00,W2-3[RF@U>UF@R>UL@B],W2-3[RF@U>UF@R>UL@B]~v01,3,2,11,L' B' U2 B' 2U' B U2 B' 2U B2 L
rubiks-7,W2-3[RF@U>UF@R>UL@B]~v02,,W2-3[RF@U>UF@R>UL@B]~v02#00,900,0,900,0,W2-3[RF@U>UF@R>UL@B]~v02#00,W2-3[RF@U>UF@R>UL@B],W2-3[RF@U>UF@R>UL@B]~v02,3,2,11,R' D2 2B D F2 D' 2B' D F2 D R
rubiks-7,W2-3[RF@U>UF@R>UL@F],,W2-3[RF@U>UF@R>UL@F]#00,900,0,900,0,W2-3[RF@U>UF@R>UL@F]#00,W2-3[RF@U>UF@R>UL@F],W2-3[RF@U>UF@R>UL@F],3,2,8,U L' 2U2 L U' L' 2U2 L
rubiks-7,W2-3[RF@U>UF@R>UR@F],,W2-3[RF@U>UF@R>UR@F]#00,900,0,900,0,W2-3[RF@U>UF@R>UR@F]#00,W2-3[RF@U>UF@R>UR@F],W2-3[RF@U>UF@R>UR@F],3,2,10,R U F' 2U2 F U' F' 2U2 F R'
rubiks-7,W2-3[RF@U>UL@B>UF@L]~v01,,W2-3[RF@U>UL@B>UF@L]~v01#00,900,0,900,0,W2-3[RF@U>UL@B>UF@L]~v01#00,W2-3[RF@U>UL@B>UF@L],W2-3[RF@U>UL@B>UF@L]~v01,3,0,8,L 2U L' U L 2U' L' U'
rubiks-7,W2-3[RF@U>UL@B>UF@L]~v02,,W2-3[RF@U>UL@B>UF@L]~v02#00,900,0,900,0,W2-3[RF@U>UL@B>UF@L]~v02#00,W2-3[RF@U>UL@B>UF@L],W2-3[RF@U>UL@B>UF@L]~v02,3,0,8,F R 2B' R' F' R 2B R'
rubiks-7,W2-3[RF@U>UL@B>UF@R]~v01,,W2-3[RF@U>UL@B>UF@R]~v01#00,900,0,900,0,W2-3[RF@U>UL@B>UF@R]~v01#00,W2-3[RF@U>UL@B>UF@R],W2-3[RF@U>UL@B>UF@R]~v01,3,2,11,L' B2 2U' B U2 B' 2U B U2 B L
rubiks-7,W2-3[RF@U>UL@B>UF@R]~v02,,W2-3[RF@U>UL@B>UF@R]~v02#00,900,0,900,0,W2-3[RF@U>UL@B>UF@R]~v02#00,W2-3[RF@U>UL@B>UF@R],W2-3[RF@U>UL@B>UF@R]~v02,3,2,11,R' D' F2 D' 2B D F2 D' 2B' D2 R
rubiks-7,W2-3[RF@U>UL@F>UF@R],,W2-3[RF@U>UL@F>UF@R]#00,900,0,900,0,W2-3[RF@U>UL@F>UF@R]#00,W2-3[RF@U>UL@F>UF@R],W2-3[RF@U>UL@F>UF@R],3,2,8,L' 2U2 L U L' 2U2 L U'
rubiks-7,W2-3[RF@U>UR@B>UF@L]~v01,,W2-3[RF@U>UR@B>UF@L]~v01#00,900,0,900,0,W2-3[RF@U>UR@B>UF@L]~v01#00,W2-3[RF@U>UR@B>UF@L],W2-3[RF@U>UR@B>UF@L]~v01,3,2,9,R' D' 2L D R' D' 2L' D R2
rubiks-7,W2-3[RF@U>UR@B>UF@L]~v02,,W2-3[RF@U>UR@B>UF@L]~v02#00,900,0,900,0,W2-3[RF@U>UR@B>UF@L]~v02#00,W2-3[RF@U>UR@B>UF@L],W2-3[RF@U>UR@B>UF@L]~v02,3,2,9,F' L 2B2 L' F' L 2B2 L' F2
rubiks-7,W2-3[RF@U>UR@B>UF@L]~v03,,W2-3[RF@U>UR@B>UF@L]~v03#00,900,0,900,0,W2-3[RF@U>UR@B>UF@L]~v03#00,W2-3[RF@U>UR@B>UF@L],W2-3[RF@U>UR@B>UF@L]~v03,3,2,9,R2 B' 2L2 B R' B' 2L2 B R'
rubiks-7,W2-3[RF@U>UR@B>UF@R]~v01,,W2-3[RF@U>UR@B>UF@R]~v01#00,900,0,900,0,W2-3[RF@U>UR@B>UF@R]~v01#00,W2-3[RF@U>UR@B>UF@R],W2-3[RF@U>UR@B>UF@R]~v01,3,2,9,U' B' 2U' B U' B' 2U B U2
rubiks-7,W2-3[RF@U>UR@B>UF@R]~v02,,W2-3[RF@U>UR@B>UF@R]~v02#00,900,0,900,0,W2-3[RF@U>UR@B>UF@R]~v02#00,W2-3[RF@U>UR@B>UF@R],W2-3[RF@U>UR@B>UF@R]~v02,3,2,9,R' D 2R2 D' R' D 2R2 D' R2
rubiks-7,W2-3[RF@U>UR@B>UF@R]~v03,,W2-3[RF@U>UR@B>UF@R]~v03#00,900,0,900,0,W2-3[RF@U>UR@B>UF@R]~v03#00,W2-3[RF@U>UR@B>UF@R],W2-3[RF@U>UR@B>UF@R]~v03,3,2,9,U2 L' 2U2 L U' L' 2U2 L U'
rubiks-7,W2-4[BR@D>FL@U>FL@D>RF@U],,W2-4[BR@D>FL@U>FL@D>RF@U]#00,1740,0,1740,0,W2-4[BR@D>FL@U>FL@D>RF@U]#00,W2-4[BR@D>FL@U>FL@D>RF@U],W2-4[BR@D>FL@U>FL@D>RF@U],14,4,12,2D2 F2 2D' F2 2D' 2U' B2 L2 2U L2 B2 2U
rubiks-7,W2-4[BR@D>RF@U>FL@D>FL@U],,W2-4[BR@D>RF@U>FL@D>FL@U]#00,1740,0,1740,0,W2-4[BR@D>RF@U>FL@D>FL@U]#00,W2-4[BR@D>RF@U>FL@D>FL@U],W2-4[BR@D>RF@U>FL@D>FL@U],14,4,12,2U' B2 L2 2U' L2 B2 2U 2D F2 2D F2 2D2
rubiks-7,W2-4[BR@U>FL@D>FL@U>RF@U],,W2-4[BR@U>FL@D>FL@U>RF@U]#00,1820,0,1820,0,W2-4[BR@U>FL@D>FL@U>RF@U]#00,W2-4[BR@U>FL@D>FL@U>RF@U],W2-4[BR@U>FL@D>FL@U>RF@U],14,2,12,2D R2 2D R2 2D R2 2D2 L2 2D' R2 2D L2
rubiks-7,W2-4[BR@U>FL@D>RF@D>FL@U],,W2-4[BR@U>FL@D>RF@D>FL@U]#00,1740,0,1740,0,W2-4[BR@U>FL@D>RF@D>FL@U]#00,W2-4[BR@U>FL@D>RF@D>FL@U],W2-4[BR@U>FL@D>RF@D>FL@U],14,2,17,B2 2U2 F2 2D F2 2D' L2 2U L2 B2 F2 2U F2 2U' B2 2U2 B2
rubiks-7,W2-4[BR@U>FL@D>RF@U>FL@U],,W2-4[BR@U>FL@D>RF@U>FL@U]#00,1820,0,1820,0,W2-4[BR@U>FL@D>RF@U>FL@U]#00,W2-4[BR@U>FL@D>RF@U>FL@U],W2-4[BR@U>FL@D>RF@U>FL@U],14,2,13,2U2 L2 2D F2 2D' 2U2 F2 2U F2 2U' F2 L2 2U
rubiks-7,W2-4[BR@U>FL@D>RF@U>RF@D],,W2-4[BR@U>FL@D>RF@U>RF@D]#00,1740,0,1740,0,W2-4[BR@U>FL@D>RF@U>RF@D]#00,W2-4[BR@U>FL@D>RF@U>RF@D],W2-4[BR@U>FL@D>RF@U>RF@D],14,4,16,F2 2D F2 2U' R2 2U R2 F2 L2 2U' B2 2U2 B2 2U' L2 F2
rubiks-7,W2-4[BR@U>FL@U>FL@D>RF@D],,W2-4[BR@U>FL@U>FL@D>RF@D]#00,1740,0,1740,0,W2-4[BR@U>FL@U>FL@D>RF@D]#00,W2-4[BR@U>FL@U>FL@D>RF@D],W2-4[BR@U>FL@U>FL@D>RF@D],14,2,13,2U R2 2U R2 2D R2 2D' 2U' R2 F2 2U' F2 2U'
rubiks-7,W2-4[BR@U>FL@U>FL@D>RF@U],,W2-4[BR@U>FL@U>FL@D>RF@U]#00,1820,0,1820,0,W2-4[BR@U>FL@U>FL@D>RF@U]#00,W2-4[BR@U>FL@U>FL@D>RF@U],W2-4[BR@U>FL@U>FL@D>RF@U],14,2,14,L2 2U B2 2U2 B2 2U L2 F2 R2 2U' R2 2U F2 2D'
rubiks-7,W2-4[BR@U>FL@U>RF@D>FL@D],,W2-4[BR@U>FL@U>RF@D>FL@D]#00,1740,0,1740,0,W2-4[BR@U>FL@U>RF@D>FL@D]#00,W2-4[BR@U>FL@U>RF@D>FL@D],W2-4[BR@U>FL@U>RF@D>FL@D],14,2,17,B2 2U2 B2 2U F2 2U' F2 B2 L2 2U' L2 2D F2 2D' F2 2U2 B2
rubiks-7,W2-4[BR@U>FL@U>RF@D>LB@D],,W2-4[BR@U>FL@U>RF@D>LB@D]#00,1640,0,1640,0,W2-4[BR@U>FL@U>RF@D>LB@D]#00,W2-4[BR@U>FL@U>RF@D>LB@D],W2-4[BR@U>FL@U>RF@D>LB@D],14,2,15,R2 2U R2 2D B2 2D' B2 2U' R2 2D R2 2D' F2 2U F2
rubiks-7,W2-4[BR@U>FL@U>RF@D>LB@U],,W2-4[BR@U>FL@U>RF@D>LB@U]#00,1720,0,1720,0,W2-4[BR@U>FL@U>RF@D>LB@U]#00,W2-4[BR@U>FL@U>RF@D>LB@U],W2-4[BR@U>FL@U>RF@D>LB@U],14,2,12,2D' B2 2D' B2 2D2 F2 2D B2 2D' F2 B2 2D'
rubiks-7,W2-4[BR@U>FL@U>RF@U>FL@D],,W2-4[BR@U>FL@U>RF@U>FL@D]#00,1820,0,1820,0,W2-4[BR@U>FL@U>RF@U>FL@D]#00,W2-4[BR@U>FL@U>RF@U>FL@D],W2-4[BR@U>FL@U>RF@U>FL@D],14,2,13,2U' L2 F2 2U F2 2U' F2 2U2 2D F2 2D' L2 2U2
rubiks-7,W2-4[BR@U>LB@D>FL@U>RF@D],,W2-4[BR@U>LB@D>FL@U>RF@D]#00,1640,0,1640,0,W2-4[BR@U>LB@D>FL@U>RF@D]#00,W2-4[BR@U>LB@D>FL@U>RF@D],W2-4[BR@U>LB@D>FL@U>RF@D],14,4,13,2U F2 2U2 L2 2U' L2 2U2 R2 B2 2D B2 R2 F2
rubiks-7,W2-4[BR@U>LB@U>FL@U>RF@U],,W2-4[BR@U>LB@U>FL@U>RF@U]#00,1800,0,1800,0,W2-4[BR@U>LB@U>FL@U>RF@U]#00,W2-4[BR@U>LB@U>FL@U>RF@U],W2-4[BR@U>LB@U>FL@U>RF@U],14,0,11,F2 2U F2 2U F2 2U F2 2U F2 2U F2
rubiks-7,W2-4[BR@U>LB@U>RF@D>FL@D],,W2-4[BR@U>LB@U>RF@D>FL@D]#00,1640,0,1640,0,W2-4[BR@U>LB@U>RF@D>FL@D]#00,W2-4[BR@U>LB@U>RF@D>FL@D],W2-4[BR@U>LB@U>RF@D>FL@D],14,2,9,2U F2 2U F2 2U F2 2U F2 2U
rubiks-7,W2-4[BR@U>LB@U>RF@D>FL@U],,W2-4[BR@U>LB@U>RF@D>FL@U]#00,1720,0,1720,0,W2-4[BR@U>LB@U>RF@D>FL@U]#00,W2-4[BR@U>LB@U>RF@D>FL@U],W2-4[BR@U>LB@U>RF@D>FL@U],14,2,12,2D B2 F2 2D B2 2D' F2 2D2 B2 2D B2 2D
rubiks-7,W2-4[BR@U>LB@U>RF@U>FL@U],,W2-4[BR@U>LB@U>RF@U>FL@U]#00,1800,0,1800,0,W2-4[BR@U>LB@U>RF@U>FL@U]#00,W2-4[BR@U>LB@U>RF@U>FL@U],W2-4[BR@U>LB@U>RF@U>FL@U],14,0,17,L2 2D L2 2D' B2 L2 2U' L2 B2 2U' B2 2U' B2 2U' B2 2U' B2
rubiks-7,W2-4[BR@U>RF@D>FL@D>FL@U],,W2-4[BR@U>RF@D>FL@D>FL@U]#00,1740,0,1740,0,W2-4[BR@U>RF@D>FL@D>FL@U]#00,W2-4[BR@U>RF@D>FL@D>FL@U],W2-4[BR@U>RF@D>FL@D>FL@U],14,2,13,2U F2 2U F2 R2 2U 2D R2 2D' R2 2U' R2 2U'
rubiks-7,W2-4[BR@U>RF@D>FL@D>LB@U],,W2-4[BR@U>RF@D>FL@D>LB@U]#00,1640,0,1640,0,W2-4[BR@U>RF@D>FL@D>LB@U]#00,W2-4[BR@U>RF@D>FL@D>LB@U],W2-4[BR@U>RF@D>FL@D>LB@U],14,2,12,2D' B2 2D' B2 2D L2 2D2 B2 2D' B2 2D' L2
rubiks-7,W2-4[BR@U>RF@D>FL@D>RF@U],,W2-4[BR@U>RF@D>FL@D>RF@U]#00,1740,0,1740,0,W2-4[BR@U>RF@D>FL@D>RF@U]#00,W2-4[BR@U>RF@D>FL@D>RF@U],W2-4[BR@U>RF@D>FL@D>RF@U],14,2,13,2U' F2 2U' F2 2U' R2 B2 L2 2D L2 B2 R2 2U'
rubiks-7,W2-4[BR@U>RF@D>FL@U>LB@U],,W2-4[BR@U>RF@D>FL@U>LB@U]#00,1720,0,1720,0,W2-4[BR@U>RF@D>FL@U>LB@U]#00,W2-4[BR@U>RF@D>FL@U>LB@U],W2-4[BR@U>RF@D>FL@U>LB@U],14,2,15,2D2 B2 2U' B2 2U R2 2D' R2 B2 2D2 F2 2D B2 2D' F2
rubiks-7,W2-4[BR@U>RF@D>LB@U>FL@D],,W2-4[BR@U>RF@D>LB@U>FL@D]#00,1640,0,1640,0,W2-4[BR@U>RF@D>LB@U>FL@D]#00,W2-4[BR@U>RF@D>LB@U>FL@D],W2-4[BR@U>RF@D>LB@U>FL@D],14,4,12,2U F2 2U F2 2U2 L2 2U' F2 2U F2 2U L2
rubiks-7,W2-4[BR@U>RF@U>FL@D>FL@U],,W2-4[BR@U>RF@U>FL@D>FL@U]#00,1820,0,1820,0,W2-4[BR@U>RF@U>FL@D>FL@U]#00,W2-4[BR@U>RF@U>FL@D>FL@U],W2-4[BR@U>RF@U>FL@D>FL@U],14,2,14,2D F2 2U' R2 2U R2 F2 L2 2U' B2 2U2 B2 2U' L2
rubiks-7,W2-4[BR@U>RF@U>FL@D>RF@D],,W2-4[BR@U>RF@U>FL@D>RF@D]#00,1740,0,1740,0,W2-4[BR@U>RF@U>FL@D>RF@D]#00,W2-4[BR@U>RF@U>FL@D>RF@D],W2-4[BR@U>RF@U>FL@D>RF@D],14,2,13,2U R2 B2 L2 2D' L2 B2 R2 2U F2 2U F2 2U
rubiks-7,W2-4[BR@U>RF@U>FL@U>FL@D],,W2-4[BR@U>RF@U>FL@U>FL@D]#00,1820,0,1820,0,W2-4[BR@U>RF@U>FL@U>FL@D]#00,W2-4[BR@U>RF@U>FL@U>FL@D],W2-4[BR@U>RF@U>FL@U>FL@D],14,2,12,L2 2D' R2 2D L2 2D2 R2 2D' R2 2D' R2 2D'
rubiks-7,W2-4[BR@U>RF@U>RF@D>FL@D],,W2-4[BR@U>RF@U>RF@D>FL@D]#00,1740,0,1740,0,W2-4[BR@U>RF@U>RF@D>FL@D]#00,W2-4[BR@U>RF@U>RF@D>FL@D],W2-4[BR@U>RF@U>RF@D>FL@D],14,2,14,F2 2D R2 2D R2 2D R2 2D2 L2 2D' R2 2D L2 F2
rubiks-7,W2-4[FL@D>FL@U>LB@U>RF@U],,W2-4[FL@D>FL@U>LB@U>RF@U]#00,1820,0,1820,0,W2-4[FL@D>FL@U>LB@U>RF@U]#00,W2-4[FL@D>FL@U>LB@U>RF@U],W2-4[FL@D>FL@U>LB@U>RF@U],14,2,13,B2 2U' B2 L2 2U' L2 B2 L2 2U2 L2 2U B2 2U2
rubiks-7,W2-4[FL@D>FL@U>RF@D>RF@U],,W2-4[FL@D>FL@U>RF@D>RF@U]#00,1840,0,1840,0,W2-4[FL@D>FL@U>RF@D>RF@U]#00,W2-4[FL@D>FL@U>RF@D>RF@U],W2-4[FL@D>FL@U>RF@D>RF@U],14,4,15,2U F2 2U F2 R2 2U R2 2U L2 2D2 L2 2U' F2 2U2 F2
rubiks-7,W2-4[FL@D>FL@U>UB@L>UB@R],,W2-4[FL@D>FL@U>UB@L>UB@R]#00,1320,0,1320,0,W2-4[FL@D>FL@U>UB@L>UB@R]#00,W2-4[FL@D>FL@U>UB@L>UB@R],W2-4[FL@D>FL@U>UB@L>UB@R],14,4,17,B 2U' L2 2U' L2 B2 2U' B2 2U' F2 2D2 F2 2U L2 2U2 L2 B'
rubiks-7,W2-4[FL@D>FL@U>UB@R>UB@L],,W2-4[FL@D>FL@U>UB@R>UB@L]#00,1320,0,1320,0,W2-4[FL@D>FL@U>UB@R>UB@L]#00,W2-4[FL@D>FL@U>UB@R>UB@L],W2-4[FL@D>FL@U>UB@R>UB@L],34,2,13,B 2U2 L2 2U L2 R2 2D' L2 R2 2U L2 2U2 B'
rubiks-7,W2-4[FL@D>LB@U>FL@U>RF@U],,W2-4[FL@D>LB@U>FL@U>RF@U]#00,1820,0,1820,0,W2-4[FL@D>LB@U>FL@U>RF@U]#00,W2-4[FL@D>LB@U>FL@U>RF@U],W2-4[FL@D>LB@U>FL@U>RF@U],14,2,15,2D2 R2 2D L2 2D' L2 R2 F2 2D' F2 2U L2 2U' L2 2D2
rubiks-7,W2-4[FL@D>RF@D>FL@U>RF@U]~v01,,W2-4[FL@D>RF@D>FL@U>RF@U]~v01#00,1840,0,1840,0,W2-4[FL@D>RF@D>FL@U>RF@U]~v01#00,W2-4[FL@D>RF@D>FL@U>RF@U],W2-4[FL@D>RF@D>FL@U>RF@U]~v01,14,2,15,2U2 R2 2U F2 2U F2 R2 2U R2 2U' R2 2U R2 2U2 R2
rubiks-7,W2-4[FL@D>RF@D>FL@U>RF@U]~v02,,W2-4[FL@D>RF@D>FL@U>RF@U]~v02#00,1840,0,1840,0,W2-4[FL@D>RF@D>FL@U>RF@U]~v02#00,W2-4[FL@D>RF@D>FL@U>RF@U],W2-4[FL@D>RF@D>FL@U>RF@U]~v02,14,2,15,2D2 B2 2U' F2 2D' L2 2U L2 F2 2D R2 2U' R2 B2 2D2
rubiks-7,W2-4[FL@D>RF@D>RF@U>FL@U],,W2-4[FL@D>RF@D>RF@U>FL@U]#00,1840,0,1840,0,W2-4[FL@D>RF@D>RF@U>FL@U]#00,W2-4[FL@D>RF@D>RF@U>FL@U],W2-4[FL@D>RF@D>RF@U>FL@U],34,2,11,2D2 F2 2D F2 B2 2U' B2 F2 2D F2 2D2
rubiks-7,W2-4[FL@D>RF@U>FL@U>RF@D],,W2-4[FL@D>RF@U>FL@U>RF@D]#00,1840,0,1840,0,W2-4[FL@D>RF@U>FL@U>RF@D]#00,W2-4[FL@D>RF@U>FL@U>RF@D],W2-4[FL@D>RF@U>FL@U>RF@D],14,2,15,2D2 B2 R2 2U R2 2D' F2 L2 2U' L2 2D F2 2U B2 2D2
rubiks-7,W2-4[FL@D>RF@U>LB@U>FL@U],,W2-4[FL@D>RF@U>LB@U>FL@U]#00,1820,0,1820,0,W2-4[FL@D>RF@U>LB@U>FL@U]#00,W2-4[FL@D>RF@U>LB@U>FL@U],W2-4[FL@D>RF@U>LB@U>FL@U],14,2,13,2U2 B2 2U' L2 2U2 L2 B2 L2 2U L2 B2 2U B2
rubiks-7,W2-4[FL@D>UB@L>FL@U>UB@R]~v01,,W2-4[FL@D>UB@L>FL@U>UB@R]~v01#00,1320,0,1320,0,W2-4[FL@D>UB@L>FL@U>UB@R]~v01#00,W2-4[FL@D>UB@L>FL@U>UB@R],W2-4[FL@D>UB@L>FL@U>UB@R]~v01,14,2,28,2R' B 2D' B' U2 B 2D B' U2 2R' B' 2U B D2 B' 2U' B' 2R B2 2R2 D2 2R' B2 2R2 B2 D2 2R' D2
rubiks-7,W2-4[FL@D>UB@L>FL@U>UB@R]~v02,,W2-4[FL@D>UB@L>FL@U>UB@R]~v02#00,1320,0,1320,0,W2-4[FL@D>UB@L>FL@U>UB@R]~v02#00,W2-4[FL@D>UB@L>FL@U>UB@R],W2-4[FL@D>UB@L>FL@U>UB@R]~v02,14,2,25,U2 F' 2L2 2R2 F U2 F' 2L2 2R2 F 2R2 B2 2R' U2 2R' U2 B2 2R' B2 2R B2 2R' B2 2R2 B2
rubiks-7,W2-4[FL@D>UB@L>UB@R>FL@U],,W2-4[FL@D>UB@L>UB@R>FL@U]#00,1320,0,1320,0,W2-4[FL@D>UB@L>UB@R>FL@U]#00,W2-4[FL@D>UB@L>UB@R>FL@U],W2-4[FL@D>UB@L>UB@R>FL@U],34,2,13,B 2U2 L2 2U' R2 L2 2D R2 L2 2U' L2 2U2 B'
rubiks-7,W2-4[FL@D>UB@R>FL@U>UB@L],,W2-4[FL@D>UB@R>FL@U>UB@L]#00,1320,0,1320,0,W2-4[FL@D>UB@R>FL@U>UB@L]#00,W2-4[FL@D>UB@R>FL@U>UB@L],W2-4[FL@D>UB@R>FL@U>UB@L],14,2,25,U2 F 2R 2L' F' U2 F 2R' 2L F' 2L2 B2 2L U2 2L U2 B2 2L B2 2L' B2 2L B2 2L2 B2
rubiks-7,W2-4[FL@D>UB@R>UB@L>FL@U],,W2-4[FL@D>UB@R>UB@L>FL@U]#00,1320,0,1320,0,W2-4[FL@D>UB@R>UB@L>FL@U]#00,W2-4[FL@D>UB@R>UB@L>FL@U],W2-4[FL@D>UB@R>UB@L>FL@U],14,4,17,B L2 2U2 L2 2U' F2 2D2 F2 2U B2 2U B2 L2 2U L2 2U B'
rubiks-7,W2-4[FL@D>UF@L>FL@U>UF@R],,W2-4[FL@D>UF@L>FL@U>UF@R]#00,1320,0,1320,0,W2-4[FL@D>UF@L>FL@U>UF@R]#00,W2-4[FL@D>UF@L>FL@U>UF@R],W2-4[FL@D>UF@L>FL@U>UF@R],14,2,25,F 2D2 2U2 F' L2 F 2D2 2U2 F' L2 2U2 F2 2U L2 2U L2 F2 2U F2 2U' F2 2U F2 2U2 F2
rubiks-7,W2-4[FL@D>UF@R>FL@U>UF@L],,W2-4[FL@D>UF@R>FL@U>UF@L]#00,1320,0,1320,0,W2-4[FL@D>UF@R>FL@U>UF@L]#00,W2-4[FL@D>UF@R>FL@U>UF@L],W2-4[FL@D>UF@R>FL@U>UF@L],14,2,25,F' 2U 2D' F L2 F' 2U' 2D F L2 2D2 F2 2D' L2 2D' L2 F2 2D' F2 2D F2 2D' F2 2D2 F2
rubiks-7,W2-4[LB@D>LB@U>RF@U>RF@D],,W2-4[LB@D>LB@U>RF@U>RF@D]#00,1640,0,1640,0,W2-4[LB@D>LB@U>RF@U>RF@D]#00,W2-4[LB@D>LB@U>RF@U>RF@D],W2-4[LB@D>LB@U>RF@U>RF@D],14,2,16,2D2 R2 2D' R2 2D R2 2D' R2 2D' R2 2D B2 2D' B2 2D R2
rubiks-7,W2-4[LB@D>RF@U>LB@U>RF@D],,W2-4[LB@D>RF@U>LB@U>RF@D]#00,1640,0,1640,0,W2-4[LB@D>RF@U>LB@U>RF@D]#00,W2-4[LB@D>RF@U>LB@U>RF@D],W2-4[LB@D>RF@U>LB@U>RF@D],14,2,15,2U2 L2 2U L2 2U' L2 2U L2 F2 2U F2 2U L2 2U2 L2
rubiks-7,W2-4[LB@D>RF@U>RF@D>LB@U],,W2-4[LB@D>RF@U>RF@D>LB@U]#00,1640,0,1640,0,W2-4[LB@D>RF@U>RF@D>LB@U]#00,W2-4[LB@D>RF@U>RF@D>LB@U],W2-4[LB@D>RF@U>RF@D>LB@U],14,4,13,2D2 L2 2D F2 2D' F2 2U' R2 2D' R2 2U L2 2D2
rubiks-7,W2-4[RF@D>RF@U>UF@L>UF@R],,W2-4[RF@D>RF@U>UF@L>UF@R]#00,1320,0,1320,0,W2-4[RF@D>RF@U>UF@L>UF@R]#00,W2-4[RF@D>RF@U>UF@L>UF@R],W2-4[RF@D>RF@U>UF@L>UF@R],34,2,15,U L 2U2 F2 2U F2 B2 2D' F2 B2 2U F2 2U2 L' U'
rubiks-7,W2-4[RF@D>RF@U>UF@R>UF@L],,W2-4[RF@D>RF@U>UF@R>UF@L]#00,1320,0,1320,0,W2-4[RF@D>RF@U>UF@R>UF@L]#00,W2-4[RF@D>RF@U>UF@R>UF@L],W2-4[RF@D>RF@U>UF@R>UF@L],14,4,19,U L 2U' F2 2U' F2 L2 2U' L2 2U' R2 2D2 R2 2U F2 2U2 F2 L' U'
rubiks-7,W2-4[RF@D>UF@L>UF@R>RF@U],,W2-4[RF@D>UF@L>UF@R>RF@U]#00,1320,0,1320,0,W2-4[RF@D>UF@L>UF@R>RF@U]#00,W2-4[RF@D>UF@L>UF@R>RF@U],W2-4[RF@D>UF@L>UF@R>RF@U],14,4,19,U L F2 2U2 F2 2U' R2 2D2 R2 2U L2 2U L2 F2 2U F2 2U L' U'
rubiks-7,W2-4[RF@D>UF@R>RF@U>UF@L],,W2-4[RF@D>UF@R>RF@U>UF@L]#00,1320,0,1320,0,W2-4[RF@D>UF@R>RF@U>UF@L]#00,W2-4[RF@D>UF@R>RF@U>UF@L],W2-4[RF@D>UF@R>RF@U>UF@L],14,2,28,2R B' 2D B U2 B' 2D' B U2 2R B 2U2 B' U2 B 2U2 B 2R B2 2R2 U2 2L F2 2R2 F2 U2 2L' U2
rubiks-7,W2-4[RF@D>UF@R>UF@L>RF@U],,W2-4[RF@D>UF@R>UF@L>RF@U]#00,1320,0,1320,0,W2-4[RF@D>UF@R>UF@L>RF@U]#00,W2-4[RF@D>UF@R>UF@L>RF@U],W2-4[RF@D>UF@R>UF@L>RF@U],34,2,15,U L 2U2 F2 2U' B2 F2 2D B2 F2 2U' F2 2U2 L' U'
rubiks-7,W2-4s[BR@D<>FL@D;FL@U<>RF@U],,W2-4s[BR@D<>FL@D;FL@U<>RF@U]#00,1740,0,1740,0,W2-4s[BR@D<>FL@D;FL@U<>RF@U]#00,W2-4s[BR@D<>FL@D;FL@U<>RF@U],W2-4s[BR@D<>FL@D;FL@U<>RF@U],4,0,16,2D' F2 2D F2 2D R2 2D2 F2 2U' F2 2U L2 2D' L2 2D2 R2
rubiks-7,W2-4s[BR@U<>FL@D;FL@U<>RF@D],,W2-4s[BR@U<>FL@D;FL@U<>RF@D]#00,1740,0,1740,0,W2-4s[BR@U<>FL@D;FL@U<>RF@D]#00,W2-4s[BR@U<>FL@D;FL@U<>RF@D],W2-4s[BR@U<>FL@D;FL@U<>RF@D],4,4,16,2D' F2 2D2 B2 2D' R2 2D R2 2D B2 2D2 R2 2U' R2 2U F2
rubiks-7,W2-4s[BR@U<>FL@D;FL@U<>RF@U],,W2-4s[BR@U<>FL@D;FL@U<>RF@U]#00,1820,0,1820,0,W2-4s[BR@U<>FL@D;FL@U<>RF@U]#00,W2-4s[BR@U<>FL@D;FL@U<>RF@U],W2-4s[BR@U<>FL@D;FL@U<>RF@U],4,2,14,R2 F2 R 2F' R' F2 R 2F2 R F2 R' 2F' R F2
rubiks-7,W2-4s[BR@U<>FL@D;LB@U<>RF@D],,W2-4s[BR@U<>FL@D;LB@U<>RF@D]#00,1640,0,1640,0,W2-4s[BR@U<>FL@D;LB@U<>RF@D]#00,W2-4s[BR@U<>FL@D;LB@U<>RF@D],W2-4s[BR@U<>FL@D;LB@U<>RF@D],4,4,14,B' 2R' B L2 B' 2R B F' 2R' F L2 F' 2R F
rubiks-7,W2-4s[BR@U<>FL@D;RF@D<>RF@U],,W2-4s[BR@U<>FL@D;RF@D<>RF@U]#00,1740,0,1740,0,W2-4s[BR@U<>FL@D;RF@D<>RF@U]#00,W2-4s[BR@U<>FL@D;RF@D<>RF@U],W2-4s[BR@U<>FL@D;RF@D<>RF@U],4,4,16,2D R2 2U2 F2 2U' R2 2U' R2 2U F2 2U2 B2 2U B2 2D' R2
rubiks-7,W2-4s[BR@U<>FL@U;FL@D<>RF@U],,W2-4s[BR@U<>FL@U;FL@D<>RF@U]#00,1820,0,1820,0,W2-4s[BR@U<>FL@U;FL@D<>RF@U]#00,W2-4s[BR@U<>FL@U;FL@D<>RF@U],W2-4s[BR@U<>FL@U;FL@D<>RF@U],4,2,12,2U2 L2 2U' L2 2U' F2 2D2 R2 2D' R2 2D' F2
rubiks-7,W2-4s[BR@U<>FL@U;LB@D<>RF@D],,W2-4s[BR@U<>FL@U;LB@D<>RF@D]#00,1640,0,1640,0,W2-4s[BR@U<>FL@U;LB@D<>RF@D]#00,W2-4s[BR@U<>FL@U;LB@D<>RF@D],W2-4s[BR@U<>FL@U;LB@D<>RF@D],24,0,11,R2 2D2 R2 F2 R2 2D 2U' R2 2U 2D F2
rubiks-7,W2-4s[BR@U<>FL@U;LB@U<>RF@D],,W2-4s[BR@U<>FL@U;LB@U<>RF@D]#00,1720,0,1720,0,W2-4s[BR@U<>FL@U;LB@U<>RF@D]#00,W2-4s[BR@U<>FL@U;LB@U<>RF@D],W2-4s[BR@U<>FL@U;LB@U<>RF@D],4,2,13,2U' F2 2U' F2 2U' R2 2D2 B2 2D' B2 2D' R2 2U'
rubiks-7,W2-4s[BR@U<>FL@U;LB@U<>RF@U],,W2-4s[BR@U<>FL@U;LB@U<>RF@U]#00,1800,0,1800,0,W2-4s[BR@U<>FL@U;LB@U<>RF@U]#00,W2-4s[BR@U<>FL@U;LB@U<>RF@U],W2-4s[BR@U<>FL@U;LB@U<>RF@U],4,0,10,2U' L2 F2 B2 R2 2D' R2 B2 F2 L2
rubiks-7,W2-4s[BR@U<>LB@U;FL@D<>RF@D],,W2-4s[BR@U<>LB@U;FL@D<>RF@D]#00,1640,0,1640,0,W2-4s[BR@U<>LB@U;FL@D<>RF@D]#00,W2-4s[BR@U<>LB@U;FL@D<>RF@D],W2-4s[BR@U<>LB@U;FL@D<>RF@D],4,0,16,R2 2D' L2 2D R2 2D' L2 2D 2U R2 2U' L2 2U R2 2U' L2
rubiks-7,W2-4s[BR@U<>RF@D;FL@D<>FL@U],,W2-4s[BR@U<>RF@D;FL@D<>FL@U]#00,1740,0,1740,0,W2-4s[BR@U<>RF@D;FL@D<>FL@U]#00,W2-4s[BR@U<>RF@D;FL@D<>FL@U],W2-4s[BR@U<>RF@D;FL@D<>FL@U],4,4,16,2U2 R2 2U F2 2U' F2 2U' R2 2U2 F2 2D F2 2D' L2 2U L2
rubiks-7,W2-4s[BR@U<>RF@D;FL@D<>LB@U],,W2-4s[BR@U<>RF@D;FL@D<>LB@U]#00,1640,0,1640,0,W2-4s[BR@U<>RF@D;FL@D<>LB@U]#00,W2-4s[BR@U<>RF@D;FL@D<>LB@U],W2-4s[BR@U<>RF@D;FL@D<>LB@U],4,4,10,F2 2U F2 R2 L2 B2 2D B2 L2 R2
rubiks-7,W2-4s[BR@U<>RF@D;FL@D<>RF@U],,W2-4s[BR@U<>RF@D;FL@D<>RF@U]#00,1740,0,1740,0,W2-4s[BR@U<>RF@D;FL@D<>RF@U]#00,W2-4s[BR@U<>RF@D;FL@D<>RF@U],W2-4s[BR@U<>RF@D;FL@D<>RF@U],4,4,12,2D R2 2D R2 2D2 F2 2U L2 2U L2 2U2 F2
rubiks-7,W2-4s[BR@U<>RF@D;FL@U<>LB@D],,W2-4s[BR@U<>RF@D;FL@U<>LB@D]#00,1640,0,1640,0,W2-4s[BR@U<>RF@D;FL@U<>LB@D]#00,W2-4s[BR@U<>RF@D;FL@U<>LB@D],W2-4s[BR@U<>RF@D;FL@U<>LB@D],24,4,12,2U2 F2 L2 2U 2D' L2 2U' 2D L2 2U2 L2 F2
rubiks-7,W2-4s[BR@U<>RF@D;FL@U<>LB@U],,W2-4s[BR@U<>RF@D;FL@U<>LB@U]#00,1720,0,1720,0,W2-4s[BR@U<>RF@D;FL@U<>LB@U]#00,W2-4s[BR@U<>RF@D;FL@U<>LB@U],W2-4s[BR@U<>RF@D;FL@U<>LB@U],4,2,17,2U2 R2 2D R2 2U' 2D2 R2 2U R2 2U' R2 2D2 R2 B2 2U' B2 2D'
rubiks-7,W2-4s[BR@U<>RF@U;FL@D<>FL@U],,W2-4s[BR@U<>RF@U;FL@D<>FL@U]#00,1820,0,1820,0,W2-4s[BR@U<>RF@U;FL@D<>FL@U]#00,W2-4s[BR@U<>RF@U;FL@D<>FL@U],W2-4s[BR@U<>RF@U;FL@D<>FL@U],4,2,16,2U L2 2D' L2 2D2 R2 2D' F2 2D F2 2D R2 2D2 F2 2U' F2
rubiks-7,W2-4s[BR@U<>RF@U;FL@D<>RF@D],,W2-4s[BR@U<>RF@U;FL@D<>RF@D]#00,1740,0,1740,0,W2-4s[BR@U<>RF@U;FL@D<>RF@D]#00,W2-4s[BR@U<>RF@U;FL@D<>RF@D],W2-4s[BR@U<>RF@U;FL@D<>RF@D],4,0,16,R' 2F R F2 R' 2F' R F2 R2 F' 2R F R2 F' 2R' F
rubiks-7,W2-4s[BR@U<>RF@U;FL@U<>LB@U],,W2-4s[BR@U<>RF@U;FL@U<>LB@U]#00,1800,0,1800,0,W2-4s[BR@U<>RF@U;FL@U<>LB@U]#00,W2-4s[BR@U<>RF@U;FL@U<>LB@U],W2-4s[BR@U<>RF@U;FL@U<>LB@U],4,0,18,L' 2B' L' B2 L 2B L' B2 L2 B 2L' B R2 B' 2L B R2 B2
rubiks-7,W2-4s[FL@D<>FL@U;LB@U<>RF@U],,W2-4s[FL@D<>FL@U;LB@U<>RF@U]#00,1820,0,1820,0,W2-4s[FL@D<>FL@U;LB@U<>RF@U]#00,W2-4s[FL@D<>FL@U;LB@U<>RF@U],W2-4s[FL@D<>FL@U;LB@U<>RF@U],4,2,13,2U L2 2U' L2 2U' F2 2D2 R2 2D' R2 2D' F2 2U
rubiks-7,W2-4s[FL@D<>FL@U;RF@D<>RF@U]~v01,,W2-4s[FL@D<>FL@U;RF@D<>RF@U]~v01#00,1840,0,1840,0,W2-4s[FL@D<>FL@U;RF@D<>RF@U]~v01#00,W2-4s[FL@D<>FL@U;RF@D<>RF@U],W2-4s[FL@D<>FL@U;RF@D<>RF@U]~v01,4,4,12,2D' L2 2U2 B2 2U' B2 2U' L2 2D2 F2 2D' F2
rubiks-7,W2-4s[FL@D<>FL@U;RF@D<>RF@U]~v02,,W2-4s[FL@D<>FL@U;RF@D<>RF@U]~v02#00,1840,0,1840,0,W2-4s[FL@D<>FL@U;RF@D<>RF@U]~v02#00,W2-4s[FL@D<>FL@U;RF@D<>RF@U],W2-4s[FL@D<>FL@U;RF@D<>RF@U]~v02,4,4,12,2D' L2 2U2 B2 2U' B2 2D L2 2U2 F2 2U F2
rubiks-7,W2-4s[FL@D<>FL@U;UB@L<>UB@R],,W2-4s[FL@D<>FL@U;UB@L<>UB@R]#00,1320,0,1320,0,W2-4s[FL@D<>FL@U;UB@L<>UB@R]#00,W2-4s[FL@D<>FL@U;UB@L<>UB@R],W2-4s[FL@D<>FL@U;UB@L<>UB@R],4,4,14,B 2D F2 2U2 R2 2U R2 2U F2 2D2 L2 2D L2 B'
rubiks-7,W2-4s[FL@D<>LB@U;FL@U<>RF@U],,W2-4s[FL@D<>LB@U;FL@U<>RF@U]#00,1820,0,1820,0,W2-4s[FL@D<>LB@U;FL@U<>RF@U]#00,W2-4s[FL@D<>LB@U;FL@U<>RF@U],W2-4s[FL@D<>LB@U;FL@U<>RF@U],24,2,13,2U2 B2 2D B2 2D' R2 2D2 R2 2D B2 2D' B2 2U2
rubiks-7,W2-4s[FL@D<>RF@D;FL@U<>RF@U],,W2-4s[FL@D<>RF@D;FL@U<>RF@U]#00,1840,0,1840,0,W2-4s[FL@D<>RF@D;FL@U<>RF@U]#00,W2-4s[FL@D<>RF@D;FL@U<>RF@U],W2-4s[FL@D<>RF@D;FL@U<>RF@U],44,0,14,R2 2U' R2 2D' R2 L2 2U' 2D L2 R2 2D' R2 2D' R2
rubiks-7,W2-4s[FL@D<>RF@U;FL@U<>RF@D]~v01,,W2-4s[FL@D<>RF@U;FL@U<>RF@D]~v01#00,1840,0,1840,0,W2-4s[FL@D<>RF@U;FL@U<>RF@D]~v01#00,W2-4s[FL@D<>RF@U;FL@U<>RF@D],W2-4s[FL@D<>RF@U;FL@U<>RF@D]~v01,24,4,7,2D2 L2 F2 2D2 F2 L2 2D2
rubiks-7,W2-4s[FL@D<>RF@U;FL@U<>RF@D]~v02,,W2-4s[FL@D<>RF@U;FL@U<>RF@D]~v02#00,1840,0,1840,0,W2-4s[FL@D<>RF@U;FL@U<>RF@D]~v02#00,W2-4s[FL@D<>RF@U;FL@U<>RF@D],W2-4s[FL@D<>RF@U;FL@U<>RF@D]~v02,24,4,7,2D2 R2 B2 2U2 B2 R2 2D2
rubiks-7,W2-4s[FL@D<>UB@L;FL@U<>UB@R]~v01,,W2-4s[FL@D<>UB@L;FL@U<>UB@R]~v01#00,1320,0,1320,0,W2-4s[FL@D<>UB@L;FL@U<>UB@R]~v01#00,W2-4s[FL@D<>UB@L;FL@U<>UB@R],W2-4s[FL@D<>UB@L;FL@U<>UB@R]~v01,4,0,18,2D' L2 F 2R' F' L2 F 2R F' L2 F' 2L2 F L2 F' 2L2 F 2D
rubiks-7,W2-4s[FL@D<>UB@L;FL@U<>UB@R]~v02,,W2-4s[FL@D<>UB@L;FL@U<>UB@R]~v02#00,1320,0,1320,0,W2-4s[FL@D<>UB@L;FL@U<>UB@R]~v02#00,W2-4s[FL@D<>UB@L;FL@U<>UB@R],W2-4s[FL@D<>UB@L;FL@U<>UB@R]~v02,24,0,17,U2 F 2R 2L' F' U2 F 2R' 2L F' 2L2 B2 U2 2L2 U2 B2 2L2
rubiks-7,W2-4s[FL@D<>UB@R;FL@U<>UB@L]~v01,,W2-4s[FL@D<>UB@R;FL@U<>UB@L]~v01#00,1320,0,1320,0,W2-4s[FL@D<>UB@R;FL@U<>UB@L]~v01#00,W2-4s[FL@D<>UB@R;FL@U<>UB@L],W2-4s[FL@D<>UB@R;FL@U<>UB@L]~v01,4,4,18,2D' L2 F' 2L2 F L2 F' 2L2 F L2 F 2R' F' L2 F 2R F' 2D
rubiks-7,W2-4s[FL@D<>UB@R;FL@U<>UB@L]~v02,,W2-4s[FL@D<>UB@R;FL@U<>UB@L]~v02#00,1320,0,1320,0,W2-4s[FL@D<>UB@R;FL@U<>UB@L]~v02#00,W2-4s[FL@D<>UB@R;FL@U<>UB@L],W2-4s[FL@D<>UB@R;FL@U<>UB@L]~v02,24,4,17,U2 F' 2L2 2R2 F U2 F' 2L2 2R2 F 2R2 B2 U2 2R2 U2 B2 2R2
rubiks-7,W2-4s[FL@D<>UF@L;FL@U<>UF@R],,W2-4s[FL@D<>UF@L;FL@U<>UF@R]#00,1320,0,1320,0,W2-4s[FL@D<>UF@L;FL@U<>UF@R]#00,W2-4s[FL@D<>UF@L;FL@U<>UF@R],W2-4s[FL@D<>UF@L;FL@U<>UF@R],24,4,17,F 2D2 2U2 F' L2 F 2D2 2U2 F' L2 2U2 F2 L2 2U2 L2 F2 2U2
rubiks-7,W2-4s[FL@D<>UF@R;FL@U<>UF@L],,W2-4s[FL@D<>UF@R;FL@U<>UF@L]#00,1320,0,1320,0,W2-4s[FL@D<>UF@R;FL@U<>UF@L]#00,W2-4s[FL@D<>UF@R;FL@U<>UF@L],W2-4s[FL@D<>UF@R;FL@U<>UF@L],16,0,17,F' 2U 2D' F L2 F' 2U' 2D F L2 2D2 F2 L2 2D2 L2 F2 2D2
rubiks-7,W2-4s[LB@D<>LB@U;RF@D<>RF@U]~v01,,W2-4s[LB@D<>LB@U;RF@D<>RF@U]~v01#00,1640,0,1640,0,W2-4s[LB@D<>LB@U;RF@D<>RF@U]~v01#00,W2-4s[LB@D<>LB@U;RF@D<>RF@U],W2-4s[LB@D<>LB@U;RF@D<>RF@U]~v01,4,4,14,B2 2D B2 2U2 L2 2U L2 2U B2 2D2 R2 2D R2 B2
rubiks-7,W2-4s[LB@D<>LB@U;RF@D<>RF@U]~v02,,W2-4s[LB@D<>LB@U;RF@D<>RF@U]~v02#00,1640,0,1640,0,W2-4s[LB@D<>LB@U;RF@D<>RF@U]~v02#00,W2-4s[LB@D<>LB@U;RF@D<>RF@U],W2-4s[LB@D<>LB@U;RF@D<>RF@U]~v02,4,4,14,R2 2U R2 2D2 F2 2D F2 2U' R2 2D2 B2 2D' B2 R2
rubiks-7,W2-4s[LB@D<>RF@D;LB@U<>RF@U],,W2-4s[LB@D<>RF@D;LB@U<>RF@U]#00,1640,0,1640,0,W2-4s[LB@D<>RF@D;LB@U<>RF@U]#00,W2-4s[LB@D<>RF@D;LB@U<>RF@U],W2-4s[LB@D<>RF@D;LB@U<>RF@U],24,0,9,B2 2D2 B2 R2 2D2 R2 B2 2D2 B2
rubiks-7,W2-4s[LB@D<>RF@U;LB@U<>RF@D],,W2-4s[LB@D<>RF@U;LB@U<>RF@D]#00,1640,0,1640,0,W2-4s[LB@D<>RF@U;LB@U<>RF@D]#00,W2-4s[LB@D<>RF@U;LB@U<>RF@D],W2-4s[LB@D<>RF@U;LB@U<>RF@D],44,4,12,2U R2 2D R2 L2 2U 2D' L2 R2 2D R2 2D
rubiks-7,W2-4s[RF@D<>RF@U;UF@L<>UF@R],,W2-4s[RF@D<>RF@U;UF@L<>UF@R]#00,1320,0,1320,0,W2-4s[RF@D<>RF@U;UF@L<>UF@R]#00,W2-4s[RF@D<>RF@U;UF@L<>UF@R],W2-4s[RF@D<>RF@U;UF@L<>UF@R],4,4,16,U L 2D R2 2U2 B2 2U B2 2U R2 2D2 F2 2D F2 L' U'
rubiks-7,W2-4s[RF@D<>UF@L;RF@U<>UF@R],,W2-4s[RF@D<>UF@L;RF@U<>UF@R]#00,1320,0,1320,0,W2-4s[RF@D<>UF@L;RF@U<>UF@R]#00,W2-4s[RF@D<>UF@L;RF@U<>UF@R],W2-4s[RF@D<>UF@L;RF@U<>UF@R],4,4,18,2U' R2 B' 2R2 B R2 B' 2R2 B R2 B 2L' B' R2 B 2L B' 2U
rubiks-7,W2-4s[RF@D<>UF@R;RF@U<>UF@L],,W2-4s[RF@D<>UF@R;RF@U<>UF@L]#00,1320,0,1320,0,W2-4s[RF@D<>UF@R;RF@U<>UF@L]#00,W2-4s[RF@D<>UF@R;RF@U<>UF@L],W2-4s[RF@D<>UF@R;RF@U<>UF@L],4,0,18,2U' R2 B 2L' B' R2 B 2L B' R2 B' 2R2 B R2 B' 2R2 B 2U
rubiks-7,W2-6[BR@D>FL@D>RF@D>BR@U>FL@U>RF@U],,W2-6[BR@D>FL@D>RF@D>BR@U>FL@U>RF@U]#00,2560,0,2560,0,W2-6[BR@D>FL@D>RF@D>BR@U>FL@U>RF@U]#00,W2-6[BR@D>FL@D>RF@D>BR@U>FL@U>RF@U],W2-6[BR@D>FL@D>RF@D>BR@U>FL@U>RF@U],16,2,18,2D2 R2 2D' F2 2D' F2 R2 2D' R2 2D R2 2D' F2 2D2 F2 R2 2D2 R2
rubiks-7,W2-6[BR@D>FL@D>RF@U>BR@U>FL@U>RF@D],,W2-6[BR@D>FL@D>RF@U>BR@U>FL@U>RF@D]#00,2560,0,2560,0,W2-6[BR@D>FL@D>RF@U>BR@U>FL@U>RF@D]#00,W2-6[BR@D>FL@D>RF@U>BR@U>FL@U>RF@D],W2-6[BR@D>FL@D>RF@U>BR@U>FL@U>RF@D],36,2,21,2D' 2U F2 2U' 2D F2 2D2 L2 2U R2 2D' R2 B2 2D' B2 2D B2 2U' B2 L2 2D2
rubiks-7,W2-6[BR@D>FL@U>RF@D>BR@U>FL@D>RF@U],,W2-6[BR@D>FL@U>RF@D>BR@U>FL@D>RF@U]#00,2560,0,2560,0,W2-6[BR@D>FL@U>RF@D>BR@U>FL@D>RF@U]#00,W2-6[BR@D>FL@U>RF@D>BR@U>FL@D>RF@U],W2-6[BR@D>FL@U>RF@D>BR@U>FL@D>RF@U],36,6,16,2D2 L2 2U R2 2D B2 2U' B2 R2 2D' F2 2U 2D2 F2 L2 2D2
rubiks-7,W2-6[BR@D>FL@U>RF@U>BR@U>FL@D>RF@D],,W2-6[BR@D>FL@U>RF@U>BR@U>FL@D>RF@D]#00,2560,0,2560,0,W2-6[BR@D>FL@U>RF@U>BR@U>FL@D>RF@D]#00,W2-6[BR@D>FL@U>RF@U>BR@U>FL@D>RF@D],W2-6[BR@D>FL@U>RF@U>BR@U>FL@D>RF@D],16,2,22,2U' R2 2U 2D' R2 B2 L2 2U' L2 B2 2U2 F2 2U' R2 2D B2 2U' B2 R2 2D' F2 2U'
rubiks-7,W2-6p[3x2][BR@D>FL@D>RF@D;BR@U>FL@U>RF@U],,W2-6p[3x2][BR@D>FL@D>RF@D;BR@U>FL@U>RF@U]#00,2560,0,2560,0,W2-6p[3x2][BR@D>FL@D>RF@D;BR@U>FL@U>RF@U]#00,W2-6p[3x2][BR@D>FL@D>RF@D;BR@U>FL@U>RF@U],W2-6p[3x2][BR@D>FL@D>RF@D;BR@U>FL@U>RF@U],6,0,11,R 2B' 2F R F2 R' 2B 2F' R F2 R2
rubiks-7,W2-6p[3x2][BR@D>FL@D>RF@U;BR@U>FL@U>RF@D],,W2-6p[3x2][BR@D>FL@D>RF@U;BR@U>FL@U>RF@D]#00,2560,0,2560,0,W2-6p[3x2][BR@D>FL@D>RF@U;BR@U>FL@U>RF@D]#00,W2-6p[3x2][BR@D>FL@D>RF@U;BR@U>FL@U>RF@D],W2-6p[3x2][BR@D>FL@D>RF@U;BR@U>FL@U>RF@D],26,4,6,2D' 2U F2 2D 2U' F2
rubiks-7,W2-6p[3x2][BR@D>FL@U>RF@D;BR@U>FL@D>RF@U],,W2-6p[3x2][BR@D>FL@U>RF@D;BR@U>FL@D>RF@U]#00,2560,0,2560,0,W2-6p[3x2][BR@D>FL@U>RF@D;BR@U>FL@D>RF@U]#00,W2-6p[3x2][BR@D>FL@U>RF@D;BR@U>FL@D>RF@U],W2-6p[3x2][BR@D>FL@U>RF@D;BR@U>FL@D>RF@U],26,4,10,F2 L 2D' 2U L' F2 L 2D 2U' L'
rubiks-7,W2-6p[3x2][BR@D>FL@U>RF@U;BR@U>FL@D>RF@D],,W2-6p[3x2][BR@D>FL@U>RF@U;BR@U>FL@D>RF@D]#00,2560,0,2560,0,W2-6p[3x2][BR@D>FL@U>RF@U;BR@U>FL@D>RF@D]#00,W2-6p[3x2][BR@D>FL@U>RF@U;BR@U>FL@D>RF@D],W2-6p[3x2][BR@D>FL@U>RF@U;BR@U>FL@D>RF@D],26,4,10,B 2D 2U' B' R2 B 2D' 2U B' R2
rubiks-7,W2-8p[2x2+4],,W2-8p[2x2+4]#00,3280,0,3280,0,W2-8p[2x2+4]#00,W2-8p[2x2+4],W2-8p[2x2+4],38,0,17,2U 2D' F2 B2 2U' 2D B2 2U F2 2U F2 2U F2 2U F2 2U F2
rubiks-7,W2-8p[4x2]~v01,,W2-8p[4x2]~v01#00,3280,0,3280,0,W2-8p[4x2]~v01#00,W2-8p[4x2],W2-8p[4x2]~v01,48,0,8,2U F2 B2 2U' 2D B2 F2 2U
rubiks-7,W2-8p[4x2]~v02,,W2-8p[4x2]~v02#00,3280,0,3280,0,W2-8p[4x2]~v02#00,W2-8p[4x2],W2-8p[4x2]~v02,8,0,13,2D F2 B2 2D' F2 B2 2D2 L2 R2 2U L2 R2 2D
rubiks-7,W2-8s,,W2-8s#00,3280,0,3280,0,W2-8s#00,W2-8s,W2-8s,48,0,8,2U 2D' F2 B2 2U' 2D B2 F2
